image_name,size,shape,hemo_dist,inclusion
EH5_Siemens012/jai_0000059_440_1054.png,NORM,NONE,TARG,NONE
EH5_Siemens012/jai_0001353_1286_1185.png,NORM,HELM,NONE,"BAST, HOJO"
EH5_Siemens012/jai_0001474_210_726.png,MICR,NONE,NONE,BAST
EH5_Siemens012/jai_0000182_530_1077.png,NORM,NONE,NONE,NRBC
CDB_Sample030/jai_0000017_642_109.png,NORM,NONE,NONE,HOJO
EH5_Siemens008/jai_0001350_1974_717.png,NORM,NONE,NONE,NONE
CDB_Sample030/jai_0000188_1049_796.png,MICR,OVAL,NONE,NONE
EH5_Siemens012/jai_0000951_513_920.png,NORM,NONE,NONE,"BAST, HOJO, RETI"
CDB_Sample125/jai_0000058_1457_1144.png,NORM,ECHI,NONE,NONE
EH5_Siemens008/jai_0001145_600_1310.png,NORM,NONE,NONE,NONE
CDB_Sample189/jai_0000160_454_722.png,NORM,NONE,TARG,NONE
EH5_Siemens008/jai_0000150_205_326.png,NORM,NONE,NONE,NONE
EH5_Siemens012/jai_0000951_513_920.png,NORM,NONE,NONE,"BAST, HOJO, RETI"
CDB_Sample125/jai_0000355_1545_485.png,NORM,NONE,NONE,MALA
EH5_Siemens037/jai_0000568_1513_350.png,NORM,NONE,NONE,HOJO
EH5_Siemens083/jai_0000185_1043_288.png,NORM,NONE,NONE,"BAST, RETI"
EH5_Siemens012/jai_0000174_360_339.png,NORM,BITE,NONE,NONE
CDB_Sample030/jai_0000277_965_1213.png,NORM,NONE,NONE,NONE
EH5_Siemens012/jai_0000951_513_920.png,NORM,NONE,NONE,"BAST, HOJO, RETI"
CDB_Sample156/jai_0000095_617_740.png,NORM,ACAN,NONE,NONE
EH5_Siemens083/jai_0000181_498_1440.png,NORM,NONE,HYPO,NONE
CDB_Sample189/jai_0000168_1713_1379.png,NORM,NONE,NONE,HOJO
CDB_Sample030/jai_0000101_1590_914.png,NORM,NONE,NONE,NONE
EH5_Siemens013/jai_0000417_1299_1304.png,NORM,NONE,STOM,NONE
CDB_Sample012/jai_0000148_1678_496.png,MICR,NONE,NONE,NONE
EH5_Siemens008/jai_0000449_537_138.png,NORM,NONE,NONE,NONE
EH5_Siemens012/jai_0000390_1773_1214.png,MICR,NONE,NONE,BAST
EH5_Siemens013/jai_0001193_1013_948.png,NORM,TEAR,NONE,NONE
EH5_Siemens012/jai_0000003_1086_469.png,NORM,NONE,TARG,NONE
CDB_Sample156/jai_0000309_1697_1239.png,NORM,NONE,NONE,NONE
EH5_Siemens012/jai_0000059_311_883.png,NORM,NONE,TARG,NONE
CDB_Sample189/jai_0000038_751_204.png,NORM,NONE,NONE,"HOJO, RETI"
CDB_Sample012/jai_0000111_139_871.png,MICR,NONE,NONE,NONE
CDB_Sample030/jai_0000272_1741_716.png,NORM,NONE,NONE,NONE
EH5_Siemens083/jai_0000184_849_299.png,NORM,NONE,HYPO,NONE
EH5_Siemens012/jai_0000139_553_664.png,NORM,NONE,HYPO,"BAST, RETI"
CDB_Sample189/jai_0000115_911_1217.png,NORM,NONE,NONE,HOJO
CDB_Sample189/jai_0000033_651_904.png,NORM,NONE,NONE,HOJO
EH5_Siemens012/jai_0001514_805_585.png,NORM,NONE,HYPO,NONE
CDB_Sample125/jai_0000004_417_735.png,NORM,NONE,NONE,RETI
EH5_Siemens029/jai_0000568_1195_1286.png,NORM,TEAR,NONE,NONE
EH5_Siemens012/jai_0000995_442_1239.png,MICR,NONE,NONE,BAST
CDB_Sample156/jai_0000097_1882_962.png,NORM,NONE,NONE,NONE
EH5_Siemens012/jai_0000264_1196_1287.png,NORM,NONE,NONE,"BAST, HOJO, RETI"
CDB_Sample030/jai_0000147_1782_1279.png,NORM,ECHI,NONE,NONE
EH5_Siemens012/jai_0000264_1196_1287.png,NORM,NONE,NONE,"BAST, HOJO, RETI"
EH5_Siemens008/jai_0000578_1265_173.png,NORM,BITE,NONE,NONE
EH5_Siemens013/jai_0000333_1584_784.png,NORM,TEAR,NONE,NONE
EH5_Siemens037/jai_0000657_1960_1413.png,NORM,NONE,HYPO,NONE
EH5_Siemens012/jai_0001268_93_73.png,MICR,NONE,NONE,BAST
EH5_Siemens012/jai_0000019_956_1247.png,NORM,NONE,NONE,"BAST, RETI"
EH5_Siemens037/jai_0000395_465_1229.png,NORM,NONE,NONE,HOJO
CDB_Sample189/jai_0000161_1556_854.png,NORM,NONE,NONE,PABO
CDB_Sample189/jai_0000340_1836_525.png,NORM,NONE,NONE,RETI
EH5_Siemens013/jai_0001114_480_122.png,NORM,NONE,NONE,NONE
CDB_Sample030/jai_0000099_1054_120.png,NORM,ECHI,NONE,NONE
EH5_Siemens012/jai_0001268_1072_216.png,MICR,OVAL,NONE,"HOJO, RETI"
EH5_Siemens013/jai_0000074_580_470.png,NORM,TEAR,NONE,NONE
EH5_Siemens012/jai_0000318_118_730.png,NORM,NONE,NONE,NRBC
CDB_Sample030/jai_0000188_1549_187.png,NORM,NONE,NONE,NONE
CDB_Sample156/jai_0000095_617_740.png,NORM,ACAN,NONE,NONE
EH5_Siemens029/jai_0000871_1484_892.png,NORM,NONE,NONE,NONE
EH5_Siemens012/jai_0001353_1286_1185.png,NORM,HELM,NONE,"BAST, HOJO"
EH5_Siemens012/jai_0001437_654_1314.png,NORM,OVAL,NONE,"BAST, HOJO"
EH5_Siemens013/jai_0000333_727_268.png,MICR,NONE,NONE,NONE
CDB_Sample189/jai_0000038_751_204.png,NORM,NONE,NONE,"HOJO, RETI"
EH5_Siemens003/jai_0000876_109_368.png,NORM,NONE,NONE,NONE
EH5_Siemens012/jai_0001268_1072_216.png,MICR,OVAL,NONE,"HOJO, RETI"
EH5_Siemens037/jai_0000400_1313_75.png,NORM,ECHI,NONE,NONE
EH5_Siemens012/jai_0001256_755_1091.png,NORM,NONE,NONE,BAST
EH5_Siemens029/jai_0000569_1271_466.png,NORM,NONE,HYPO,NONE
EH5_Siemens012/jai_0000003_1149_938.png,NORM,NONE,HYPO,NONE
EH5_Siemens012/jai_0000063_626_198.png,NORM,NONE,NONE,NONE
EH5_Siemens037/jai_0000527_260_53.png,NORM,OVAL,NONE,NONE
CDB_Sample189/jai_0000165_710_1330.png,MICR,NONE,NONE,PABO
CDB_Sample189/jai_0000165_710_1330.png,MICR,NONE,NONE,PABO
CDB_Sample030/jai_0000274_922_59.png,NORM,NONE,HYPR,NONE
EH5_Siemens008/jai_0000838_785_587.png,MICR,NONE,NONE,NONE
CDB_Sample125/jai_0000274_183_102.png,NORM,NONE,HYPO,NONE
CDB_Sample156/jai_0000395_235_368.png,NORM,ECHI,NONE,NONE
EH5_Siemens012/jai_0000995_442_1239.png,MICR,NONE,NONE,BAST
EH5_Siemens008/jai_0000449_882_333.png,NORM,NONE,NONE,HOJO
EH5_Siemens012/jai_0000951_513_920.png,NORM,NONE,NONE,"BAST, HOJO, RETI"
CDB_Sample125/jai_0000095_684_329.png,NORM,NONE,NONE,MALA
EH5_Siemens013/jai_0000119_80_1372.png,NORM,TEAR,NONE,NONE
EH5_Siemens037/jai_0000527_1574_169.png,NORM,ECHI,NONE,NONE
CDB_Sample012/jai_0000028_653_398.png,MICR,NONE,NONE,NONE
CDB_Sample030/jai_0000020_793_313.png,NORM,ELLI,NONE,NONE
EH5_Siemens083/jai_0001387_702_257.png,NORM,OVAL,HYPO,NONE
EH5_Siemens083/jai_0000101_924_102.png,NORM,NONE,NONE,NONE
CDB_Sample189/jai_0000164_1328_1423.png,NORM,NONE,NONE,RETI
CDB_Sample030/jai_0000017_642_109.png,NORM,NONE,NONE,HOJO
CDB_Sample030/jai_0000273_1496_65.png,NORM,NONE,NONE,RETI
EH5_Siemens083/jai_0000142_1451_1439.png,NORM,OVAL,HYPO,NONE
CDB_Sample156/jai_0000265_1408_637.png,NORM,ECHI,NONE,NONE
EH5_Siemens008/jai_0000578_1265_173.png,NORM,BITE,NONE,NONE
EH5_Siemens003/jai_0000976_1393_893.png,NORM,NONE,NONE,NONE
EH5_Siemens008/jai_0000241_945_1417.png,NORM,NONE,NONE,NONE
CDB_Sample012/jai_0000028_892_926.png,MICR,NONE,NONE,NONE
EH5_Siemens008/jai_0001610_92_564.png,NORM,BITE,NONE,NONE
CDB_Sample189/jai_0000122_1859_296.png,NORM,NONE,NONE,HOJO
EH5_Siemens083/jai_0000184_1521_1008.png,MICR,SCHI,NONE,NONE
EH5_Siemens029/jai_0000692_1505_593.png,NORM,NONE,NONE,BAST
EH5_Siemens013/jai_0000119_80_1018.png,NORM,TEAR,NONE,NONE
CDB_Sample189/jai_0000334_472_416.png,NORM,NONE,HYPO,PABO
CDB_Sample030/jai_0000277_1202_330.png,NORM,TEAR,NONE,NONE
EH5_Siemens012/jai_0000044_69_126.png,NORM,NONE,NONE,NRBC
EH5_Siemens045/jai_0000095_1972_1162.png,MICR,SCHI,NONE,NONE
EH5_Siemens012/jai_0000139_1429_1079.png,NORM,NONE,HYPO,NONE
EH5_Siemens012/jai_0000836_207_898.png,NORM,NONE,NONE,NRBC
CDB_Sample125/jai_0000356_1279_671.png,NORM,NONE,NONE,MALA
CDB_Sample189/jai_0000293_368_1339.png,NORM,SICK,NONE,NONE
CDB_Sample012/jai_0000156_1166_343.png,NORM,NONE,NONE,NONE
CDB_Sample156/jai_0000606_603_121.png,NORM,ECHI,NONE,NONE
EH5_Siemens013/jai_0000327_498_888.png,NORM,NONE,NONE,NONE
EH5_Siemens083/jai_0000142_1605_241.png,MACR,NONE,NONE,BAST
EH5_Siemens012/jai_0000995_442_1239.png,MICR,NONE,NONE,BAST
EH5_Siemens013/jai_0000847_953_58.png,NORM,TEAR,NONE,NONE
EH5_Siemens083/jai_0001430_905_528.png,NORM,NONE,NONE,NONE
EH5_Siemens003/jai_0000980_1335_720.png,NORM,NONE,NONE,NONE
EH5_Siemens012/jai_0000057_1381_798.png,NORM,NONE,TARG,NONE
EH5_Siemens083/jai_0000181_631_1060.png,MICR,NONE,NONE,NONE
CDB_Sample156/jai_0000051_1165_195.png,NORM,ECHI,NONE,NONE
CDB_Sample012/jai_0000199_1173_1037.png,MICR,NONE,NONE,NONE
EH5_Siemens013/jai_0000119_1054_461.png,NORM,NONE,NONE,NONE
EH5_Siemens012/jai_0001268_1072_216.png,MICR,OVAL,NONE,"HOJO, RETI"
CDB_Sample125/jai_0000059_1154_945.png,NORM,ECHI,NONE,MALA
EH5_Siemens012/jai_0000834_965_1452.png,NORM,ELLI,NONE,NONE
CDB_Sample030/jai_0000147_1211_260.png,NORM,OVAL,HYPO,NONE
EH5_Siemens012/jai_0000192_252_83.png,NORM,NONE,NONE,NONE
CDB_Sample156/jai_0000050_771_202.png,NORM,ACAN,NONE,NONE
EH5_Siemens045/jai_0000184_1650_237.png,NORM,BITE,NONE,NONE
EH5_Siemens013/jai_0001064_449_1008.png,NORM,NONE,NONE,NONE
EH5_Siemens037/jai_0000483_84_1306.png,NORM,NONE,HYPO,NONE
CDB_Sample189/jai_0000164_1551_180.png,NORM,NONE,NONE,NONE
EH5_Siemens037/jai_0000142_289_547.png,NORM,ACAN,NONE,NONE
EH5_Siemens012/jai_0000192_1260_1128.png,NORM,NONE,HYPO,NONE
EH5_Siemens014/jai_0000194_1679_1219.png,NORM,HELM,NONE,NONE
EH5_Siemens012/jai_0000836_207_898.png,NORM,NONE,NONE,NRBC
EH5_Siemens013/jai_0001067_1642_1066.png,NORM,NONE,NONE,RETI
EH5_Siemens029/jai_0000655_1443_815.png,NORM,HELM,NONE,NONE
CDB_Sample030/jai_0000184_1570_832.png,MICR,NONE,NONE,NONE
CDB_Sample125/jai_0000317_1874_538.png,NORM,NONE,NONE,NONE
CDB_Sample189/jai_0000247_608_771.png,NORM,NONE,NONE,HOJO
EH5_Siemens083/jai_0000142_1068_1181.png,NORM,NONE,HYPO,NONE
EH5_Siemens083/jai_0000101_1660_194.png,NORM,NONE,HYPR,NONE
EH5_Siemens045/jai_0000134_1066_793.png,MICR,SCHI,NONE,NONE
EH5_Siemens037/jai_0000611_995_519.png,NORM,NONE,NONE,NONE
EH5_Siemens008/jai_0000024_853_491.png,NORM,NONE,NONE,NONE
EH5_Siemens012/jai_0000130_1819_748.png,NORM,NONE,NONE,"BAST, RETI"
EH5_Siemens083/jai_0000015_706_940.png,NORM,NONE,HYPO,NONE
CDB_Sample030/jai_0000142_1614_741.png,NORM,OVAL,HYPO,NONE
CDB_Sample156/jai_0000651_500_637.png,NORM,ECHI,NONE,NONE
EH5_Siemens083/jai_0000181_1795_1012.png,NORM,OVAL,NONE,"BAST, RETI"
EH5_Siemens029/jai_0000439_1563_171.png,NORM,NONE,NONE,NONE
EH5_Siemens013/jai_0001060_1349_1322.png,NORM,NONE,HYPR,NONE
CDB_Sample189/jai_0000246_1209_1426.png,NORM,SICK,NONE,NONE
EH5_Siemens012/jai_0000057_1569_1060.png,NORM,NONE,NONE,NRBC
EH5_Siemens013/jai_0000803_1272_362.png,MICR,NONE,NONE,NONE
EH5_Siemens012/jai_0001437_654_1314.png,NORM,OVAL,NONE,"BAST, HOJO"
CDB_Sample012/jai_0000069_493_905.png,MACR,NONE,NONE,NONE
CDB_Sample189/jai_0000160_632_544.png,NORM,NONE,STOM,NONE
EH5_Siemens008/jai_0000362_405_1284.png,NORM,NONE,NONE,NONE
CDB_Sample030/jai_0000231_376_480.png,NORM,OVAL,NONE,NONE
EH5_Siemens008/jai_0000616_1127_359.png,NORM,NONE,NONE,NONE
CDB_Sample156/jai_0000606_887_1391.png,NORM,ECHI,NONE,NONE
EH5_Siemens003/jai_0000278_1621_956.png,NORM,NONE,NONE,NONE
CDB_Sample012/jai_0000116_1030_965.png,NORM,NONE,NONE,NONE
CDB_Sample189/jai_0000115_1328_266.png,NORM,SICK,NONE,NONE
CDB_Sample125/jai_0000352_1329_394.png,NORM,NONE,NONE,NONE
EH5_Siemens083/jai_0000267_551_426.png,MICR,NONE,NONE,NONE
EH5_Siemens037/jai_0000483_1462_652.png,NORM,NONE,HYPR,NONE
EH5_Siemens083/jai_0000179_562_748.png,MICR,NONE,NONE,NONE
EH5_Siemens013/jai_0000158_551_598.png,NORM,NONE,NONE,NONE
EH5_Siemens012/jai_0001268_1072_216.png,MICR,OVAL,NONE,"HOJO, RETI"
EH5_Siemens083/jai_0000014_1765_896.png,NORM,NONE,HYPO,NONE
CDB_Sample189/jai_0000377_482_81.png,NORM,NONE,NONE,HOJO
CDB_Sample030/jai_0000146_1840_1214.png,MICR,NONE,NONE,NONE
EH5_Siemens008/jai_0000188_820_269.png,NORM,NONE,TARG,NONE
CDB_Sample189/jai_0000038_751_204.png,NORM,NONE,NONE,"HOJO, RETI"
EH5_Siemens012/jai_0000057_1569_1060.png,NORM,NONE,NONE,NRBC
CDB_Sample125/jai_0000356_1267_601.png,NORM,NONE,NONE,MALA
EH5_Siemens012/jai_0000264_507_622.png,NORM,NONE,NONE,"BAST, RETI"
CDB_Sample189/jai_0000160_798_498.png,NORM,NONE,STOM,NONE
CDB_Sample156/jai_0000266_1434_1440.png,NORM,NONE,NONE,NONE
CDB_Sample012/jai_0000062_1376_1023.png,NORM,ACAN,NONE,NONE
CDB_Sample189/jai_0000035_1175_773.png,NORM,NONE,NONE,PABO
EH5_Siemens013/jai_0000889_1271_660.png,NORM,TEAR,NONE,NONE
EH5_Siemens012/jai_0000264_1196_1287.png,NORM,NONE,NONE,"BAST, HOJO, RETI"
CDB_Sample012/jai_0000153_1446_1174.png,NORM,NONE,HYPO,NONE
EH5_Siemens008/jai_0000277_341_201.png,NORM,NONE,NONE,NONE
CDB_Sample030/jai_0000148_767_587.png,NORM,ELLI,NONE,NONE
EH5_Siemens029/jai_0000439_963_753.png,MICR,SPHE,NONE,NONE
EH5_Siemens012/jai_0001353_1286_1185.png,NORM,HELM,NONE,"BAST, HOJO"
CDB_Sample189/jai_0000035_1175_773.png,NORM,NONE,NONE,PABO
EH5_Siemens083/jai_0000401_942_148.png,NORM,NONE,HYPO,NONE
EH5_Siemens013/jai_0000074_140_638.png,NORM,TEAR,NONE,NONE
EH5_Siemens003/jai_0000980_1129_577.png,NORM,NONE,HYPO,NONE
EH5_Siemens012/jai_0000187_971_44.png,MACR,NONE,TARG,NONE
CDB_Sample012/jai_0000065_129_800.png,NORM,NONE,HYPR,NONE
CDB_Sample012/jai_0000195_1920_193.png,MICR,NONE,NONE,NONE
EH5_Siemens045/jai_0000008_1648_1273.png,MICR,SCHI,NONE,NONE
EH5_Siemens012/jai_0000179_277_1314.png,NORM,NONE,TARG,NONE
CDB_Sample030/jai_0000141_650_115.png,NORM,ELLI,NONE,NONE
EH5_Siemens012/jai_0000264_1196_1287.png,NORM,NONE,NONE,"BAST, HOJO, RETI"
EH5_Siemens037/jai_0000481_1606_70.png,NORM,NONE,HYPR,NONE
EH5_Siemens013/jai_0001155_1328_1277.png,NORM,TEAR,NONE,NONE
EH5_Siemens037/jai_0000611_604_514.png,NORM,ECHI,NONE,NONE
EH5_Siemens003/jai_0000224_429_331.png,NORM,NONE,NONE,HOJO
CDB_Sample189/jai_0000035_768_180.png,NORM,NONE,NONE,NONE
CDB_Sample189/jai_0000115_101_745.png,NORM,NONE,NONE,NONE
EH5_Siemens012/jai_0000182_242_438.png,NORM,NONE,NONE,NONE
EH5_Siemens012/jai_0001437_654_1314.png,NORM,OVAL,NONE,"BAST, HOJO"
EH5_Siemens008/jai_0000287_1879_957.png,MICR,NONE,NONE,NONE
EH5_Siemens008/jai_0000622_1530_243.png,NORM,ECHI,NONE,NONE
EH5_Siemens012/jai_0000139_1436_643.png,NORM,NONE,NONE,"BAST, RETI"
EH5_Siemens083/jai_0000182_201_625.png,NORM,NONE,NONE,"BAST, RETI"
CDB_Sample125/jai_0000274_594_766.png,NORM,NONE,NONE,MALA
EH5_Siemens012/jai_0000277_190_1025.png,NORM,NONE,TARG,NONE
EH5_Siemens012/jai_0001353_1286_1185.png,NORM,HELM,NONE,"BAST, HOJO"
EH5_Siemens012/jai_0000174_938_1403.png,NORM,NONE,NONE,NRBC
EH5_Siemens012/jai_0000139_1663_1065.png,NORM,OVAL,HYPO,NONE
CDB_Sample156/jai_0000097_1692_1283.png,NORM,ACAN,NONE,NONE
EH5_Siemens029/jai_0000184_1597_405.png,NORM,NONE,NONE,NONE
CDB_Sample012/jai_0000114_874_1445.png,NORM,NONE,NONE,NONE
CDB_Sample125/jai_0000356_1678_1408.png,MICR,SPHE,NONE,NONE
CDB_Sample156/jai_0000266_724_237.png,NORM,ECHI,NONE,NONE
EH5_Siemens008/jai_0001437_1110_227.png,NORM,BITE,NONE,NONE
CDB_Sample189/jai_0000291_688_1429.png,NORM,SICK,NONE,NONE
EH5_Siemens012/jai_0000059_1789_295.png,NORM,NONE,NONE,NRBC
CDB_Sample189/jai_0000289_1876_694.png,NORM,NONE,HYPO,NONE
CDB_Sample012/jai_0000111_262_1345.png,NORM,NONE,NONE,NONE
EH5_Siemens012/jai_0000019_1821_756.png,NORM,NONE,HYPO,NONE
EH5_Siemens029/jai_0000310_106_960.png,MICR,NONE,NONE,NONE
CDB_Sample156/jai_0000137_1965_1300.png,NORM,NONE,NONE,NONE
CDB_Sample189/jai_0000164_1693_291.png,NORM,NONE,NONE,NONE
CDB_Sample030/jai_0000055_793_909.png,NORM,NONE,HYPR,NONE
CDB_Sample030/jai_0000057_1606_506.png,MICR,SPHE,NONE,NONE
EH5_Siemens013/jai_0001193_763_742.png,NORM,TEAR,NONE,NONE
CDB_Sample125/jai_0000094_227_554.png,NORM,NONE,NONE,MALA
CDB_Sample156/jai_0000180_1477_630.png,NORM,ECHI,NONE,NONE
EH5_Siemens012/jai_0000139_531_1131.png,NORM,NONE,TARG,NONE
EH5_Siemens012/jai_0000174_1713_420.png,NORM,NONE,TARG,NONE
CDB_Sample189/jai_0000161_1480_272.png,NORM,NONE,NONE,HOJO
CDB_Sample125/jai_0000353_1537_1248.png,NORM,NONE,NONE,NONE
EH5_Siemens041/jai_0000188_1681_418.png,NORM,BITE,NONE,NONE
EH5_Siemens012/jai_0000147_1465_902.png,NORM,NONE,TARG,NONE
CDB_Sample125/jai_0000180_1857_199.png,NORM,NONE,NONE,NONE
CDB_Sample012/jai_0000116_288_977.png,NORM,NONE,NONE,NONE
CDB_Sample030/jai_0000275_321_726.png,NORM,NONE,NONE,NONE
EH5_Siemens013/jai_0000417_845_565.png,NORM,NONE,NONE,NONE
CDB_Sample125/jai_0000053_619_1361.png,NORM,NONE,NONE,BAST
CDB_Sample156/jai_0000180_738_1229.png,NORM,ACAN,NONE,NONE
EH5_Siemens037/jai_0000142_1044_258.png,NORM,NONE,NONE,HOJO
CDB_Sample030/jai_0000062_913_83.png,NORM,NONE,HYPO,NONE
CDB_Sample189/jai_0000117_1722_874.png,NORM,SICK,NONE,NONE
CDB_Sample030/jai_0000011_908_1081.png,NORM,OVAL,NONE,NONE
EH5_Siemens008/jai_0000150_1232_1067.png,NORM,NONE,NONE,NONE
CDB_Sample189/jai_0000033_1651_1223.png,NORM,NONE,NONE,HOJO
CDB_Sample189/jai_0000038_751_204.png,NORM,NONE,NONE,"HOJO, RETI"
EH5_Siemens083/jai_0000185_1043_288.png,NORM,NONE,NONE,"BAST, RETI"
EH5_Siemens013/jai_0000071_1730_78.png,NORM,NONE,NONE,NONE
EH5_Siemens012/jai_0001006_631_444.png,NORM,NONE,TARG,BAST
CDB_Sample189/jai_0000161_909_675.png,NORM,SICK,NONE,NONE
EH5_Siemens013/jai_0000413_860_225.png,NORM,NONE,NONE,NONE
CDB_Sample125/jai_0000183_1258_1388.png,NORM,NONE,NONE,MALA
EH5_Siemens029/jai_0000525_235_109.png,NORM,TEAR,NONE,NONE
CDB_Sample012/jai_0000027_1430_1200.png,MICR,NONE,NONE,NONE
EH5_Siemens012/jai_0000303_64_613.png,NORM,NONE,NONE,NRBC
EH5_Siemens008/jai_0001350_1150_1351.png,MICR,NONE,NONE,NONE
CDB_Sample189/jai_0000337_1873_779.png,NORM,NONE,NONE,PABO
CDB_Sample189/jai_0000337_1873_779.png,NORM,NONE,NONE,PABO
EH5_Siemens083/jai_0000401_1316_172.png,NORM,NONE,HYPO,NONE
EH5_Siemens012/jai_0001353_1286_1185.png,NORM,HELM,NONE,"BAST, HOJO"
EH5_Siemens013/jai_0001155_1724_1229.png,MICR,NONE,NONE,NONE
EH5_Siemens012/jai_0001437_654_1314.png,NORM,OVAL,NONE,"BAST, HOJO"
EH5_Siemens029/jai_0000396_1326_945.png,NORM,NONE,NONE,NONE
EH5_Siemens083/jai_0000184_804_80.png,NORM,NONE,HYPO,NONE
CDB_Sample189/jai_0000117_497_104.png,NORM,NONE,NONE,PABO
EH5_Siemens029/jai_0000048_1796_631.png,NORM,NONE,NONE,NONE
EH5_Siemens029/jai_0000873_1675_247.png,NORM,TEAR,NONE,NONE
EH5_Siemens012/jai_0000264_1196_1287.png,NORM,NONE,NONE,"BAST, HOJO, RETI"
CDB_Sample156/jai_0000650_166_1183.png,NORM,NONE,NONE,MALA
EH5_Siemens012/jai_0000044_69_126.png,NORM,NONE,NONE,NRBC
CDB_Sample189/jai_0000038_751_204.png,NORM,NONE,NONE,"HOJO, RETI"
EH5_Siemens012/jai_0000187_476_1205.png,NORM,NONE,TARG,NONE
EH5_Siemens083/jai_0001428_708_706.png,NORM,OVAL,NONE,NONE
EH5_Siemens029/jai_0000525_442_751.png,NORM,NONE,NONE,NONE
EH5_Siemens012/jai_0000046_321_800.png,NORM,NONE,NONE,NRBC
CDB_Sample156/jai_0000181_722_962.png,NORM,ACAN,NONE,NONE
EH5_Siemens003/jai_0000278_1599_1417.png,NORM,NONE,NONE,NONE
EH5_Siemens029/jai_0000353_324_455.png,NORM,TEAR,NONE,NONE
CDB_Sample030/jai_0000232_773_1403.png,NORM,ACAN,NONE,NONE
EH5_Siemens037/jai_0000657_577_68.png,NORM,ECHI,NONE,NONE
EH5_Siemens012/jai_0000136_1796_33.png,NORM,NONE,TARG,NONE
EH5_Siemens039/jai_0000351_1582_494.png,NORM,HELM,NONE,NONE
CDB_Sample012/jai_0000032_1660_869.png,NORM,NONE,STOM,NONE
EH5_Siemens012/jai_0000003_660_213.png,NORM,NONE,NONE,"BAST, RETI"
CDB_Sample012/jai_0000196_609_942.png,MICR,NONE,NONE,NONE
EH5_Siemens003/jai_0000278_123_897.png,NORM,NONE,NONE,NONE
CDB_Sample189/jai_0000038_1863_102.png,NORM,NONE,NONE,HOJO
CDB_Sample189/jai_0000249_591_946.png,NORM,NONE,NONE,RETI
CDB_Sample125/jai_0000059_1382_1103.png,NORM,ECHI,NONE,NONE
EH5_Siemens012/jai_0000264_1196_1287.png,NORM,NONE,NONE,"BAST, HOJO, RETI"
EH5_Siemens003/jai_0000663_317_875.png,NORM,NONE,NONE,NONE
EH5_Siemens012/jai_0000264_1196_1287.png,NORM,NONE,NONE,"BAST, HOJO, RETI"
EH5_Siemens045/jai_0000007_1314_536.png,MICR,SCHI,NONE,NONE
EH5_Siemens008/jai_0000277_398_509.png,NORM,NONE,NONE,NONE
CDB_Sample030/jai_0000277_279_1438.png,MICR,NONE,NONE,NONE
EH5_Siemens013/jai_0000803_1328_874.png,MICR,NONE,NONE,NONE
CDB_Sample156/jai_0000137_1455_968.png,NORM,ECHI,NONE,NONE
CDB_Sample189/jai_0000123_1918_253.png,NORM,NONE,NONE,PABO
CDB_Sample189/jai_0000034_1060_726.png,NORM,NONE,NONE,HOJO
CDB_Sample189/jai_0000247_788_269.png,NORM,NONE,NONE,PABO
EH5_Siemens012/jai_0000003_660_213.png,NORM,NONE,NONE,"BAST, RETI"
EH5_Siemens083/jai_0000184_1846_1032.png,MACR,NONE,HYPO,NONE
CDB_Sample125/jai_0000052_1431_152.png,NORM,NONE,NONE,MALA
CDB_Sample156/jai_0000265_72_931.png,NORM,NONE,NONE,NONE
EH5_Siemens012/jai_0000063_1143_371.png,NORM,NONE,HYPO,NONE
EH5_Siemens012/jai_0000057_1569_1060.png,NORM,NONE,NONE,NRBC
CDB_Sample189/jai_0000378_1193_1080.png,NORM,NONE,NONE,PABO
EH5_Siemens012/jai_0000264_1196_1287.png,NORM,NONE,NONE,"BAST, HOJO, RETI"
CDB_Sample012/jai_0000028_1481_364.png,MICR,NONE,NONE,NONE
CDB_Sample012/jai_0000149_988_614.png,NORM,NONE,NONE,NONE
EH5_Siemens012/jai_0000059_1601_296.png,NORM,NONE,HYPO,NONE
EH5_Siemens008/jai_0000277_131_857.png,NORM,NONE,NONE,NONE
EH5_Siemens008/jai_0000583_922_861.png,NORM,NONE,NONE,NONE
CDB_Sample012/jai_0000023_286_506.png,NORM,NONE,NONE,NONE
CDB_Sample189/jai_0000117_1274_888.png,NORM,NONE,NONE,RETI
CDB_Sample189/jai_0000123_250_296.png,NORM,NONE,STOM,NONE
CDB_Sample189/jai_0000117_1722_874.png,NORM,SICK,NONE,NONE
EH5_Siemens012/jai_0001437_654_1314.png,NORM,OVAL,NONE,"BAST, HOJO"
CDB_Sample189/jai_0000374_760_1038.png,NORM,ELLI,NONE,NONE
EH5_Siemens029/jai_0000479_521_1068.png,NORM,NONE,TARG,NONE
EH5_Siemens012/jai_0001353_1286_1185.png,NORM,HELM,NONE,"BAST, HOJO"
EH5_Siemens029/jai_0000133_1012_1399.png,NORM,NONE,NONE,NONE
EH5_Siemens008/jai_0001222_1052_984.png,NORM,NONE,NONE,NONE
EH5_Siemens003/jai_0000872_216_1451.png,NORM,NONE,NONE,NONE
EH5_Siemens012/jai_0000182_1901_1098.png,MACR,NONE,HYPO,"BAST, RETI"
CDB_Sample189/jai_0000246_1501_492.png,NORM,NONE,NONE,PABO
CDB_Sample189/jai_0000161_1556_854.png,NORM,NONE,NONE,PABO
EH5_Siemens029/jai_0000048_146_326.png,NORM,NONE,NONE,NONE
EH5_Siemens037/jai_0000482_761_1053.png,MACR,NONE,HYPR,NONE
CDB_Sample189/jai_0000374_277_861.png,NORM,NONE,NONE,NONE
CDB_Sample030/jai_0000148_921_1413.png,NORM,NONE,NONE,NONE
CDB_Sample125/jai_0000263_158_870.png,NORM,NONE,NONE,NONE
EH5_Siemens029/jai_0000184_1819_1298.png,NORM,NONE,HYPO,NONE
CDB_Sample030/jai_0000229_1191_317.png,NORM,NONE,NONE,NONE
CDB_Sample189/jai_0000288_246_375.png,NORM,NONE,NONE,PABO
EH5_Siemens012/jai_0001353_1286_1185.png,NORM,HELM,NONE,"BAST, HOJO"
CDB_Sample156/jai_0000565_1260_1245.png,NORM,ECHI,NONE,NONE
EH5_Siemens013/jai_0000588_1665_1106.png,NORM,NONE,NONE,NONE
EH5_Siemens008/jai_0000188_657_395.png,NORM,NONE,NONE,NONE
EH5_Siemens012/jai_0000003_1183_257.png,NORM,OVAL,NONE,NONE
EH5_Siemens012/jai_0000264_507_622.png,NORM,NONE,NONE,"BAST, RETI"
EH5_Siemens003/jai_0000051_1179_1119.png,NORM,NONE,NONE,HOJO
CDB_Sample030/jai_0000144_1568_115.png,MICR,SPHE,NONE,NONE
CDB_Sample189/jai_0000120_973_784.png,NORM,NONE,NONE,HOJO
EH5_Siemens012/jai_0000179_921_876.png,NORM,NONE,NONE,NRBC
EH5_Siemens029/jai_0000873_331_546.png,NORM,NONE,NONE,RETI
EH5_Siemens029/jai_0000353_424_198.png,NORM,OVAL,NONE,NONE
CDB_Sample030/jai_0000145_1575_309.png,NORM,NONE,NONE,NONE
CDB_Sample189/jai_0000118_945_613.png,NORM,NONE,NONE,NONE
CDB_Sample189/jai_0000117_497_104.png,NORM,NONE,NONE,PABO
EH5_Siemens012/jai_0000046_668_938.png,MICR,NONE,HYPO,NONE
EH5_Siemens029/jai_0000353_491_329.png,NORM,NONE,NONE,NONE
EH5_Siemens012/jai_0000059_1789_295.png,NORM,NONE,NONE,NRBC
EH5_Siemens029/jai_0000048_508_347.png,NORM,NONE,NONE,NONE
CDB_Sample030/jai_0000013_260_708.png,NORM,HELM,NONE,NONE
EH5_Siemens012/jai_0000951_513_920.png,NORM,NONE,NONE,"BAST, HOJO, RETI"
CDB_Sample189/jai_0000376_841_107.png,NORM,NONE,NONE,HOJO
EH5_Siemens012/jai_0001514_830_856.png,NORM,NONE,HYPR,"BAST, RETI"
EH5_Siemens012/jai_0000057_1145_897.png,NORM,NONE,HYPO,NONE
CDB_Sample030/jai_0000062_1206_592.png,MICR,NONE,NONE,NONE
CDB_Sample125/jai_0000268_1639_195.png,NORM,NONE,NONE,MALA
EH5_Siemens083/jai_0000064_1960_1047.png,NORM,ECHI,NONE,NONE
CDB_Sample189/jai_0000038_751_204.png,NORM,NONE,NONE,"HOJO, RETI"
CDB_Sample012/jai_0000023_663_622.png,NORM,NONE,NONE,NONE
CDB_Sample156/jai_0000181_1226_477.png,NORM,ACAN,NONE,NONE
CDB_Sample030/jai_0000142_904_72.png,MICR,SPHE,NONE,NONE
EH5_Siemens012/jai_0000019_1255_100.png,NORM,NONE,NONE,"BAST, RETI"
CDB_Sample125/jai_0000271_1415_703.png,NORM,NONE,NONE,MALA
CDB_Sample125/jai_0000273_248_1274.png,NORM,ECHI,NONE,RETI
EH5_Siemens008/jai_0000146_631_1445.png,NORM,NONE,TARG,NONE
CDB_Sample189/jai_0000372_1676_1021.png,NORM,NONE,NONE,HOJO
CDB_Sample189/jai_0000038_751_204.png,NORM,NONE,NONE,"HOJO, RETI"
EH5_Siemens013/jai_0000072_318_159.png,MICR,SPHE,NONE,NONE
CDB_Sample156/jai_0000309_131_559.png,NORM,ECHI,NONE,NONE
EH5_Siemens013/jai_0000119_894_425.png,NORM,NONE,NONE,RETI
EH5_Siemens083/jai_0000013_1934_171.png,MICR,NONE,NONE,NONE
EH5_Siemens012/jai_0000174_221_182.png,MICR,NONE,NONE,"BAST, RETI"
CDB_Sample189/jai_0000165_547_873.png,NORM,NONE,NONE,PABO
CDB_Sample030/jai_0000013_550_1057.png,MICR,NONE,NONE,NONE
EH5_Siemens012/jai_0000130_787_699.png,NORM,NONE,HYPO,HOJO
EH5_Siemens012/jai_0000179_1317_904.png,NORM,NONE,TARG,NONE
CDB_Sample030/jai_0000231_692_567.png,NORM,NONE,NONE,NONE
EH5_Siemens008/jai_0000287_1248_470.png,NORM,NONE,NONE,NONE
EH5_Siemens012/jai_0000358_454_691.png,NORM,NONE,NONE,BAST
EH5_Siemens037/jai_0000092_1100_1070.png,MACR,NONE,NONE,NONE
EH5_Siemens012/jai_0001268_1072_216.png,MICR,OVAL,NONE,"HOJO, RETI"
EH5_Siemens012/jai_0000303_355_599.png,NORM,NONE,TARG,NONE
CDB_Sample189/jai_0000033_823_600.png,NORM,SICK,NONE,NONE
CDB_Sample189/jai_0000247_788_269.png,NORM,NONE,NONE,PABO
CDB_Sample125/jai_0000010_1215_1318.png,NORM,NONE,NONE,MALA
EH5_Siemens012/jai_0001514_943_1405.png,NORM,NONE,TARG,NONE
EH5_Siemens012/jai_0001437_654_1314.png,NORM,OVAL,NONE,"BAST, HOJO"
EH5_Siemens003/jai_0000051_1179_1119.png,NORM,NONE,NONE,HOJO
EH5_Siemens003/jai_0001394_1683_1234.png,NORM,NONE,NONE,NONE
EH5_Siemens008/jai_0000621_230_1352.png,NORM,NONE,NONE,NONE
CDB_Sample012/jai_0000031_871_458.png,NORM,NONE,NONE,NONE
EH5_Siemens083/jai_0000064_1782_1329.png,MICR,NONE,NONE,NONE
CDB_Sample030/jai_0000227_1686_1264.png,NORM,NONE,NONE,NONE
EH5_Siemens029/jai_0000692_741_404.png,MICR,NONE,NONE,NONE
EH5_Siemens013/jai_0000544_58_1019.png,NORM,NONE,NONE,NONE
EH5_Siemens012/jai_0000019_704_767.png,NORM,NONE,NONE,NONE
CDB_Sample125/jai_0000271_621_309.png,NORM,NONE,NONE,MALA
EH5_Siemens012/jai_0000187_1943_1429.png,NORM,OVAL,NONE,BAST
EH5_Siemens012/jai_0001437_654_1314.png,NORM,OVAL,NONE,"BAST, HOJO"
EH5_Siemens029/jai_0000655_1443_815.png,NORM,HELM,NONE,NONE
EH5_Siemens037/jai_0000611_95_864.png,NORM,NONE,NONE,NONE
EH5_Siemens003/jai_0000980_152_1087.png,NORM,NONE,NONE,NONE
EH5_Siemens083/jai_0000179_1839_1013.png,NORM,ACAN,NONE,NONE
EH5_Siemens039/jai_0000188_471_967.png,NORM,TEAR,NONE,NONE
EH5_Siemens008/jai_0000241_1058_1201.png,NORM,NONE,NONE,NONE
EH5_Siemens012/jai_0001353_1286_1185.png,NORM,HELM,NONE,"BAST, HOJO"
EH5_Siemens012/jai_0000043_86_1253.png,NORM,NONE,NONE,BAST
EH5_Siemens012/jai_0001268_294_1421.png,MICR,NONE,NONE,BAST
EH5_Siemens012/jai_0001268_1072_216.png,MICR,OVAL,NONE,"HOJO, RETI"
CDB_Sample189/jai_0000034_819_226.png,NORM,NONE,NONE,PABO
EH5_Siemens008/jai_0001392_495_390.png,NORM,NONE,NONE,NONE
EH5_Siemens083/jai_0000183_1646_960.png,NORM,NONE,NONE,"BAST, RETI"
EH5_Siemens012/jai_0000951_513_920.png,NORM,NONE,NONE,"BAST, HOJO, RETI"
CDB_Sample189/jai_0000115_1480_968.png,NORM,NONE,NONE,HOJO
EH5_Siemens037/jai_0000441_848_1330.png,NORM,NONE,HYPO,NONE
EH5_Siemens013/jai_0001060_815_814.png,NORM,NONE,NONE,NONE
EH5_Siemens012/jai_0000836_982_410.png,MICR,NONE,NONE,"BAST, RETI"
CDB_Sample030/jai_0000018_1672_318.png,MICR,NONE,NONE,NONE
CDB_Sample156/jai_0000309_742_1406.png,NORM,NONE,NONE,NONE
CDB_Sample030/jai_0000057_1606_506.png,MICR,SPHE,NONE,NONE
CDB_Sample189/jai_0000340_846_1401.png,NORM,NONE,STOM,NONE
EH5_Siemens037/jai_0000483_574_394.png,NORM,ACAN,NONE,NONE
CDB_Sample156/jai_0000310_1142_480.png,NORM,ECHI,NONE,NONE
EH5_Siemens012/jai_0001437_654_1314.png,NORM,OVAL,NONE,"BAST, HOJO"
CDB_Sample030/jai_0000235_1656_899.png,NORM,NONE,NONE,NONE
EH5_Siemens013/jai_0001193_60_1175.png,MICR,NONE,NONE,NONE
EH5_Siemens045/jai_0000138_1362_363.png,NORM,HELM,NONE,NONE
CDB_Sample189/jai_0000378_1344_1203.png,MICR,SCHI,NONE,NONE
EH5_Siemens037/jai_0000313_798_344.png,NORM,OVAL,NONE,NONE
CDB_Sample125/jai_0000225_1583_645.png,MICR,NONE,NONE,NONE
CDB_Sample189/jai_0000117_1722_874.png,NORM,SICK,NONE,NONE
EH5_Siemens012/jai_0001437_654_1314.png,NORM,OVAL,NONE,"BAST, HOJO"
EH5_Siemens083/jai_0000060_1376_1450.png,NORM,NONE,HYPR,NONE
EH5_Siemens083/jai_0001430_1337_1371.png,NORM,NONE,HYPO,NONE
EH5_Siemens012/jai_0000187_1398_1370.png,NORM,NONE,NONE,NONE
EH5_Siemens037/jai_0000482_1675_1103.png,NORM,ELLI,NONE,NONE
EH5_Siemens083/jai_0000060_1838_798.png,MICR,NONE,NONE,NONE
EH5_Siemens012/jai_0000192_826_1181.png,NORM,NONE,HYPO,"BAST, RETI"
EH5_Siemens029/jai_0000569_1297_508.png,NORM,NONE,NONE,NONE
EH5_Siemens029/jai_0000654_1812_1172.png,MICR,SPHE,NONE,NONE
EH5_Siemens012/jai_0000951_513_920.png,NORM,NONE,NONE,"BAST, HOJO, RETI"
EH5_Siemens008/jai_0001437_841_350.png,NORM,BITE,NONE,NONE
EH5_Siemens008/jai_0001222_319_1377.png,NORM,NONE,NONE,NONE
EH5_Siemens003/jai_0000158_736_658.png,NORM,NONE,HYPR,NONE
CDB_Sample012/jai_0000070_780_302.png,NORM,NONE,NONE,"BAST, RETI"
CDB_Sample030/jai_0000147_1209_317.png,NORM,NONE,NONE,NONE
EH5_Siemens029/jai_0000525_174_513.png,NORM,NONE,NONE,NONE
CDB_Sample189/jai_0000373_1853_1117.png,NORM,NONE,NONE,PABO
EH5_Siemens012/jai_0000303_64_613.png,NORM,NONE,NONE,NRBC
EH5_Siemens012/jai_0000264_1196_1287.png,NORM,NONE,NONE,"BAST, HOJO, RETI"
EH5_Siemens008/jai_0001437_1110_227.png,NORM,BITE,NONE,NONE
EH5_Siemens012/jai_0001268_1072_216.png,MICR,OVAL,NONE,"HOJO, RETI"
EH5_Siemens012/jai_0000130_787_699.png,NORM,NONE,HYPO,HOJO
EH5_Siemens013/jai_0000414_115_586.png,NORM,NONE,NONE,NONE
EH5_Siemens012/jai_0001474_210_726.png,MICR,NONE,NONE,BAST
EH5_Siemens045/jai_0000009_1339_1417.png,MICR,SCHI,NONE,NONE
EH5_Siemens012/jai_0000174_360_339.png,NORM,BITE,NONE,NONE
EH5_Siemens012/jai_0000130_150_747.png,NORM,NONE,TARG,NONE
EH5_Siemens012/jai_0001437_654_1314.png,NORM,OVAL,NONE,"BAST, HOJO"
EH5_Siemens083/jai_0001430_692_1350.png,NORM,NONE,NONE,"BAST, RETI"
EH5_Siemens012/jai_0001268_1072_216.png,MICR,OVAL,NONE,"HOJO, RETI"
EH5_Siemens012/jai_0000390_1773_1214.png,MICR,NONE,NONE,BAST
EH5_Siemens012/jai_0000003_660_213.png,NORM,NONE,NONE,"BAST, RETI"
EH5_Siemens037/jai_0000527_357_131.png,NORM,OVAL,NONE,NONE
EH5_Siemens029/jai_0000692_620_591.png,NORM,NONE,NONE,NONE
EH5_Siemens083/jai_0000017_683_595.png,NORM,OVAL,NONE,NONE
CDB_Sample012/jai_0000197_872_682.png,MICR,NONE,HYPR,NONE
CDB_Sample012/jai_0000199_243_509.png,MICR,NONE,NONE,NONE
EH5_Siemens037/jai_0000483_1902_825.png,NORM,NONE,NONE,NONE
CDB_Sample156/jai_0000566_116_1161.png,NORM,ECHI,NONE,NONE
CDB_Sample189/jai_0000168_1564_255.png,NORM,NONE,NONE,HOJO
EH5_Siemens012/jai_0000043_908_1424.png,NORM,NONE,NONE,NRBC
CDB_Sample156/jai_0000610_1300_184.png,NORM,ECHI,NONE,NONE
CDB_Sample156/jai_0000566_492_226.png,NORM,NONE,NONE,NONE
CDB_Sample189/jai_0000033_1077_761.png,NORM,NONE,NONE,HOJO
EH5_Siemens003/jai_0000872_495_1313.png,NORM,NONE,NONE,NONE
EH5_Siemens083/jai_0001472_543_113.png,MACR,NONE,NONE,BAST
EH5_Siemens012/jai_0000395_1004_511.png,NORM,NONE,NONE,BAST
CDB_Sample156/jai_0000567_1094_116.png,NORM,NONE,NONE,MALA
EH5_Siemens012/jai_0000951_513_920.png,NORM,NONE,NONE,"BAST, HOJO, RETI"
CDB_Sample030/jai_0000272_1126_1019.png,NORM,NONE,NONE,NONE
EH5_Siemens037/jai_0000657_1411_916.png,NORM,NONE,NONE,NONE
EH5_Siemens083/jai_0000017_775_1321.png,NORM,NONE,HYPO,NONE
EH5_Siemens037/jai_0000395_1360_468.png,NORM,NONE,TARG,NONE
EH5_Siemens012/jai_0001353_1286_1185.png,NORM,HELM,NONE,"BAST, HOJO"
EH5_Siemens029/jai_0000396_1536_537.png,NORM,NONE,NONE,NONE
CDB_Sample125/jai_0000224_780_1153.png,NORM,NONE,NONE,MALA
CDB_Sample156/jai_0000567_674_280.png,NORM,NONE,NONE,NONE
EH5_Siemens013/jai_0000969_1853_357.png,NORM,TEAR,NONE,NONE
CDB_Sample012/jai_0000152_1532_616.png,MACR,NONE,NONE,NONE
CDB_Sample125/jai_0000356_1507_1158.png,NORM,NONE,NONE,NONE
CDB_Sample156/jai_0000266_1618_454.png,NORM,ACAN,NONE,NONE
EH5_Siemens012/jai_0000182_801_524.png,NORM,NONE,TARG,NONE
EH5_Siemens037/jai_0000358_1110_567.png,NORM,NONE,NONE,NONE
EH5_Siemens003/jai_0000663_210_659.png,NORM,NONE,NONE,NONE
EH5_Siemens037/jai_0000657_240_1341.png,NORM,ECHI,NONE,NONE
EH5_Siemens012/jai_0000264_1196_1287.png,NORM,NONE,NONE,"BAST, HOJO, RETI"
CDB_Sample156/jai_0000095_1183_50.png,NORM,ECHI,NONE,NONE
EH5_Siemens029/jai_0000396_1031_466.png,NORM,NONE,NONE,NONE
CDB_Sample125/jai_0000273_340_651.png,NORM,NONE,NONE,MALA
CDB_Sample125/jai_0000263_627_1144.png,NORM,NONE,NONE,MALA
CDB_Sample125/jai_0000183_727_899.png,NORM,NONE,NONE,MALA
EH5_Siemens029/jai_0000048_1791_576.png,NORM,NONE,NONE,NONE
CDB_Sample125/jai_0000010_1673_1163.png,MICR,SPHE,NONE,NONE
EH5_Siemens037/jai_0000482_1440_1088.png,NORM,ACAN,NONE,NONE
EH5_Siemens012/jai_0000043_1405_342.png,NORM,NONE,HYPR,NONE
EH5_Siemens037/jai_0000657_1195_67.png,MICR,SCHI,NONE,NONE
EH5_Siemens012/jai_0000136_858_1430.png,NORM,NONE,TARG,NONE
EH5_Siemens003/jai_0000980_1344_1000.png,NORM,NONE,NONE,NONE
EH5_Siemens013/jai_0000414_653_1227.png,NORM,NONE,NONE,NONE
CDB_Sample125/jai_0000059_730_24.png,NORM,ECHI,NONE,NONE
EH5_Siemens008/jai_0001525_51_926.png,MICR,NONE,NONE,NONE
CDB_Sample156/jai_0000564_1460_1005.png,NORM,ECHI,NONE,NONE
EH5_Siemens012/jai_0000063_891_735.png,NORM,NONE,HYPO,NONE
EH5_Siemens012/jai_0001437_654_1314.png,NORM,OVAL,NONE,"BAST, HOJO"
EH5_Siemens012/jai_0000318_118_730.png,NORM,NONE,NONE,NRBC
CDB_Sample125/jai_0000315_940_1026.png,NORM,NONE,NONE,MALA
EH5_Siemens012/jai_0000487_533_1323.png,MICR,NONE,NONE,"BAST, RETI"
EH5_Siemens012/jai_0000003_136_706.png,MICR,NONE,HYPO,NONE
CDB_Sample189/jai_0000372_865_504.png,NORM,NONE,NONE,NONE
EH5_Siemens083/jai_0001430_1168_536.png,NORM,NONE,NONE,NONE
EH5_Siemens012/jai_0000003_1478_1382.png,NORM,NONE,HYPR,NONE
CDB_Sample030/jai_0000011_1415_695.png,NORM,OVAL,NONE,NONE
CDB_Sample012/jai_0000032_449_815.png,MICR,NONE,NONE,NONE
EH5_Siemens083/jai_0001472_1300_1213.png,NORM,OVAL,HYPO,NONE
EH5_Siemens029/jai_0000052_831_1386.png,NORM,NONE,HYPO,NONE
EH5_Siemens083/jai_0000179_1179_1029.png,NORM,NONE,NONE,RETI
EH5_Siemens037/jai_0000312_1758_960.png,MACR,NONE,NONE,NONE
EH5_Siemens029/jai_0000873_986_835.png,NORM,NONE,NONE,NONE
EH5_Siemens013/jai_0001060_926_669.png,NORM,NONE,NONE,RETI
CDB_Sample030/jai_0000186_1292_278.png,NORM,NONE,HYPR,NONE
EH5_Siemens012/jai_0001173_1495_196.png,MICR,NONE,NONE,BAST
EH5_Siemens012/jai_0000043_1432_839.png,NORM,NONE,NONE,NRBC
EH5_Siemens008/jai_0001525_1085_286.png,NORM,NONE,HYPO,NONE
EH5_Siemens013/jai_0000889_1451_629.png,NORM,NONE,NONE,NONE
CDB_Sample189/jai_0000079_1817_1327.png,MACR,NONE,NONE,NONE
EH5_Siemens012/jai_0001353_1286_1185.png,NORM,HELM,NONE,"BAST, HOJO"
CDB_Sample189/jai_0000034_1799_184.png,MICR,SPHE,NONE,NONE
CDB_Sample125/jai_0000183_1043_869.png,NORM,NONE,NONE,MALA
CDB_Sample156/jai_0000310_386_1407.png,NORM,NONE,NONE,NONE
CDB_Sample125/jai_0000350_1362_933.png,NORM,NONE,NONE,MALA
EH5_Siemens013/jai_0000417_1007_1092.png,NORM,NONE,NONE,NONE
CDB_Sample189/jai_0000380_204_869.png,NORM,NONE,NONE,RETI
CDB_Sample189/jai_0000161_526_964.png,NORM,NONE,NONE,HOJO
EH5_Siemens083/jai_0000098_1410_375.png,NORM,ECHI,NONE,NONE
EH5_Siemens012/jai_0000043_1388_1242.png,NORM,NONE,HYPO,NONE
EH5_Siemens013/jai_0000327_1543_570.png,MICR,NONE,NONE,NONE
EH5_Siemens029/jai_0000398_1905_923.png,NORM,NONE,HYPO,NONE
EH5_Siemens029/jai_0000653_936_1137.png,NORM,ECHI,NONE,NONE
EH5_Siemens083/jai_0001430_569_1026.png,NORM,NONE,NONE,NONE
EH5_Siemens013/jai_0000074_226_932.png,MICR,NONE,NONE,NONE
CDB_Sample189/jai_0000249_344_76.png,NORM,NONE,NONE,PABO
CDB_Sample125/jai_0000317_874_125.png,NORM,NONE,NONE,MALA
EH5_Siemens083/jai_0000183_896_225.png,NORM,NONE,HYPO,NONE
EH5_Siemens013/jai_0000119_1286_1355.png,MICR,NONE,NONE,NONE
EH5_Siemens008/jai_0000277_1394_973.png,MICR,NONE,NONE,NONE
CDB_Sample189/jai_0000376_841_107.png,NORM,NONE,NONE,HOJO
CDB_Sample125/jai_0000271_1448_396.png,NORM,NONE,HYPO,RETI
EH5_Siemens045/jai_0000187_789_417.png,NORM,HELM,NONE,NONE
CDB_Sample156/jai_0000307_1373_495.png,NORM,ECHI,NONE,NONE
CDB_Sample189/jai_0000334_472_416.png,NORM,NONE,HYPO,PABO
CDB_Sample125/jai_0000057_233_1155.png,NORM,NONE,NONE,MALA
EH5_Siemens012/jai_0000019_1664_1453.png,NORM,NONE,TARG,NONE
EH5_Siemens008/jai_0001178_236_1412.png,NORM,NONE,NONE,NONE
CDB_Sample125/jai_0000052_855_559.png,NORM,NONE,NONE,NONE
EH5_Siemens012/jai_0000044_371_1384.png,NORM,OVAL,HYPR,BAST
CDB_Sample030/jai_0000013_1933_806.png,NORM,NONE,HYPO,NONE
EH5_Siemens012/jai_0000059_1858_254.png,NORM,NONE,HYPO,NONE
CDB_Sample189/jai_0000034_527_1150.png,NORM,SICK,NONE,NONE
EH5_Siemens037/jai_0000482_1567_1135.png,NORM,NONE,NONE,NONE
CDB_Sample189/jai_0000123_1918_253.png,NORM,NONE,NONE,PABO
CDB_Sample189/jai_0000249_344_76.png,NORM,NONE,NONE,PABO
CDB_Sample125/jai_0000050_637_348.png,NORM,NONE,NONE,NONE
EH5_Siemens012/jai_0000487_533_1323.png,MICR,NONE,NONE,"BAST, RETI"
CDB_Sample030/jai_0000142_1447_383.png,NORM,NONE,NONE,NONE
EH5_Siemens029/jai_0000440_1783_1018.png,NORM,NONE,NONE,NONE
EH5_Siemens013/jai_0001067_851_870.png,NORM,NONE,NONE,RETI
EH5_Siemens012/jai_0000147_754_227.png,NORM,NONE,HYPO,NONE
CDB_Sample156/jai_0000519_540_1451.png,NORM,ECHI,NONE,NONE
EH5_Siemens013/jai_0000327_1685_511.png,MICR,NONE,NONE,NONE
EH5_Siemens012/jai_0000187_1112_1232.png,NORM,NONE,TARG,NONE
EH5_Siemens012/jai_0000264_1196_1287.png,NORM,NONE,NONE,"BAST, HOJO, RETI"
EH5_Siemens029/jai_0000654_1354_455.png,NORM,NONE,NONE,NONE
CDB_Sample156/jai_0000266_1655_132.png,NORM,NONE,NONE,NONE
CDB_Sample125/jai_0000096_400_1429.png,NORM,NONE,HYPO,NONE
CDB_Sample030/jai_0000099_94_676.png,NORM,TEAR,NONE,NONE
EH5_Siemens083/jai_0001430_160_903.png,NORM,NONE,HYPO,NONE
EH5_Siemens012/jai_0000951_513_920.png,NORM,NONE,NONE,"BAST, HOJO, RETI"
EH5_Siemens008/jai_0000241_316_398.png,NORM,NONE,NONE,NONE
EH5_Siemens003/jai_0000158_679_261.png,NORM,NONE,HYPR,NONE
EH5_Siemens012/jai_0000836_207_898.png,NORM,NONE,NONE,NRBC
EH5_Siemens012/jai_0000019_321_430.png,NORM,NONE,HYPO,NONE
EH5_Siemens012/jai_0000063_1538_865.png,NORM,NONE,HYPO,NONE
CDB_Sample189/jai_0000291_688_1429.png,NORM,SICK,NONE,NONE
CDB_Sample156/jai_0000264_1965_1029.png,NORM,ECHI,NONE,NONE
EH5_Siemens012/jai_0000182_530_1077.png,NORM,NONE,NONE,NRBC
EH5_Siemens012/jai_0001268_1072_216.png,MICR,OVAL,NONE,"HOJO, RETI"
EH5_Siemens083/jai_0001387_135_1431.png,NORM,NONE,NONE,NONE
EH5_Siemens012/jai_0000046_1707_775.png,NORM,NONE,TARG,NONE
EH5_Siemens012/jai_0001514_1040_334.png,NORM,NONE,TARG,NONE
EH5_Siemens013/jai_0001064_274_1094.png,NORM,NONE,STOM,NONE
CDB_Sample189/jai_0000380_331_721.png,NORM,NONE,STOM,NONE
CDB_Sample156/jai_0000137_321_472.png,NORM,ECHI,NONE,NONE
CDB_Sample030/jai_0000096_903_1175.png,NORM,TEAR,NONE,NONE
EH5_Siemens012/jai_0000318_118_730.png,NORM,NONE,NONE,NRBC
CDB_Sample189/jai_0000165_710_1330.png,MICR,NONE,NONE,PABO
EH5_Siemens029/jai_0000692_1413_468.png,NORM,NONE,NONE,NONE
EH5_Siemens003/jai_0000747_1889_541.png,NORM,NONE,NONE,NONE
EH5_Siemens012/jai_0000174_938_1403.png,NORM,NONE,NONE,NRBC
EH5_Siemens012/jai_0000057_704_1121.png,NORM,OVAL,NONE,NONE
CDB_Sample030/jai_0000273_72_217.png,NORM,ELLI,HYPO,NONE
CDB_Sample030/jai_0000273_874_1014.png,MICR,NONE,NONE,NONE
CDB_Sample030/jai_0000277_822_862.png,MICR,NONE,NONE,NONE
EH5_Siemens083/jai_0000180_1777_569.png,NORM,NONE,HYPO,"BAST, RETI"
EH5_Siemens012/jai_0000182_1677_99.png,NORM,NONE,TARG,NONE
EH5_Siemens012/jai_0000303_64_613.png,NORM,NONE,NONE,NRBC
EH5_Siemens037/jai_0000656_534_503.png,NORM,ACAN,NONE,NONE
CDB_Sample189/jai_0000375_1725_562.png,NORM,NONE,HYPO,NONE
EH5_Siemens003/jai_0000227_234_990.png,NORM,NONE,NONE,HOJO
EH5_Siemens037/jai_0000656_1553_356.png,NORM,ELLI,NONE,NONE
CDB_Sample030/jai_0000146_1454_876.png,NORM,ELLI,NONE,NONE
CDB_Sample189/jai_0000038_751_204.png,NORM,NONE,NONE,"HOJO, RETI"
EH5_Siemens012/jai_0001353_1286_1185.png,NORM,HELM,NONE,"BAST, HOJO"
CDB_Sample012/jai_0000199_1887_1337.png,NORM,NONE,NONE,NONE
EH5_Siemens029/jai_0000828_270_73.png,NORM,NONE,NONE,NONE
EH5_Siemens012/jai_0000130_1819_748.png,NORM,NONE,NONE,"BAST, RETI"
EH5_Siemens013/jai_0000969_286_1138.png,NORM,NONE,NONE,NONE
CDB_Sample189/jai_0000118_162_144.png,NORM,OVAL,NONE,NONE
EH5_Siemens012/jai_0000147_1682_374.png,NORM,NONE,NONE,NRBC
EH5_Siemens003/jai_0000064_1195_880.png,NORM,NONE,HYPR,NONE
EH5_Siemens012/jai_0001268_1072_216.png,MICR,OVAL,NONE,"HOJO, RETI"
EH5_Siemens012/jai_0000182_888_853.png,NORM,NONE,NONE,NONE
CDB_Sample156/jai_0000270_723_46.png,NORM,ECHI,NONE,NONE
CDB_Sample030/jai_0000100_1964_1190.png,NORM,NONE,HYPR,NONE
CDB_Sample189/jai_0000161_526_964.png,NORM,NONE,NONE,HOJO
CDB_Sample012/jai_0000070_780_302.png,NORM,NONE,NONE,"BAST, RETI"
CDB_Sample189/jai_0000114_1787_644.png,NORM,OVAL,HYPO,PABO
CDB_Sample030/jai_0000060_746_827.png,NORM,OVAL,NONE,NONE
EH5_Siemens003/jai_0000980_1195_318.png,NORM,NONE,NONE,NONE
EH5_Siemens041/jai_0000188_1717_604.png,NORM,BITE,NONE,NONE
CDB_Sample189/jai_0000118_1340_770.png,NORM,NONE,STOM,NONE
CDB_Sample189/jai_0000334_472_416.png,NORM,NONE,HYPO,PABO
EH5_Siemens012/jai_0000043_1432_839.png,NORM,NONE,NONE,NRBC
EH5_Siemens083/jai_0001472_182_465.png,NORM,NONE,STOM,RETI
EH5_Siemens012/jai_0000995_442_1239.png,MICR,NONE,NONE,BAST
CDB_Sample030/jai_0000231_1796_203.png,NORM,ELLI,NONE,NONE
EH5_Siemens083/jai_0000060_1968_1415.png,NORM,NONE,NONE,NONE
EH5_Siemens029/jai_0000695_1478_507.png,MICR,NONE,NONE,NONE
CDB_Sample030/jai_0000184_297_1174.png,MICR,NONE,NONE,NONE
CDB_Sample125/jai_0000274_118_113.png,NORM,NONE,NONE,RETI
EH5_Siemens037/jai_0000653_1914_877.png,NORM,ECHI,NONE,NONE
CDB_Sample189/jai_0000379_578_1024.png,NORM,NONE,NONE,NONE
EH5_Siemens037/jai_0000356_1281_734.png,NORM,NONE,NONE,NONE
EH5_Siemens041/jai_0000146_505_974.png,NORM,BITE,NONE,NONE
EH5_Siemens041/jai_0001350_463_1289.png,NORM,HELM,NONE,NONE
CDB_Sample125/jai_0000355_1662_125.png,NORM,NONE,NONE,MALA
CDB_Sample156/jai_0000650_1559_1015.png,NORM,ACAN,NONE,NONE
EH5_Siemens083/jai_0000184_613_774.png,MICR,NONE,NONE,"BAST, RETI"
CDB_Sample189/jai_0000250_1477_294.png,MACR,NONE,NONE,NONE
CDB_Sample189/jai_0000040_515_690.png,NORM,ELLI,NONE,NONE
EH5_Siemens008/jai_0001610_92_564.png,NORM,BITE,NONE,NONE
EH5_Siemens045/jai_0000134_1405_145.png,MICR,SCHI,NONE,NONE
CDB_Sample030/jai_0000146_180_1185.png,MICR,SPHE,NONE,NONE
EH5_Siemens012/jai_0000951_513_920.png,NORM,NONE,NONE,"BAST, HOJO, RETI"
EH5_Siemens037/jai_0000526_1196_1194.png,NORM,NONE,TARG,NONE
CDB_Sample125/jai_0000097_1030_1173.png,NORM,NONE,HYPO,NONE
EH5_Siemens012/jai_0000139_1482_451.png,NORM,NONE,TARG,NONE
CDB_Sample189/jai_0000246_627_1140.png,NORM,SICK,NONE,NONE
CDB_Sample189/jai_0000381_1931_192.png,NORM,NONE,NONE,RETI
CDB_Sample125/jai_0000059_324_332.png,NORM,ECHI,NONE,NONE
EH5_Siemens037/jai_0000526_41_105.png,NORM,NONE,NONE,NONE
EH5_Siemens012/jai_0000264_1196_1287.png,NORM,NONE,NONE,"BAST, HOJO, RETI"
EH5_Siemens029/jai_0000695_1105_111.png,NORM,TEAR,NONE,NONE
EH5_Siemens012/jai_0000825_720_955.png,NORM,NONE,NONE,"BAST, RETI"
EH5_Siemens012/jai_0000057_1569_1060.png,NORM,NONE,NONE,NRBC
EH5_Siemens008/jai_0000021_940_639.png,NORM,NONE,NONE,NONE
EH5_Siemens008/jai_0000749_579_644.png,NORM,OVAL,NONE,NONE
EH5_Siemens008/jai_0000578_1952_1376.png,NORM,NONE,NONE,NONE
CDB_Sample189/jai_0000165_132_346.png,NORM,NONE,NONE,RETI
EH5_Siemens012/jai_0000059_288_1245.png,MICR,NONE,NONE,NONE
EH5_Siemens045/jai_0000186_1249_692.png,NORM,BITE,NONE,NONE
CDB_Sample189/jai_0000377_1866_420.png,NORM,NONE,NONE,NONE
EH5_Siemens012/jai_0001268_1072_216.png,MICR,OVAL,NONE,"HOJO, RETI"
EH5_Siemens041/jai_0000359_531_451.png,MICR,SCHI,NONE,NONE
EH5_Siemens012/jai_0000003_1716_1128.png,NORM,NONE,STOM,NONE
EH5_Siemens083/jai_0000267_1655_707.png,NORM,NONE,HYPO,NONE
CDB_Sample189/jai_0000376_1256_784.png,NORM,NONE,NONE,NONE
EH5_Siemens012/jai_0000174_966_1107.png,NORM,NONE,TARG,NONE
EH5_Siemens012/jai_0001268_1072_216.png,MICR,OVAL,NONE,"HOJO, RETI"
CDB_Sample189/jai_0000114_855_521.png,NORM,NONE,NONE,NONE
CDB_Sample189/jai_0000161_1080_1188.png,NORM,NONE,NONE,PABO
EH5_Siemens083/jai_0000223_634_178.png,NORM,NONE,HYPO,NONE
CDB_Sample030/jai_0000103_1145_907.png,NORM,NONE,NONE,NONE
CDB_Sample125/jai_0000096_1888_865.png,NORM,ECHI,NONE,NONE
EH5_Siemens012/jai_0001268_1072_216.png,MICR,OVAL,NONE,"HOJO, RETI"
EH5_Siemens012/jai_0001268_1072_216.png,MICR,OVAL,NONE,"HOJO, RETI"
EH5_Siemens029/jai_0000133_369_217.png,NORM,NONE,HYPR,NONE
CDB_Sample012/jai_0000026_1010_1306.png,NORM,NONE,NONE,NONE
EH5_Siemens083/jai_0000181_766_658.png,NORM,OVAL,NONE,NONE
CDB_Sample030/jai_0000148_567_1432.png,NORM,NONE,NONE,NONE
EH5_Siemens037/jai_0000570_1852_1253.png,NORM,NONE,NONE,NONE
CDB_Sample012/jai_0000026_1009_593.png,NORM,TEAR,NONE,NONE
EH5_Siemens083/jai_0000015_1527_721.png,MACR,NONE,HYPO,NONE
CDB_Sample189/jai_0000372_1154_1370.png,NORM,SICK,NONE,NONE
EH5_Siemens012/jai_0001353_1286_1185.png,NORM,HELM,NONE,"BAST, HOJO"
CDB_Sample030/jai_0000015_1815_204.png,NORM,ECHI,NONE,NONE
CDB_Sample125/jai_0000051_282_444.png,NORM,NONE,NONE,NONE
CDB_Sample125/jai_0000353_1640_124.png,NORM,NONE,HYPR,NONE
EH5_Siemens083/jai_0000060_817_56.png,NORM,OVAL,HYPO,NONE
CDB_Sample125/jai_0000058_146_851.png,NORM,NONE,NONE,MALA
EH5_Siemens037/jai_0000481_395_426.png,NORM,NONE,TARG,NONE
CDB_Sample156/jai_0000652_1403_757.png,NORM,NONE,NONE,NONE
EH5_Siemens008/jai_0000277_1161_1317.png,NORM,NONE,NONE,NONE
EH5_Siemens013/jai_0000588_57_773.png,NORM,TEAR,NONE,NONE
EH5_Siemens012/jai_0000019_414_541.png,NORM,NONE,TARG,NONE
CDB_Sample189/jai_0000038_751_204.png,NORM,NONE,NONE,"HOJO, RETI"
CDB_Sample189/jai_0000122_1817_1135.png,NORM,NONE,STOM,NONE
EH5_Siemens029/jai_0000653_1855_1068.png,NORM,NONE,NONE,NONE
EH5_Siemens003/jai_0000242_1190_1097.png,NORM,NONE,NONE,NONE
EH5_Siemens012/jai_0000951_513_920.png,NORM,NONE,NONE,"BAST, HOJO, RETI"
CDB_Sample125/jai_0000181_829_1345.png,NORM,NONE,NONE,NONE
CDB_Sample012/jai_0000028_1896_1085.png,NORM,NONE,NONE,NONE
EH5_Siemens083/jai_0000182_1370_1350.png,NORM,OVAL,NONE,NONE
CDB_Sample156/jai_0000264_1900_1053.png,NORM,ECHI,NONE,NONE
EH5_Siemens029/jai_0000052_975_508.png,NORM,NONE,NONE,NONE
CDB_Sample156/jai_0000395_1004_187.png,NORM,ACAN,NONE,NONE
CDB_Sample156/jai_0000565_743_367.png,NORM,HELM,NONE,NONE
CDB_Sample189/jai_0000079_1296_1294.png,NORM,SICK,NONE,NONE
EH5_Siemens029/jai_0000398_1670_222.png,NORM,NONE,NONE,NONE
CDB_Sample030/jai_0000143_1015_878.png,NORM,NONE,HYPO,NONE
CDB_Sample126/jai_0000064_1777_876.png,NORM,NONE,NONE,NONE
EH5_Siemens083/jai_0000402_381_476.png,NORM,NONE,NONE,NONE
EH5_Siemens029/jai_0000655_543_743.png,NORM,HELM,NONE,NONE
EH5_Siemens012/jai_0000318_118_730.png,NORM,NONE,NONE,NRBC
CDB_Sample189/jai_0000247_1106_853.png,NORM,ELLI,NONE,NONE
EH5_Siemens013/jai_0001155_1388_889.png,NORM,NONE,NONE,NONE
EH5_Siemens012/jai_0000187_1943_1429.png,NORM,OVAL,NONE,BAST
CDB_Sample030/jai_0000019_1040_674.png,MICR,NONE,NONE,NONE
EH5_Siemens012/jai_0001173_864_994.png,NORM,NONE,HYPR,"BAST, RETI"
EH5_Siemens012/jai_0000217_1803_1191.png,NORM,NONE,HYPO,RETI
EH5_Siemens029/jai_0000048_80_1155.png,MICR,SPHE,NONE,NONE
CDB_Sample156/jai_0000650_166_1183.png,NORM,NONE,NONE,MALA
CDB_Sample012/jai_0000112_1487_357.png,MICR,NONE,NONE,NONE
EH5_Siemens012/jai_0000043_908_1424.png,NORM,NONE,NONE,NRBC
EH5_Siemens029/jai_0000568_1522_149.png,MICR,NONE,NONE,NONE
CDB_Sample030/jai_0000234_1392_974.png,NORM,OVAL,NONE,NONE
CDB_Sample030/jai_0000100_75_774.png,NORM,NONE,NONE,NONE
CDB_Sample125/jai_0000225_1289_496.png,NORM,NONE,NONE,MALA
CDB_Sample012/jai_0000117_615_848.png,MICR,NONE,NONE,NONE
EH5_Siemens012/jai_0000318_605_1039.png,NORM,NONE,TARG,NONE
CDB_Sample125/jai_0000349_251_585.png,NORM,NONE,NONE,NONE
CDB_Sample125/jai_0000351_1332_520.png,NORM,NONE,NONE,MALA
CDB_Sample012/jai_0000024_1297_128.png,NORM,NONE,NONE,NONE
EH5_Siemens003/jai_0001424_472_898.png,NORM,NONE,TARG,NONE
EH5_Siemens012/jai_0001512_779_1122.png,NORM,NONE,NONE,NRBC
EH5_Siemens012/jai_0000527_454_908.png,NORM,NONE,NONE,"BAST, RETI"
EH5_Siemens012/jai_0001353_1286_1185.png,NORM,HELM,NONE,"BAST, HOJO"
EH5_Siemens012/jai_0001173_864_994.png,NORM,NONE,HYPR,"BAST, RETI"
EH5_Siemens012/jai_0000318_1336_661.png,NORM,NONE,HYPO,NONE
EH5_Siemens013/jai_0000413_1705_1066.png,NORM,NONE,NONE,NONE
CDB_Sample030/jai_0000188_1946_810.png,MICR,SPHE,NONE,NONE
CDB_Sample125/jai_0000094_1341_774.png,NORM,HELM,NONE,NONE
CDB_Sample156/jai_0000605_1580_931.png,NORM,HELM,NONE,NONE
CDB_Sample156/jai_0000350_216_274.png,NORM,ECHI,NONE,HOJO
EH5_Siemens083/jai_0000223_1308_1047.png,NORM,NONE,NONE,NONE
CDB_Sample012/jai_0000114_460_525.png,NORM,NONE,NONE,NONE
CDB_Sample189/jai_0000120_751_964.png,NORM,ELLI,NONE,NONE
EH5_Siemens083/jai_0000356_450_1373.png,MACR,NONE,STOM,NONE
EH5_Siemens083/jai_0000015_1357_1265.png,MICR,NONE,NONE,NONE
EH5_Siemens012/jai_0001353_1286_1185.png,NORM,HELM,NONE,"BAST, HOJO"
CDB_Sample189/jai_0000165_710_1330.png,MICR,NONE,NONE,PABO
EH5_Siemens012/jai_0000182_530_1077.png,NORM,NONE,NONE,NRBC
CDB_Sample012/jai_0000194_73_1344.png,MICR,NONE,NONE,NONE
CDB_Sample030/jai_0000235_547_284.png,MICR,NONE,NONE,NONE
CDB_Sample189/jai_0000373_1853_1117.png,NORM,NONE,NONE,PABO
EH5_Siemens012/jai_0000264_1196_1287.png,NORM,NONE,NONE,"BAST, HOJO, RETI"
CDB_Sample189/jai_0000288_193_617.png,NORM,NONE,NONE,HOJO
EH5_Siemens029/jai_0000692_1505_593.png,NORM,NONE,NONE,BAST
EH5_Siemens012/jai_0001268_1072_216.png,MICR,OVAL,NONE,"HOJO, RETI"
EH5_Siemens083/jai_0001472_1479_817.png,MACR,NONE,HYPR,RETI
CDB_Sample012/jai_0000156_248_534.png,NORM,NONE,NONE,NONE
CDB_Sample012/jai_0000199_1629_556.png,NORM,NONE,NONE,NONE
EH5_Siemens012/jai_0000063_1782_595.png,NORM,NONE,NONE,NONE
EH5_Siemens037/jai_0000135_1773_119.png,NORM,NONE,NONE,NONE
EH5_Siemens012/jai_0001437_654_1314.png,NORM,OVAL,NONE,"BAST, HOJO"
EH5_Siemens037/jai_0000092_920_235.png,NORM,NONE,NONE,NONE
CDB_Sample189/jai_0000247_647_1384.png,NORM,NONE,STOM,NONE
CDB_Sample189/jai_0000038_751_204.png,NORM,NONE,NONE,"HOJO, RETI"
CDB_Sample125/jai_0000096_994_1300.png,NORM,NONE,NONE,MALA
EH5_Siemens012/jai_0000136_446_1102.png,NORM,NONE,TARG,NONE
EH5_Siemens013/jai_0001064_127_602.png,NORM,NONE,NONE,NONE
EH5_Siemens083/jai_0000014_1890_956.png,MACR,NONE,HYPO,NONE
CDB_Sample189/jai_0000246_1209_1426.png,NORM,SICK,NONE,NONE
EH5_Siemens012/jai_0001474_210_726.png,MICR,NONE,NONE,BAST
EH5_Siemens012/jai_0001268_1072_216.png,MICR,OVAL,NONE,"HOJO, RETI"
EH5_Siemens083/jai_0001430_692_1350.png,NORM,NONE,NONE,"BAST, RETI"
CDB_Sample189/jai_0000246_1501_492.png,NORM,NONE,NONE,PABO
EH5_Siemens012/jai_0000192_162_771.png,NORM,NONE,HYPO,RETI
EH5_Siemens013/jai_0000588_1203_601.png,NORM,NONE,NONE,RETI
CDB_Sample189/jai_0000380_1300_204.png,NORM,NONE,HYPO,NONE
CDB_Sample156/jai_0000347_1728_473.png,NORM,ECHI,NONE,NONE
EH5_Siemens083/jai_0000182_201_625.png,NORM,NONE,NONE,"BAST, RETI"
EH5_Siemens029/jai_0000655_528_116.png,MICR,NONE,NONE,NONE
CDB_Sample030/jai_0000147_1620_32.png,NORM,NONE,NONE,NONE
EH5_Siemens083/jai_0000180_1777_569.png,NORM,NONE,HYPO,"BAST, RETI"
EH5_Siemens029/jai_0000439_1163_977.png,MICR,SPHE,NONE,NONE
CDB_Sample156/jai_0000347_1927_1192.png,NORM,ECHI,NONE,NONE
EH5_Siemens012/jai_0000046_1484_628.png,NORM,NONE,TARG,NONE
CDB_Sample125/jai_0000355_1688_1278.png,NORM,NONE,NONE,MALA
CDB_Sample189/jai_0000038_751_204.png,NORM,NONE,NONE,"HOJO, RETI"
EH5_Siemens037/jai_0000526_1163_318.png,NORM,ECHI,NONE,NONE
CDB_Sample030/jai_0000277_1822_194.png,MICR,NONE,NONE,NONE
CDB_Sample012/jai_0000025_840_742.png,NORM,NONE,NONE,RETI
CDB_Sample030/jai_0000057_1606_506.png,MICR,SPHE,NONE,NONE
CDB_Sample125/jai_0000180_1788_445.png,NORM,NONE,NONE,MALA
EH5_Siemens037/jai_0000657_22_339.png,NORM,ECHI,NONE,NONE
EH5_Siemens012/jai_0000655_732_889.png,MICR,NONE,NONE,"BAST, RETI"
EH5_Siemens083/jai_0000401_1358_1291.png,NORM,NONE,HYPO,NONE
EH5_Siemens008/jai_0001610_92_564.png,NORM,BITE,NONE,NONE
EH5_Siemens012/jai_0000136_709_1111.png,NORM,NONE,NONE,"BAST, RETI"
CDB_Sample030/jai_0000141_325_913.png,NORM,NONE,NONE,NONE
EH5_Siemens083/jai_0000182_453_796.png,NORM,NONE,HYPO,NONE
CDB_Sample189/jai_0000160_262_1150.png,NORM,NONE,NONE,NONE
EH5_Siemens013/jai_0000847_970_1424.png,MICR,NONE,NONE,NONE
EH5_Siemens012/jai_0001268_1072_216.png,MICR,OVAL,NONE,"HOJO, RETI"
EH5_Siemens012/jai_0001261_1830_454.png,MICR,NONE,NONE,BAST
CDB_Sample125/jai_0000265_1416_584.png,NORM,NONE,NONE,MALA
CDB_Sample030/jai_0000019_1752_855.png,NORM,NONE,NONE,NONE
CDB_Sample189/jai_0000038_751_204.png,NORM,NONE,NONE,"HOJO, RETI"
CDB_Sample156/jai_0000392_716_876.png,NORM,ACAN,NONE,NONE
EH5_Siemens012/jai_0000318_1787_382.png,MICR,SCHI,NONE,NONE
EH5_Siemens041/jai_0000188_1717_604.png,NORM,BITE,NONE,NONE
CDB_Sample156/jai_0000568_858_311.png,NORM,NONE,NONE,NONE
CDB_Sample030/jai_0000235_1635_616.png,NORM,NONE,HYPO,NONE
EH5_Siemens012/jai_0000192_826_1181.png,NORM,NONE,HYPO,"BAST, RETI"
EH5_Siemens029/jai_0000398_1250_625.png,MICR,NONE,NONE,NONE
EH5_Siemens029/jai_0000398_34_1407.png,MICR,SCHI,NONE,NONE
EH5_Siemens012/jai_0000347_666_745.png,NORM,NONE,TARG,NONE
CDB_Sample156/jai_0000137_1345_151.png,NORM,NONE,NONE,NONE
EH5_Siemens083/jai_0000184_605_417.png,NORM,NONE,NONE,"BAST, RETI"
CDB_Sample030/jai_0000227_491_880.png,NORM,OVAL,HYPO,NONE
EH5_Siemens029/jai_0000695_864_570.png,NORM,NONE,NONE,NONE
CDB_Sample189/jai_0000165_710_1330.png,MICR,NONE,NONE,PABO
EH5_Siemens012/jai_0000264_1196_1287.png,NORM,NONE,NONE,"BAST, HOJO, RETI"
EH5_Siemens012/jai_0000264_1196_1287.png,NORM,NONE,NONE,"BAST, HOJO, RETI"
EH5_Siemens013/jai_0000758_546_158.png,MICR,NONE,NONE,NONE
CDB_Sample012/jai_0000064_117_360.png,NORM,NONE,STOM,NONE
EH5_Siemens012/jai_0001353_1286_1185.png,NORM,HELM,NONE,"BAST, HOJO"
EH5_Siemens045/jai_0000184_1650_237.png,NORM,BITE,NONE,NONE
CDB_Sample030/jai_0000232_773_1403.png,NORM,ACAN,NONE,NONE
EH5_Siemens012/jai_0001268_1072_216.png,MICR,OVAL,NONE,"HOJO, RETI"
CDB_Sample189/jai_0000117_1722_874.png,NORM,SICK,NONE,NONE
CDB_Sample030/jai_0000061_525_961.png,NORM,ELLI,NONE,NONE
EH5_Siemens012/jai_0000019_1429_1434.png,NORM,NONE,TARG,NONE
CDB_Sample125/jai_0000273_354_331.png,NORM,ECHI,NONE,NONE
EH5_Siemens029/jai_0000695_1847_93.png,MICR,NONE,NONE,NONE
EH5_Siemens012/jai_0001560_80_785.png,NORM,NONE,HYPR,RETI
CDB_Sample030/jai_0000143_1816_171.png,NORM,OVAL,NONE,NONE
CDB_Sample030/jai_0000231_1844_1238.png,NORM,NONE,HYPO,NONE
CDB_Sample012/jai_0000068_1278_897.png,MICR,NONE,NONE,NONE
CDB_Sample189/jai_0000251_1862_751.png,NORM,SICK,NONE,NONE
CDB_Sample189/jai_0000248_1570_1236.png,NORM,NONE,NONE,NONE
EH5_Siemens012/jai_0000447_179_911.png,MICR,SCHI,NONE,NONE
EH5_Siemens012/jai_0000318_118_730.png,NORM,NONE,NONE,NRBC
EH5_Siemens012/jai_0000951_513_920.png,NORM,NONE,NONE,"BAST, HOJO, RETI"
CDB_Sample189/jai_0000116_1537_1121.png,NORM,NONE,NONE,PABO
CDB_Sample156/jai_0000307_1623_93.png,NORM,ECHI,NONE,NONE
EH5_Siemens029/jai_0000133_833_762.png,NORM,NONE,NONE,NONE
EH5_Siemens013/jai_0000074_1770_1227.png,MICR,OVAL,NONE,NONE
EH5_Siemens012/jai_0000059_206_1060.png,NORM,ECHI,NONE,NONE
EH5_Siemens012/jai_0000303_354_736.png,NORM,NONE,TARG,NONE
EH5_Siemens012/jai_0000139_120_1141.png,NORM,NONE,TARG,NONE
EH5_Siemens083/jai_0000016_31_117.png,NORM,HELM,NONE,NONE
EH5_Siemens012/jai_0000179_921_876.png,NORM,NONE,NONE,NRBC
CDB_Sample125/jai_0000094_465_516.png,NORM,NONE,NONE,MALA
EH5_Siemens003/jai_0000872_1939_1114.png,NORM,NONE,NONE,NONE
EH5_Siemens029/jai_0000133_518_1371.png,NORM,ECHI,NONE,NONE
CDB_Sample189/jai_0000291_1965_403.png,NORM,NONE,NONE,NONE
CDB_Sample125/jai_0000094_227_554.png,NORM,NONE,NONE,MALA
EH5_Siemens029/jai_0000655_1735_1137.png,NORM,NONE,NONE,NONE
EH5_Siemens012/jai_0000057_1366_312.png,NORM,OVAL,NONE,"BAST, RETI"
CDB_Sample125/jai_0000004_1760_1360.png,NORM,NONE,NONE,MALA
EH5_Siemens012/jai_0000318_118_730.png,NORM,NONE,NONE,NRBC
CDB_Sample012/jai_0000063_839_251.png,NORM,NONE,NONE,NONE
EH5_Siemens037/jai_0000092_1023_495.png,NORM,ECHI,NONE,NONE
EH5_Siemens029/jai_0000184_1945_179.png,MICR,NONE,NONE,NONE
EH5_Siemens045/jai_0000008_1648_1273.png,MICR,SCHI,NONE,NONE
EH5_Siemens029/jai_0000871_392_1418.png,NORM,NONE,HYPO,NONE
EH5_Siemens029/jai_0000525_320_67.png,NORM,NONE,NONE,NONE
EH5_Siemens029/jai_0000396_202_73.png,NORM,NONE,NONE,NONE
CDB_Sample189/jai_0000038_751_204.png,NORM,NONE,NONE,"HOJO, RETI"
EH5_Siemens037/jai_0000441_1409_277.png,NORM,ECHI,NONE,NONE
CDB_Sample030/jai_0000016_1066_646.png,NORM,ELLI,NONE,NONE
EH5_Siemens003/jai_0000278_660_58.png,NORM,OVAL,NONE,NONE
EH5_Siemens003/jai_0000782_1029_101.png,NORM,NONE,NONE,NONE
EH5_Siemens037/jai_0000611_85_505.png,NORM,NONE,TARG,NONE
EH5_Siemens012/jai_0000044_371_1384.png,NORM,OVAL,HYPR,BAST
CDB_Sample030/jai_0000185_114_947.png,NORM,TEAR,NONE,NONE
EH5_Siemens012/jai_0000187_1026_117.png,NORM,NONE,HYPR,NONE
EH5_Siemens013/jai_0000071_1184_665.png,NORM,ELLI,NONE,NONE
EH5_Siemens003/jai_0000278_1646_130.png,NORM,NONE,NONE,NONE
EH5_Siemens029/jai_0000822_398_1185.png,NORM,NONE,NONE,NONE
CDB_Sample125/jai_0000051_1712_123.png,NORM,NONE,NONE,MALA
CDB_Sample125/jai_0000010_1673_1163.png,MICR,SPHE,NONE,NONE
CDB_Sample012/jai_0000107_434_607.png,NORM,NONE,NONE,HOJO
EH5_Siemens012/jai_0001353_1286_1185.png,NORM,HELM,NONE,"BAST, HOJO"
CDB_Sample012/jai_0000196_1604_550.png,NORM,NONE,NONE,NONE
EH5_Siemens029/jai_0000525_1789_462.png,NORM,TEAR,NONE,NONE
EH5_Siemens029/jai_0000695_657_724.png,NORM,NONE,NONE,NONE
CDB_Sample030/jai_0000148_928_312.png,NORM,NONE,NONE,NONE
CDB_Sample189/jai_0000122_1913_659.png,NORM,NONE,NONE,RETI
EH5_Siemens029/jai_0000822_1919_1417.png,NORM,TEAR,NONE,NONE
CDB_Sample189/jai_0000168_1564_255.png,NORM,NONE,NONE,HOJO
CDB_Sample030/jai_0000186_1115_111.png,MICR,NONE,NONE,NONE
CDB_Sample030/jai_0000062_1936_407.png,NORM,NONE,NONE,NONE
EH5_Siemens083/jai_0000183_587_252.png,NORM,NONE,HYPR,NONE
CDB_Sample189/jai_0000373_1853_1117.png,NORM,NONE,NONE,PABO
EH5_Siemens008/jai_0000241_924_194.png,NORM,NONE,NONE,NONE
CDB_Sample030/jai_0000061_117_780.png,NORM,OVAL,NONE,NONE
EH5_Siemens012/jai_0000264_1196_1287.png,NORM,NONE,NONE,"BAST, HOJO, RETI"
EH5_Siemens083/jai_0000183_1646_960.png,NORM,NONE,NONE,"BAST, RETI"
CDB_Sample125/jai_0000053_619_1361.png,NORM,NONE,NONE,BAST
CDB_Sample012/jai_0000108_392_1107.png,NORM,NONE,NONE,NONE
EH5_Siemens012/jai_0000390_1773_1214.png,MICR,NONE,NONE,BAST
CDB_Sample189/jai_0000248_186_1036.png,NORM,NONE,STOM,NONE
CDB_Sample030/jai_0000188_1946_810.png,MICR,SPHE,NONE,NONE
CDB_Sample189/jai_0000248_186_1036.png,NORM,NONE,STOM,NONE
CDB_Sample189/jai_0000115_1007_246.png,NORM,SICK,NONE,NONE
EH5_Siemens012/jai_0000139_1654_1441.png,NORM,NONE,TARG,NONE
CDB_Sample189/jai_0000246_1501_492.png,NORM,NONE,NONE,PABO
EH5_Siemens083/jai_0000182_1197_541.png,NORM,NONE,STOM,NONE
CDB_Sample030/jai_0000013_256_1210.png,NORM,NONE,HYPO,NONE
EH5_Siemens029/jai_0000871_575_640.png,MICR,NONE,NONE,NONE
CDB_Sample189/jai_0000118_1455_431.png,NORM,NONE,NONE,RETI
CDB_Sample125/jai_0000180_1418_435.png,NORM,NONE,NONE,NONE
EH5_Siemens029/jai_0000569_777_518.png,NORM,NONE,HYPR,NONE
CDB_Sample030/jai_0000232_1136_227.png,MICR,NONE,NONE,NONE
EH5_Siemens008/jai_0001437_841_350.png,NORM,BITE,NONE,NONE
EH5_Siemens012/jai_0000264_1196_1287.png,NORM,NONE,NONE,"BAST, HOJO, RETI"
EH5_Siemens012/jai_0001437_654_1314.png,NORM,OVAL,NONE,"BAST, HOJO"
EH5_Siemens008/jai_0001178_1948_1154.png,NORM,NONE,NONE,NONE
EH5_Siemens083/jai_0000180_1777_569.png,NORM,NONE,HYPO,"BAST, RETI"
CDB_Sample012/jai_0000116_561_392.png,NORM,NONE,NONE,NONE
EH5_Siemens029/jai_0000440_990_802.png,MICR,NONE,NONE,NONE
CDB_Sample189/jai_0000114_356_735.png,NORM,NONE,HYPO,HOJO
EH5_Siemens013/jai_0000847_32_1297.png,NORM,NONE,NONE,RETI
CDB_Sample030/jai_0000231_1196_1043.png,MICR,NONE,NONE,NONE
EH5_Siemens008/jai_0000287_809_290.png,NORM,ECHI,NONE,NONE
CDB_Sample189/jai_0000333_306_885.png,NORM,NONE,NONE,NONE
CDB_Sample126/jai_0000114_333_733.png,MACR,NONE,NONE,NONE
CDB_Sample012/jai_0000146_1275_159.png,NORM,NONE,NONE,NONE
EH5_Siemens008/jai_0000287_785_1034.png,MACR,NONE,NONE,NONE
EH5_Siemens029/jai_0000479_942_1363.png,NORM,NONE,NONE,NONE
EH5_Siemens037/jai_0000656_251_1072.png,NORM,NONE,NONE,RETI
EH5_Siemens012/jai_0001268_1072_216.png,MICR,OVAL,NONE,"HOJO, RETI"
EH5_Siemens008/jai_0001437_841_350.png,NORM,BITE,NONE,NONE
EH5_Siemens029/jai_0000439_1163_977.png,MICR,SPHE,NONE,NONE
CDB_Sample030/jai_0000019_1211_172.png,MICR,NONE,NONE,NONE
EH5_Siemens029/jai_0000310_643_1373.png,NORM,NONE,NONE,NONE
EH5_Siemens012/jai_0001353_1286_1185.png,NORM,HELM,NONE,"BAST, HOJO"
EH5_Siemens012/jai_0000136_725_562.png,NORM,NONE,NONE,NONE
CDB_Sample189/jai_0000247_682_815.png,NORM,NONE,NONE,RETI
EH5_Siemens029/jai_0000655_502_1064.png,NORM,NONE,NONE,NONE
EH5_Siemens012/jai_0000059_202_265.png,NORM,NONE,HYPO,NONE
EH5_Siemens083/jai_0001428_511_1067.png,NORM,NONE,NONE,NONE
EH5_Siemens083/jai_0001387_1043_638.png,NORM,ECHI,NONE,NONE
CDB_Sample012/jai_0000032_647_840.png,NORM,NONE,NONE,NONE
CDB_Sample189/jai_0000115_657_598.png,NORM,NONE,NONE,HOJO
EH5_Siemens029/jai_0000655_848_1167.png,NORM,NONE,NONE,NONE
CDB_Sample012/jai_0000117_1736_708.png,NORM,NONE,NONE,NONE
CDB_Sample189/jai_0000245_1579_1004.png,NORM,SICK,NONE,NONE
EH5_Siemens029/jai_0000353_683_388.png,NORM,NONE,NONE,NONE
EH5_Siemens037/jai_0000657_550_749.png,NORM,NONE,STOM,NONE
CDB_Sample030/jai_0000146_180_1185.png,MICR,SPHE,NONE,NONE
EH5_Siemens029/jai_0000353_1626_37.png,NORM,NONE,NONE,NONE
EH5_Siemens029/jai_0000828_1362_160.png,NORM,NONE,NONE,NONE
CDB_Sample012/jai_0000029_375_1355.png,MICR,NONE,NONE,NONE
EH5_Siemens083/jai_0001428_1803_1400.png,NORM,NONE,HYPR,NONE
CDB_Sample189/jai_0000116_100_171.png,NORM,NONE,STOM,NONE
CDB_Sample189/jai_0000161_1556_854.png,NORM,NONE,NONE,PABO
EH5_Siemens012/jai_0000019_956_1247.png,NORM,NONE,NONE,"BAST, RETI"
EH5_Siemens012/jai_0000059_338_690.png,NORM,NONE,NONE,"BAST, RETI"
EH5_Siemens012/jai_0000046_321_800.png,NORM,NONE,NONE,NRBC
EH5_Siemens012/jai_0001268_1072_216.png,MICR,OVAL,NONE,"HOJO, RETI"
CDB_Sample156/jai_0000610_1050_1239.png,NORM,ECHI,NONE,NONE
EH5_Siemens012/jai_0001268_1072_216.png,MICR,OVAL,NONE,"HOJO, RETI"
EH5_Siemens012/jai_0000046_398_735.png,NORM,ECHI,NONE,NONE
EH5_Siemens012/jai_0000182_642_1253.png,NORM,NONE,NONE,"BAST, RETI"
EH5_Siemens012/jai_0001268_1072_216.png,MICR,OVAL,NONE,"HOJO, RETI"
EH5_Siemens083/jai_0000182_1320_776.png,NORM,NONE,NONE,NONE
EH5_Siemens012/jai_0001353_1286_1185.png,NORM,HELM,NONE,"BAST, HOJO"
CDB_Sample189/jai_0000165_547_873.png,NORM,NONE,NONE,PABO
CDB_Sample030/jai_0000011_1816_116.png,NORM,ELLI,NONE,NONE
EH5_Siemens083/jai_0000185_1043_288.png,NORM,NONE,NONE,"BAST, RETI"
EH5_Siemens003/jai_0000265_1198_1048.png,NORM,NONE,NONE,HOJO
CDB_Sample012/jai_0000109_925_300.png,NORM,NONE,NONE,HOJO
CDB_Sample125/jai_0000351_1332_520.png,NORM,NONE,NONE,MALA
CDB_Sample030/jai_0000019_1031_1400.png,NORM,NONE,NONE,NONE
CDB_Sample030/jai_0000142_1670_627.png,NORM,NONE,NONE,NONE
EH5_Siemens083/jai_0000060_1658_449.png,NORM,NONE,TARG,NONE
CDB_Sample030/jai_0000101_312_1421.png,MICR,NONE,NONE,NONE
EH5_Siemens083/jai_0001428_464_157.png,NORM,NONE,NONE,NONE
EH5_Siemens029/jai_0000695_283_630.png,NORM,NONE,NONE,NONE
CDB_Sample189/jai_0000337_1873_779.png,NORM,NONE,NONE,PABO
EH5_Siemens083/jai_0001387_532_780.png,NORM,ECHI,NONE,NONE
EH5_Siemens037/jai_0000613_1048_108.png,NORM,OVAL,NONE,NONE
EH5_Siemens012/jai_0000951_513_920.png,NORM,NONE,NONE,"BAST, HOJO, RETI"
CDB_Sample125/jai_0000057_233_1155.png,NORM,NONE,NONE,MALA
EH5_Siemens012/jai_0001477_753_715.png,NORM,NONE,NONE,"BAST, RETI"
EH5_Siemens012/jai_0001268_506_1175.png,MICR,NONE,NONE,"BAST, RETI"
EH5_Siemens083/jai_0000223_1276_623.png,NORM,OVAL,NONE,NONE
CDB_Sample030/jai_0000233_1326_1417.png,NORM,ELLI,NONE,NONE
CDB_Sample189/jai_0000168_715_253.png,NORM,NONE,NONE,RETI
EH5_Siemens008/jai_0000287_671_181.png,MICR,NONE,NONE,NONE
CDB_Sample156/jai_0000350_1227_837.png,NORM,NONE,NONE,MALA
EH5_Siemens003/jai_0000980_1060_372.png,NORM,NONE,NONE,NONE
CDB_Sample189/jai_0000033_1277_554.png,NORM,NONE,NONE,PABO
CDB_Sample012/jai_0000116_926_1027.png,NORM,NONE,NONE,NONE
EH5_Siemens013/jai_0000544_68_1424.png,NORM,NONE,NONE,NONE
EH5_Siemens012/jai_0001474_210_726.png,MICR,NONE,NONE,BAST
CDB_Sample012/jai_0000032_622_900.png,NORM,NONE,HYPO,NONE
EH5_Siemens012/jai_0000187_1943_1429.png,NORM,OVAL,NONE,BAST
EH5_Siemens037/jai_0000483_1056_422.png,NORM,ECHI,NONE,NONE
CDB_Sample125/jai_0000355_610_1239.png,NORM,NONE,NONE,MALA
CDB_Sample189/jai_0000038_751_204.png,NORM,NONE,NONE,"HOJO, RETI"
EH5_Siemens037/jai_0000441_1342_600.png,NORM,NONE,NONE,NONE
EH5_Siemens013/jai_0000327_198_78.png,MICR,SPHE,NONE,NONE
CDB_Sample125/jai_0000356_313_158.png,NORM,NONE,HYPO,NONE
EH5_Siemens012/jai_0000179_1828_919.png,NORM,NONE,TARG,NONE
EH5_Siemens013/jai_0000803_1574_266.png,NORM,NONE,NONE,NONE
EH5_Siemens029/jai_0000828_1644_966.png,NORM,TEAR,NONE,NONE
EH5_Siemens012/jai_0001568_791_147.png,MICR,NONE,HYPO,HOJO
EH5_Siemens012/jai_0001261_1435_477.png,NORM,NONE,NONE,"BAST, RETI"
EH5_Siemens012/jai_0000059_1567_776.png,NORM,NONE,HYPO,NONE
CDB_Sample012/jai_0000064_372_1199.png,NORM,NONE,STOM,NONE
CDB_Sample030/jai_0000227_181_572.png,NORM,NONE,HYPR,NONE
EH5_Siemens012/jai_0000059_1134_289.png,NORM,NONE,NONE,NONE
EH5_Siemens003/jai_0000872_1387_277.png,NORM,NONE,HYPO,NONE
EH5_Siemens013/jai_0000072_507_865.png,NORM,NONE,NONE,NONE
CDB_Sample189/jai_0000333_1204_1004.png,NORM,NONE,STOM,NONE
CDB_Sample189/jai_0000116_1537_1121.png,NORM,NONE,NONE,PABO
EH5_Siemens037/jai_0000482_464_42.png,NORM,NONE,HYPO,NONE
EH5_Siemens037/jai_0000092_1722_28.png,NORM,NONE,HYPR,NONE
EH5_Siemens012/jai_0000174_938_1403.png,NORM,NONE,NONE,NRBC
CDB_Sample125/jai_0000010_1748_300.png,NORM,NONE,NONE,MALA
CDB_Sample125/jai_0000094_290_652.png,MICR,NONE,NONE,NONE
EH5_Siemens012/jai_0000951_513_920.png,NORM,NONE,NONE,"BAST, HOJO, RETI"
EH5_Siemens012/jai_0000043_1189_192.png,MICR,SPHE,NONE,NONE
EH5_Siemens083/jai_0000185_855_1090.png,MACR,OVAL,HYPR,NONE
CDB_Sample156/jai_0000610_1132_1167.png,NORM,NONE,NONE,MALA
EH5_Siemens012/jai_0000057_302_969.png,NORM,NONE,HYPO,NONE
EH5_Siemens013/jai_0000371_1917_799.png,MICR,NONE,NONE,NONE
EH5_Siemens083/jai_0000184_515_344.png,NORM,NONE,TARG,NONE
CDB_Sample012/jai_0000024_865_1178.png,MICR,NONE,NONE,NONE
EH5_Siemens083/jai_0001472_880_1111.png,MACR,NONE,HYPR,NONE
EH5_Siemens029/jai_0000653_1796_1347.png,NORM,NONE,NONE,NONE
EH5_Siemens012/jai_0000057_1638_780.png,NORM,OVAL,NONE,NONE
CDB_Sample125/jai_0000269_352_241.png,NORM,NONE,NONE,MALA
EH5_Siemens003/jai_0000976_1035_439.png,NORM,NONE,NONE,NONE
CDB_Sample125/jai_0000008_1958_419.png,NORM,NONE,NONE,MALA
CDB_Sample125/jai_0000010_526_338.png,NORM,NONE,NONE,NONE
CDB_Sample189/jai_0000335_1333_1312.png,NORM,NONE,NONE,NONE
CDB_Sample189/jai_0000114_1123_559.png,NORM,NONE,NONE,RETI
EH5_Siemens012/jai_0001353_1286_1185.png,NORM,HELM,NONE,"BAST, HOJO"
CDB_Sample125/jai_0000183_1043_869.png,NORM,NONE,NONE,MALA
CDB_Sample125/jai_0000185_904_955.png,NORM,NONE,NONE,NONE
EH5_Siemens008/jai_0001145_384_67.png,NORM,NONE,NONE,NONE
EH5_Siemens012/jai_0001086_612_735.png,MICR,NONE,HYPO,NONE
EH5_Siemens037/jai_0000356_1632_714.png,NORM,NONE,NONE,NONE
EH5_Siemens083/jai_0000058_1678_948.png,NORM,NONE,NONE,NONE
EH5_Siemens029/jai_0000871_1530_1145.png,NORM,NONE,NONE,NONE
CDB_Sample030/jai_0000142_653_644.png,NORM,NONE,HYPO,NONE
EH5_Siemens012/jai_0000019_1857_1151.png,NORM,NONE,HYPO,NONE
EH5_Siemens012/jai_0000303_64_613.png,NORM,NONE,NONE,NRBC
CDB_Sample030/jai_0000148_580_237.png,NORM,TEAR,NONE,NONE
EH5_Siemens003/jai_0000980_1341_1429.png,NORM,NONE,NONE,NONE
EH5_Siemens012/jai_0000182_936_1205.png,NORM,NONE,HYPR,NONE
EH5_Siemens083/jai_0000182_1493_317.png,NORM,NONE,NONE,NONE
CDB_Sample030/jai_0000235_1209_96.png,NORM,OVAL,NONE,NONE
EH5_Siemens083/jai_0000356_83_412.png,NORM,OVAL,NONE,NONE
CDB_Sample189/jai_0000160_1817_1108.png,NORM,NONE,HYPO,NONE
EH5_Siemens012/jai_0000187_1625_630.png,NORM,NONE,TARG,NONE
CDB_Sample189/jai_0000380_204_869.png,NORM,NONE,NONE,RETI
CDB_Sample189/jai_0000118_801_1305.png,NORM,NONE,NONE,HOJO
CDB_Sample030/jai_0000185_351_1078.png,NORM,NONE,HYPO,NONE
EH5_Siemens013/jai_0000969_1919_1018.png,NORM,TEAR,NONE,NONE
EH5_Siemens037/jai_0000656_1284_604.png,MACR,NONE,HYPR,NONE
CDB_Sample012/jai_0000155_363_397.png,MICR,NONE,NONE,NONE
CDB_Sample189/jai_0000334_1824_1430.png,NORM,NONE,NONE,NONE
CDB_Sample189/jai_0000249_1880_569.png,NORM,NONE,NONE,RETI
CDB_Sample189/jai_0000161_1080_1188.png,NORM,NONE,NONE,PABO
EH5_Siemens083/jai_0000013_1409_294.png,NORM,ECHI,NONE,NONE
EH5_Siemens037/jai_0000312_672_188.png,NORM,NONE,HYPO,NONE
EH5_Siemens037/jai_0000009_1070_1142.png,NORM,NONE,NONE,NONE
CDB_Sample125/jai_0000096_994_1300.png,NORM,NONE,NONE,MALA
EH5_Siemens083/jai_0000179_582_618.png,MICR,ELLI,NONE,NONE
CDB_Sample030/jai_0000056_199_1395.png,NORM,OVAL,NONE,NONE
CDB_Sample012/jai_0000110_1897_1415.png,NORM,NONE,STOM,NONE
CDB_Sample156/jai_0000268_1138_78.png,NORM,NONE,NONE,NONE
CDB_Sample125/jai_0000263_349_721.png,NORM,NONE,NONE,NONE
EH5_Siemens012/jai_0000059_1902_1053.png,NORM,ECHI,HYPO,NONE
CDB_Sample125/jai_0000180_1358_60.png,NORM,NONE,NONE,NONE
EH5_Siemens083/jai_0001430_83_1195.png,NORM,NONE,HYPO,NONE
EH5_Siemens012/jai_0000264_1196_1287.png,NORM,NONE,NONE,"BAST, HOJO, RETI"
EH5_Siemens013/jai_0000119_1847_580.png,NORM,NONE,NONE,RETI
EH5_Siemens012/jai_0001437_654_1314.png,NORM,OVAL,NONE,"BAST, HOJO"
CDB_Sample125/jai_0000053_619_1361.png,NORM,NONE,NONE,BAST
CDB_Sample189/jai_0000160_798_498.png,NORM,NONE,STOM,NONE
CDB_Sample156/jai_0000310_364_877.png,NORM,ECHI,NONE,NONE
EH5_Siemens013/jai_0000414_270_1064.png,NORM,NONE,NONE,NONE
EH5_Siemens029/jai_0000695_1856_885.png,NORM,NONE,NONE,NONE
EH5_Siemens083/jai_0001387_257_1304.png,NORM,NONE,HYPO,NONE
EH5_Siemens003/jai_0000980_1283_828.png,MICR,NONE,NONE,NONE
CDB_Sample030/jai_0000096_740_1151.png,NORM,NONE,STOM,NONE
CDB_Sample030/jai_0000234_1119_462.png,NORM,NONE,NONE,NONE
EH5_Siemens003/jai_0000980_1505_62.png,NORM,OVAL,NONE,NONE
EH5_Siemens012/jai_0000057_1569_1060.png,NORM,NONE,NONE,NRBC
EH5_Siemens012/jai_0001268_1072_216.png,MICR,OVAL,NONE,"HOJO, RETI"
CDB_Sample156/jai_0000180_380_761.png,NORM,NONE,NONE,NONE
CDB_Sample030/jai_0000272_677_870.png,NORM,OVAL,NONE,NONE
EH5_Siemens012/jai_0000059_285_402.png,NORM,NONE,HYPO,NONE
EH5_Siemens003/jai_0000747_100_231.png,NORM,NONE,NONE,NONE
EH5_Siemens012/jai_0000264_1196_1287.png,NORM,NONE,NONE,"BAST, HOJO, RETI"
EH5_Siemens008/jai_0001610_92_564.png,NORM,BITE,NONE,NONE
EH5_Siemens029/jai_0000822_1588_488.png,MICR,SPHE,NONE,NONE
EH5_Siemens029/jai_0000692_1195_42.png,MICR,NONE,NONE,NONE
EH5_Siemens008/jai_0000583_660_1436.png,NORM,NONE,NONE,NONE
CDB_Sample189/jai_0000249_344_76.png,NORM,NONE,NONE,PABO
EH5_Siemens029/jai_0000692_670_518.png,NORM,HELM,NONE,NONE
EH5_Siemens012/jai_0001512_779_1122.png,NORM,NONE,NONE,NRBC
CDB_Sample189/jai_0000079_1778_146.png,NORM,NONE,NONE,HOJO
EH5_Siemens012/jai_0001089_1629_387.png,NORM,NONE,HYPO,NONE
EH5_Siemens012/jai_0000951_513_920.png,NORM,NONE,NONE,"BAST, HOJO, RETI"
EH5_Siemens012/jai_0000395_1004_511.png,NORM,NONE,NONE,BAST
CDB_Sample189/jai_0000247_1106_853.png,NORM,ELLI,NONE,NONE
CDB_Sample189/jai_0000248_1301_74.png,NORM,SICK,NONE,NONE
EH5_Siemens008/jai_0000241_1669_662.png,NORM,NONE,NONE,NONE
EH5_Siemens008/jai_0001657_81_1253.png,NORM,OVAL,NONE,NONE
EH5_Siemens008/jai_0001145_911_879.png,NORM,NONE,NONE,NONE
EH5_Siemens012/jai_0000951_513_920.png,NORM,NONE,NONE,"BAST, HOJO, RETI"
CDB_Sample189/jai_0000373_627_831.png,NORM,NONE,NONE,PABO
CDB_Sample012/jai_0000070_780_302.png,NORM,NONE,NONE,"BAST, RETI"
CDB_Sample012/jai_0000065_1381_1388.png,MICR,NONE,NONE,NONE
EH5_Siemens012/jai_0001268_1072_216.png,MICR,OVAL,NONE,"HOJO, RETI"
EH5_Siemens037/jai_0000356_1916_443.png,NORM,OVAL,NONE,NONE
EH5_Siemens037/jai_0000400_494_106.png,NORM,ECHI,NONE,NONE
CDB_Sample156/jai_0000395_1537_213.png,NORM,ECHI,NONE,NONE
EH5_Siemens012/jai_0000951_513_920.png,NORM,NONE,NONE,"BAST, HOJO, RETI"
EH5_Siemens012/jai_0000043_86_1253.png,NORM,NONE,NONE,BAST
EH5_Siemens037/jai_0000568_512_868.png,NORM,NONE,TARG,NONE
EH5_Siemens037/jai_0000611_161_555.png,NORM,OVAL,NONE,HOJO
EH5_Siemens012/jai_0000390_1773_1214.png,MICR,NONE,NONE,BAST
EH5_Siemens029/jai_0000133_930_689.png,NORM,NONE,NONE,NONE
EH5_Siemens012/jai_0001173_1495_196.png,MICR,NONE,NONE,BAST
CDB_Sample189/jai_0000381_87_77.png,NORM,NONE,HYPO,NONE
CDB_Sample156/jai_0000180_458_732.png,NORM,ECHI,NONE,NONE
EH5_Siemens013/jai_0000758_1652_678.png,NORM,TEAR,NONE,NONE
CDB_Sample125/jai_0000275_1097_412.png,NORM,NONE,NONE,MALA
EH5_Siemens037/jai_0000358_1248_140.png,NORM,NONE,NONE,HOJO
EH5_Siemens012/jai_0000951_513_920.png,NORM,NONE,NONE,"BAST, HOJO, RETI"
CDB_Sample125/jai_0000315_500_517.png,NORM,NONE,NONE,MALA
EH5_Siemens083/jai_0000267_1117_390.png,NORM,OVAL,HYPO,NONE
CDB_Sample156/jai_0000095_106_155.png,NORM,ACAN,NONE,NONE
CDB_Sample030/jai_0000015_1285_477.png,NORM,TEAR,NONE,NONE
EH5_Siemens012/jai_0000187_1943_1429.png,NORM,OVAL,NONE,BAST
EH5_Siemens013/jai_0000327_513_587.png,MICR,NONE,NONE,NONE
EH5_Siemens012/jai_0000487_533_1323.png,MICR,NONE,NONE,"BAST, RETI"
EH5_Siemens012/jai_0001525_993_1297.png,NORM,NONE,HYPO,NONE
EH5_Siemens029/jai_0000048_1353_460.png,NORM,NONE,NONE,NONE
CDB_Sample030/jai_0000011_713_822.png,NORM,ELLI,NONE,NONE
CDB_Sample125/jai_0000271_1415_703.png,NORM,NONE,NONE,MALA
CDB_Sample189/jai_0000035_1089_122.png,NORM,NONE,NONE,HOJO
CDB_Sample156/jai_0000269_1392_452.png,NORM,NONE,NONE,NONE
EH5_Siemens012/jai_0000043_1432_839.png,NORM,NONE,NONE,NRBC
CDB_Sample030/jai_0000274_1805_1073.png,NORM,OVAL,NONE,NONE
CDB_Sample189/jai_0000121_1610_560.png,NORM,NONE,NONE,PABO
EH5_Siemens083/jai_0000064_396_700.png,NORM,NONE,HYPO,NONE
CDB_Sample125/jai_0000356_1678_1408.png,MICR,SPHE,NONE,NONE
CDB_Sample189/jai_0000120_128_61.png,NORM,NONE,NONE,NONE
CDB_Sample030/jai_0000145_826_288.png,NORM,TEAR,NONE,NONE
EH5_Siemens012/jai_0001173_864_994.png,NORM,NONE,HYPR,"BAST, RETI"
CDB_Sample189/jai_0000034_567_1093.png,NORM,SICK,NONE,NONE
EH5_Siemens012/jai_0000019_1928_1085.png,NORM,NONE,HYPR,NONE
EH5_Siemens012/jai_0000043_908_1424.png,NORM,NONE,NONE,NRBC
EH5_Siemens083/jai_0000223_164_359.png,MICR,SCHI,NONE,NONE
EH5_Siemens013/jai_0000371_1717_1154.png,NORM,NONE,HYPR,NONE
CDB_Sample189/jai_0000040_288_708.png,NORM,NONE,HYPO,NONE
EH5_Siemens012/jai_0000059_1789_295.png,NORM,NONE,NONE,NRBC
EH5_Siemens083/jai_0000098_468_1134.png,NORM,OVAL,NONE,NONE
CDB_Sample125/jai_0000353_1824_1122.png,NORM,NONE,NONE,MALA
CDB_Sample156/jai_0000179_882_838.png,NORM,ACAN,NONE,NONE
CDB_Sample012/jai_0000149_1893_264.png,NORM,NONE,NONE,HOJO
EH5_Siemens013/jai_0000333_51_522.png,MACR,NONE,NONE,NONE
EH5_Siemens029/jai_0000133_1784_1295.png,NORM,HELM,NONE,NONE
CDB_Sample030/jai_0000103_877_639.png,NORM,TEAR,NONE,NONE
CDB_Sample125/jai_0000052_1431_152.png,NORM,NONE,NONE,MALA
EH5_Siemens012/jai_0000147_972_832.png,MICR,NONE,NONE,BAST
EH5_Siemens003/jai_0000980_1179_885.png,NORM,NONE,NONE,NONE
CDB_Sample156/jai_0000394_420_1263.png,NORM,NONE,NONE,NONE
CDB_Sample125/jai_0000314_1789_318.png,NORM,ECHI,NONE,NONE
EH5_Siemens037/jai_0000570_1588_673.png,MACR,NONE,NONE,NONE
EH5_Siemens008/jai_0001480_624_762.png,NORM,NONE,HYPO,NONE
EH5_Siemens083/jai_0000184_613_774.png,MICR,NONE,NONE,"BAST, RETI"
CDB_Sample030/jai_0000061_617_666.png,NORM,TEAR,NONE,NONE
EH5_Siemens012/jai_0000174_360_339.png,NORM,BITE,NONE,NONE
EH5_Siemens012/jai_0001437_654_1314.png,NORM,OVAL,NONE,"BAST, HOJO"
CDB_Sample012/jai_0000113_836_1055.png,MICR,NONE,NONE,NONE
EH5_Siemens013/jai_0000588_449_251.png,NORM,NONE,NONE,RETI
EH5_Siemens003/jai_0000278_779_946.png,NORM,NONE,NONE,NONE
EH5_Siemens013/jai_0000074_1004_1172.png,NORM,HELM,NONE,NONE
EH5_Siemens012/jai_0001166_576_1304.png,NORM,NONE,NONE,"BAST, RETI"
EH5_Siemens012/jai_0000303_64_613.png,NORM,NONE,NONE,NRBC
EH5_Siemens012/jai_0001268_1072_216.png,MICR,OVAL,NONE,"HOJO, RETI"
EH5_Siemens037/jai_0000613_298_1368.png,NORM,NONE,TARG,NONE
EH5_Siemens012/jai_0000950_401_316.png,NORM,NONE,TARG,NONE
EH5_Siemens013/jai_0001064_1422_832.png,MICR,NONE,NONE,NONE
EH5_Siemens008/jai_0000621_803_1221.png,NORM,NONE,NONE,NONE
EH5_Siemens012/jai_0001353_1286_1185.png,NORM,HELM,NONE,"BAST, HOJO"
CDB_Sample189/jai_0000034_819_226.png,NORM,NONE,NONE,PABO
EH5_Siemens083/jai_0000017_1689_1400.png,NORM,NONE,HYPO,NONE
CDB_Sample125/jai_0000269_287_75.png,NORM,NONE,HYPO,NONE
CDB_Sample189/jai_0000122_672_463.png,NORM,NONE,NONE,NONE
CDB_Sample189/jai_0000162_1355_1268.png,NORM,NONE,NONE,HOJO
CDB_Sample189/jai_0000334_472_416.png,NORM,NONE,HYPO,PABO
EH5_Siemens012/jai_0000003_1530_443.png,NORM,ELLI,NONE,NONE
CDB_Sample125/jai_0000180_1363_835.png,NORM,NONE,NONE,MALA
EH5_Siemens083/jai_0000098_950_1152.png,NORM,NONE,HYPO,NONE
EH5_Siemens008/jai_0000241_1600_1234.png,NORM,NONE,NONE,NONE
EH5_Siemens003/jai_0000783_636_600.png,NORM,NONE,NONE,RETI
CDB_Sample189/jai_0000038_751_204.png,NORM,NONE,NONE,"HOJO, RETI"
CDB_Sample189/jai_0000288_246_375.png,NORM,NONE,NONE,PABO
EH5_Siemens037/jai_0000611_1466_110.png,NORM,NONE,NONE,NONE
EH5_Siemens012/jai_0001268_1072_216.png,MICR,OVAL,NONE,"HOJO, RETI"
EH5_Siemens012/jai_0000044_371_1384.png,NORM,OVAL,HYPR,BAST
CDB_Sample189/jai_0000038_751_204.png,NORM,NONE,NONE,"HOJO, RETI"
EH5_Siemens083/jai_0000185_1174_393.png,NORM,NONE,HYPR,NONE
EH5_Siemens012/jai_0000192_834_743.png,NORM,NONE,HYPO,NONE
CDB_Sample189/jai_0000114_478_823.png,NORM,NONE,HYPO,PABO
EH5_Siemens012/jai_0001268_1072_216.png,MICR,OVAL,NONE,"HOJO, RETI"
EH5_Siemens008/jai_0001422_948_481.png,NORM,NONE,NONE,NONE
EH5_Siemens083/jai_0000184_613_774.png,MICR,NONE,NONE,"BAST, RETI"
EH5_Siemens008/jai_0000150_267_300.png,NORM,NONE,TARG,NONE
EH5_Siemens012/jai_0000046_321_800.png,NORM,NONE,NONE,NRBC
CDB_Sample156/jai_0000306_540_1274.png,NORM,ECHI,NONE,NONE
EH5_Siemens041/jai_0000188_1681_418.png,NORM,BITE,NONE,NONE
CDB_Sample125/jai_0000183_1043_869.png,NORM,NONE,NONE,MALA
EH5_Siemens029/jai_0000695_237_676.png,NORM,NONE,NONE,NONE
EH5_Siemens045/jai_0000186_1249_692.png,NORM,BITE,NONE,NONE
EH5_Siemens083/jai_0000267_1415_1379.png,NORM,NONE,HYPO,NONE
EH5_Siemens012/jai_0001353_1286_1185.png,NORM,HELM,NONE,"BAST, HOJO"
EH5_Siemens012/jai_0001268_1072_216.png,MICR,OVAL,NONE,"HOJO, RETI"
CDB_Sample189/jai_0000114_798_680.png,NORM,NONE,NONE,NONE
EH5_Siemens045/jai_0000184_378_1393.png,MICR,SCHI,NONE,NONE
CDB_Sample156/jai_0000521_51_1378.png,NORM,ECHI,NONE,NONE
EH5_Siemens012/jai_0000951_513_920.png,NORM,NONE,NONE,"BAST, HOJO, RETI"
EH5_Siemens029/jai_0000398_1138_92.png,NORM,NONE,NONE,NONE
EH5_Siemens008/jai_0000583_1830_1063.png,NORM,NONE,NONE,NONE
EH5_Siemens012/jai_0001173_864_994.png,NORM,NONE,HYPR,"BAST, RETI"
CDB_Sample030/jai_0000233_517_103.png,NORM,OVAL,HYPO,NONE
EH5_Siemens029/jai_0000052_1786_1096.png,NORM,NONE,NONE,NONE
EH5_Siemens012/jai_0000057_1569_1060.png,NORM,NONE,NONE,NRBC
EH5_Siemens083/jai_0001430_1848_104.png,NORM,NONE,NONE,NONE
EH5_Siemens083/jai_0000016_1224_1037.png,NORM,NONE,TARG,NONE
EH5_Siemens012/jai_0001353_1286_1185.png,NORM,HELM,NONE,"BAST, HOJO"
EH5_Siemens013/jai_0000414_557_248.png,NORM,NONE,NONE,NONE
EH5_Siemens083/jai_0000223_164_359.png,MICR,SCHI,NONE,NONE
CDB_Sample125/jai_0000054_1344_453.png,NORM,NONE,NONE,NONE
EH5_Siemens012/jai_0000825_720_955.png,NORM,NONE,NONE,"BAST, RETI"
CDB_Sample012/jai_0000026_91_904.png,NORM,NONE,NONE,NONE
CDB_Sample189/jai_0000163_1209_707.png,NORM,NONE,NONE,HOJO
CDB_Sample030/jai_0000231_1703_759.png,NORM,NONE,NONE,NONE
CDB_Sample189/jai_0000038_751_204.png,NORM,NONE,NONE,"HOJO, RETI"
EH5_Siemens012/jai_0000951_513_920.png,NORM,NONE,NONE,"BAST, HOJO, RETI"
EH5_Siemens037/jai_0000135_619_691.png,NORM,NONE,HYPO,NONE
EH5_Siemens037/jai_0000483_1364_854.png,MACR,NONE,NONE,NONE
CDB_Sample156/jai_0000269_1384_778.png,NORM,ECHI,NONE,NONE
EH5_Siemens013/jai_0000969_753_1184.png,NORM,NONE,NONE,NONE
EH5_Siemens012/jai_0000187_1025_815.png,NORM,NONE,NONE,NRBC
CDB_Sample125/jai_0000096_994_1300.png,NORM,NONE,NONE,MALA
EH5_Siemens037/jai_0000483_574_394.png,NORM,ACAN,NONE,NONE
CDB_Sample156/jai_0000351_1180_196.png,NORM,NONE,NONE,NONE
CDB_Sample189/jai_0000248_1594_596.png,NORM,SICK,NONE,NONE
EH5_Siemens037/jai_0000400_628_377.png,NORM,NONE,TARG,NONE
CDB_Sample030/jai_0000011_961_213.png,MICR,OVAL,NONE,NONE
EH5_Siemens029/jai_0000048_549_744.png,NORM,NONE,NONE,NONE
EH5_Siemens013/jai_0000758_1274_533.png,MICR,SPHE,NONE,NONE
EH5_Siemens012/jai_0001512_564_319.png,NORM,NONE,TARG,BAST
CDB_Sample125/jai_0000273_901_182.png,NORM,NONE,NONE,NONE
EH5_Siemens012/jai_0000046_662_689.png,NORM,ECHI,NONE,NONE
CDB_Sample156/jai_0000265_526_1427.png,NORM,ECHI,NONE,NONE
EH5_Siemens083/jai_0000013_1726_610.png,MICR,NONE,NONE,NONE
CDB_Sample012/jai_0000151_1019_1145.png,NORM,NONE,NONE,NONE
EH5_Siemens012/jai_0000043_86_1253.png,NORM,NONE,NONE,BAST
CDB_Sample156/jai_0000182_967_1190.png,NORM,NONE,NONE,NONE
EH5_Siemens037/jai_0000570_1568_1100.png,NORM,NONE,TARG,NONE
CDB_Sample012/jai_0000116_1617_897.png,MACR,NONE,HYPO,NONE
CDB_Sample030/jai_0000188_799_581.png,NORM,NONE,NONE,NONE
EH5_Siemens008/jai_0000578_1265_173.png,NORM,BITE,NONE,NONE
CDB_Sample125/jai_0000226_1490_904.png,NORM,NONE,NONE,NONE
EH5_Siemens012/jai_0000063_1347_1027.png,NORM,NONE,NONE,NONE
CDB_Sample012/jai_0000192_918_388.png,NORM,NONE,NONE,NONE
CDB_Sample156/jai_0000266_1834_559.png,NORM,ACAN,NONE,NONE
CDB_Sample125/jai_0000052_118_83.png,NORM,NONE,NONE,NONE
EH5_Siemens037/jai_0000009_1348_490.png,NORM,NONE,HYPO,NONE
EH5_Siemens037/jai_0000568_1262_1059.png,NORM,ECHI,NONE,NONE
CDB_Sample012/jai_0000151_31_885.png,MICR,NONE,NONE,NONE
CDB_Sample030/jai_0000016_1066_646.png,NORM,ELLI,NONE,NONE
EH5_Siemens008/jai_0000287_1215_691.png,MICR,SPHE,NONE,NONE
CDB_Sample156/jai_0000096_1942_1289.png,NORM,NONE,NONE,NONE
CDB_Sample189/jai_0000374_1243_1219.png,NORM,NONE,NONE,NONE
EH5_Siemens013/jai_0001155_1405_187.png,NORM,NONE,NONE,NONE
CDB_Sample030/jai_0000146_653_1343.png,NORM,OVAL,NONE,NONE
CDB_Sample189/jai_0000381_1500_1228.png,NORM,NONE,NONE,HOJO
CDB_Sample125/jai_0000180_355_290.png,NORM,NONE,NONE,MALA
EH5_Siemens012/jai_0001353_1286_1185.png,NORM,HELM,NONE,"BAST, HOJO"
EH5_Siemens083/jai_0000064_1883_821.png,NORM,NONE,HYPO,NONE
EH5_Siemens012/jai_0000139_490_1333.png,NORM,NONE,NONE,"BAST, RETI"
CDB_Sample189/jai_0000288_193_617.png,NORM,NONE,NONE,HOJO
EH5_Siemens037/jai_0000656_1884_682.png,NORM,NONE,HYPO,NONE
EH5_Siemens045/jai_0000094_797_580.png,MICR,SCHI,NONE,NONE
EH5_Siemens013/jai_0000588_187_1309.png,NORM,NONE,HYPR,NONE
EH5_Siemens012/jai_0000174_360_339.png,NORM,BITE,NONE,NONE
EH5_Siemens008/jai_0000583_1483_873.png,NORM,NONE,NONE,NONE
CDB_Sample012/jai_0000066_74_797.png,NORM,NONE,STOM,NONE
EH5_Siemens037/jai_0000358_804_375.png,NORM,NONE,TARG,NONE
EH5_Siemens013/jai_0000417_1299_1304.png,NORM,NONE,STOM,NONE
EH5_Siemens012/jai_0001268_1072_216.png,MICR,OVAL,NONE,"HOJO, RETI"
EH5_Siemens029/jai_0000653_734_278.png,NORM,TEAR,NONE,NONE
CDB_Sample156/jai_0000567_1939_1081.png,NORM,ECHI,NONE,NONE
CDB_Sample189/jai_0000038_751_204.png,NORM,NONE,NONE,"HOJO, RETI"
CDB_Sample189/jai_0000118_801_1305.png,NORM,NONE,NONE,HOJO
EH5_Siemens012/jai_0000043_1432_839.png,NORM,NONE,NONE,NRBC
CDB_Sample156/jai_0000178_1637_122.png,NORM,ECHI,NONE,NONE
CDB_Sample189/jai_0000294_1644_745.png,NORM,NONE,NONE,RETI
EH5_Siemens083/jai_0000060_407_1061.png,MACR,NONE,TARG,RETI
EH5_Siemens008/jai_0000578_194_1163.png,NORM,NONE,NONE,NONE
CDB_Sample012/jai_0000030_321_1298.png,NORM,NONE,NONE,NONE
EH5_Siemens029/jai_0000525_978_44.png,NORM,NONE,NONE,NONE
CDB_Sample030/jai_0000020_1967_986.png,NORM,NONE,NONE,BAST
CDB_Sample189/jai_0000246_1501_492.png,NORM,NONE,NONE,PABO
EH5_Siemens045/jai_0000097_1657_537.png,MICR,SCHI,NONE,NONE
EH5_Siemens013/jai_0001114_545_1001.png,MICR,NONE,NONE,NONE
EH5_Siemens012/jai_0001599_995_346.png,MICR,NONE,NONE,BAST
CDB_Sample156/jai_0000519_1584_470.png,NORM,NONE,NONE,NONE
EH5_Siemens008/jai_0000148_1275_765.png,MICR,NONE,NONE,NONE
EH5_Siemens012/jai_0000063_958_486.png,MACR,NONE,TARG,NONE
EH5_Siemens012/jai_0000003_1645_899.png,NORM,NONE,HYPR,NONE
CDB_Sample125/jai_0000273_1356_866.png,NORM,NONE,NONE,MALA
EH5_Siemens013/jai_0000889_325_323.png,NORM,TEAR,NONE,NONE
EH5_Siemens083/jai_0000013_1510_781.png,NORM,NONE,NONE,NONE
EH5_Siemens029/jai_0000048_522_998.png,NORM,NONE,HYPR,NONE
EH5_Siemens083/jai_0001428_1471_469.png,MICR,NONE,NONE,NONE
EH5_Siemens012/jai_0000347_1486_1215.png,MICR,NONE,NONE,"BAST, RETI"
CDB_Sample189/jai_0000372_835_1196.png,NORM,NONE,STOM,NONE
EH5_Siemens083/jai_0001387_705_845.png,NORM,NONE,HYPO,NONE
EH5_Siemens037/jai_0000009_1619_67.png,NORM,OVAL,NONE,NONE
CDB_Sample030/jai_0000273_559_882.png,MICR,NONE,NONE,NONE
EH5_Siemens012/jai_0000318_1528_617.png,MICR,NONE,HYPO,NONE
EH5_Siemens012/jai_0000527_454_908.png,NORM,NONE,NONE,"BAST, RETI"
CDB_Sample156/jai_0000519_1171_651.png,NORM,ACAN,NONE,NONE
EH5_Siemens012/jai_0000136_418_239.png,NORM,NONE,HYPO,NONE
EH5_Siemens013/jai_0000074_147_928.png,NORM,NONE,NONE,NONE
CDB_Sample189/jai_0000249_344_76.png,NORM,NONE,NONE,PABO
CDB_Sample012/jai_0000065_255_894.png,NORM,NONE,NONE,RETI
CDB_Sample125/jai_0000058_63_986.png,NORM,NONE,NONE,MALA
EH5_Siemens012/jai_0001353_1286_1185.png,NORM,HELM,NONE,"BAST, HOJO"
EH5_Siemens083/jai_0000309_736_56.png,NORM,OVAL,NONE,NONE
CDB_Sample189/jai_0000038_751_204.png,NORM,NONE,NONE,"HOJO, RETI"
CDB_Sample030/jai_0000057_1380_852.png,NORM,TEAR,NONE,NONE
EH5_Siemens037/jai_0000527_564_1355.png,NORM,NONE,NONE,NONE
EH5_Siemens003/jai_0000663_942_1446.png,NORM,NONE,NONE,HOJO
CDB_Sample012/jai_0000156_1456_49.png,MACR,NONE,NONE,NONE
EH5_Siemens029/jai_0000479_673_71.png,NORM,NONE,NONE,RETI
EH5_Siemens012/jai_0000057_1476_431.png,NORM,NONE,NONE,NONE
CDB_Sample156/jai_0000519_1941_1229.png,NORM,NONE,NONE,NONE
CDB_Sample030/jai_0000234_854_913.png,NORM,NONE,NONE,NONE
EH5_Siemens012/jai_0001353_1286_1185.png,NORM,HELM,NONE,"BAST, HOJO"
EH5_Siemens037/jai_0000653_1102_469.png,NORM,OVAL,NONE,NONE
EH5_Siemens037/jai_0000568_1513_350.png,NORM,NONE,NONE,HOJO
CDB_Sample189/jai_0000162_1923_897.png,NORM,NONE,NONE,NONE
CDB_Sample030/jai_0000017_642_109.png,NORM,NONE,NONE,HOJO
EH5_Siemens083/jai_0000309_1932_103.png,MACR,NONE,HYPR,NONE
EH5_Siemens012/jai_0000059_338_690.png,NORM,NONE,NONE,"BAST, RETI"
CDB_Sample189/jai_0000115_1480_968.png,NORM,NONE,NONE,HOJO
EH5_Siemens012/jai_0000264_1196_1287.png,NORM,NONE,NONE,"BAST, HOJO, RETI"
EH5_Siemens037/jai_0000613_1477_471.png,NORM,NONE,TARG,NONE
EH5_Siemens029/jai_0000525_1535_224.png,NORM,NONE,NONE,NONE
CDB_Sample189/jai_0000034_75_159.png,NORM,SICK,NONE,NONE
CDB_Sample030/jai_0000227_1342_365.png,NORM,NONE,HYPO,NONE
EH5_Siemens083/jai_0001387_389_985.png,MACR,NONE,HYPR,NONE
EH5_Siemens013/jai_0000371_1651_1349.png,NORM,NONE,NONE,NONE
EH5_Siemens012/jai_0000951_513_920.png,NORM,NONE,NONE,"BAST, HOJO, RETI"
EH5_Siemens083/jai_0000015_667_302.png,NORM,NONE,NONE,NONE
CDB_Sample189/jai_0000373_543_513.png,NORM,NONE,NONE,PABO
EH5_Siemens037/jai_0000395_96_606.png,NORM,ECHI,HYPO,NONE
CDB_Sample189/jai_0000038_751_204.png,NORM,NONE,NONE,"HOJO, RETI"
EH5_Siemens029/jai_0000048_80_1155.png,MICR,SPHE,NONE,NONE
CDB_Sample189/jai_0000373_1853_1117.png,NORM,NONE,NONE,PABO
EH5_Siemens008/jai_0001437_841_350.png,NORM,BITE,NONE,NONE
CDB_Sample030/jai_0000148_995_1440.png,NORM,OVAL,HYPO,NONE
EH5_Siemens012/jai_0001261_1435_477.png,NORM,NONE,NONE,"BAST, RETI"
EH5_Siemens012/jai_0001514_1006_911.png,NORM,OVAL,HYPO,NONE
EH5_Siemens008/jai_0000578_1287_1084.png,NORM,NONE,NONE,NONE
CDB_Sample189/jai_0000114_356_735.png,NORM,NONE,HYPO,HOJO
EH5_Siemens012/jai_0000174_1366_1089.png,NORM,NONE,HYPO,NONE
EH5_Siemens045/jai_0000134_668_1124.png,MICR,SCHI,NONE,NONE
EH5_Siemens008/jai_0000287_313_34.png,NORM,NONE,NONE,NONE
CDB_Sample189/jai_0000116_1537_1121.png,NORM,NONE,NONE,PABO
CDB_Sample189/jai_0000034_819_226.png,NORM,NONE,NONE,PABO
EH5_Siemens008/jai_0000150_260_1280.png,NORM,NONE,HYPO,NONE
CDB_Sample030/jai_0000227_1010_864.png,NORM,NONE,HYPO,NONE
CDB_Sample189/jai_0000247_788_269.png,NORM,NONE,NONE,PABO
CDB_Sample189/jai_0000034_1799_184.png,MICR,SPHE,NONE,NONE
CDB_Sample030/jai_0000057_1141_621.png,NORM,ELLI,NONE,NONE
CDB_Sample012/jai_0000117_1039_388.png,NORM,NONE,NONE,NONE
EH5_Siemens045/jai_0000138_497_954.png,MICR,SCHI,NONE,NONE
EH5_Siemens083/jai_0000185_641_950.png,NORM,NONE,HYPR,NONE
EH5_Siemens083/jai_0000223_1579_1045.png,MICR,NONE,NONE,NONE
CDB_Sample189/jai_0000165_710_1330.png,MICR,NONE,NONE,PABO
EH5_Siemens012/jai_0000179_321_864.png,NORM,NONE,TARG,NONE
EH5_Siemens008/jai_0000578_894_845.png,NORM,NONE,NONE,NONE
CDB_Sample125/jai_0000267_1695_536.png,NORM,NONE,NONE,MALA
EH5_Siemens013/jai_0000158_1569_764.png,NORM,NONE,NONE,NONE
EH5_Siemens012/jai_0000264_1196_1287.png,NORM,NONE,NONE,"BAST, HOJO, RETI"
CDB_Sample189/jai_0000381_1931_192.png,NORM,NONE,NONE,RETI
CDB_Sample030/jai_0000274_282_1263.png,MICR,SPHE,NONE,NONE
EH5_Siemens012/jai_0001512_564_319.png,NORM,NONE,TARG,BAST
EH5_Siemens029/jai_0000828_681_319.png,NORM,NONE,NONE,NONE
EH5_Siemens083/jai_0000184_1713_439.png,MACR,NONE,HYPR,NONE
EH5_Siemens037/jai_0000568_1082_857.png,NORM,NONE,NONE,NONE
EH5_Siemens083/jai_0000181_1795_1012.png,NORM,OVAL,NONE,"BAST, RETI"
EH5_Siemens083/jai_0001472_1479_817.png,MACR,NONE,HYPR,RETI
EH5_Siemens012/jai_0000527_58_691.png,NORM,NONE,NONE,"BAST, RETI"
EH5_Siemens003/jai_0000227_1737_743.png,MICR,SPHE,NONE,NONE
EH5_Siemens008/jai_0001486_1528_223.png,NORM,TEAR,NONE,NONE
EH5_Siemens037/jai_0000135_1496_1377.png,NORM,ECHI,NONE,NONE
CDB_Sample030/jai_0000020_1407_373.png,NORM,NONE,HYPO,NONE
CDB_Sample012/jai_0000069_1752_1388.png,NORM,NONE,NONE,NONE
CDB_Sample125/jai_0000059_1362_807.png,NORM,ECHI,NONE,NONE
CDB_Sample030/jai_0000013_956_969.png,MICR,NONE,NONE,NONE
EH5_Siemens003/jai_0000980_1428_1006.png,MICR,NONE,NONE,NONE
EH5_Siemens003/jai_0000158_92_929.png,NORM,NONE,NONE,NONE
CDB_Sample189/jai_0000115_1183_460.png,NORM,SICK,NONE,NONE
EH5_Siemens013/jai_0000417_1199_1104.png,MICR,NONE,NONE,NONE
EH5_Siemens013/jai_0000969_1397_1334.png,NORM,NONE,NONE,NONE
EH5_Siemens012/jai_0000951_513_920.png,NORM,NONE,NONE,"BAST, HOJO, RETI"
CDB_Sample156/jai_0000306_796_1071.png,NORM,ECHI,NONE,NONE
CDB_Sample012/jai_0000116_918_1375.png,NORM,NONE,NONE,NONE
CDB_Sample012/jai_0000023_194_859.png,NORM,NONE,STOM,NONE
CDB_Sample189/jai_0000038_751_204.png,NORM,NONE,NONE,"HOJO, RETI"
EH5_Siemens037/jai_0000568_1500_227.png,NORM,NONE,NONE,NONE
CDB_Sample156/jai_0000310_1901_1036.png,NORM,NONE,NONE,NONE
CDB_Sample189/jai_0000160_100_960.png,NORM,NONE,NONE,RETI
EH5_Siemens083/jai_0000223_635_808.png,NORM,NONE,TARG,NONE
EH5_Siemens012/jai_0000951_513_920.png,NORM,NONE,NONE,"BAST, HOJO, RETI"
EH5_Siemens003/jai_0001394_1294_265.png,NORM,NONE,NONE,NONE
EH5_Siemens083/jai_0001428_1833_1329.png,NORM,NONE,HYPO,NONE
EH5_Siemens037/jai_0000568_1751_1367.png,NORM,ECHI,NONE,NONE
EH5_Siemens008/jai_0000150_1563_104.png,NORM,NONE,HYPO,NONE
CDB_Sample030/jai_0000274_770_710.png,NORM,NONE,NONE,NONE
EH5_Siemens012/jai_0000043_1432_839.png,NORM,NONE,NONE,NRBC
CDB_Sample030/jai_0000277_383_256.png,NORM,NONE,NONE,NONE
EH5_Siemens083/jai_0000223_543_426.png,NORM,OVAL,NONE,NONE
EH5_Siemens012/jai_0001399_1876_894.png,NORM,NONE,HYPO,NONE
EH5_Siemens037/jai_0000526_26_1139.png,NORM,NONE,TARG,NONE
EH5_Siemens003/jai_0000663_430_1269.png,NORM,NONE,NONE,NONE
EH5_Siemens083/jai_0000142_1605_241.png,MACR,NONE,NONE,BAST
CDB_Sample030/jai_0000274_282_1263.png,MICR,SPHE,NONE,NONE
EH5_Siemens083/jai_0000181_903_1126.png,NORM,NONE,HYPO,NONE
EH5_Siemens029/jai_0000395_1668_580.png,NORM,NONE,NONE,NONE
EH5_Siemens012/jai_0000057_800_636.png,NORM,ECHI,NONE,NONE
EH5_Siemens013/jai_0000072_1889_605.png,NORM,NONE,NONE,NONE
EH5_Siemens029/jai_0000048_210_595.png,MICR,NONE,NONE,NONE
CDB_Sample125/jai_0000094_227_554.png,NORM,NONE,NONE,MALA
EH5_Siemens008/jai_0001261_835_1086.png,NORM,NONE,NONE,NONE
EH5_Siemens037/jai_0000356_435_111.png,NORM,NONE,NONE,NONE
CDB_Sample189/jai_0000118_161_1156.png,NORM,NONE,STOM,NONE
CDB_Sample012/jai_0000111_262_1027.png,NORM,NONE,NONE,NONE
EH5_Siemens008/jai_0000578_214_394.png,NORM,NONE,NONE,NONE
CDB_Sample030/jai_0000144_1319_1050.png,NORM,NONE,HYPR,NONE
EH5_Siemens029/jai_0000398_199_822.png,NORM,NONE,NONE,NONE
EH5_Siemens012/jai_0000019_50_1307.png,NORM,NONE,HYPR,NONE
CDB_Sample189/jai_0000116_1353_899.png,NORM,ELLI,NONE,NONE
EH5_Siemens037/jai_0000135_1912_285.png,NORM,NONE,HYPR,NONE
CDB_Sample012/jai_0000192_72_306.png,NORM,NONE,NONE,NONE
EH5_Siemens083/jai_0000183_1646_960.png,NORM,NONE,NONE,"BAST, RETI"
CDB_Sample189/jai_0000378_1193_1080.png,NORM,NONE,NONE,PABO
EH5_Siemens012/jai_0000044_371_1384.png,NORM,OVAL,HYPR,BAST
CDB_Sample189/jai_0000114_1787_644.png,NORM,OVAL,HYPO,PABO
CDB_Sample189/jai_0000161_1080_1188.png,NORM,NONE,NONE,PABO
EH5_Siemens037/jai_0000568_1340_773.png,NORM,NONE,NONE,NONE
EH5_Siemens013/jai_0000074_66_731.png,NORM,NONE,NONE,NONE
EH5_Siemens037/jai_0000568_777_1123.png,NORM,NONE,NONE,NONE
EH5_Siemens012/jai_0000043_1432_839.png,NORM,NONE,NONE,NRBC
CDB_Sample189/jai_0000034_1928_1227.png,NORM,NONE,NONE,HOJO
CDB_Sample189/jai_0000033_988_601.png,NORM,NONE,NONE,PABO
EH5_Siemens012/jai_0001268_1072_216.png,MICR,OVAL,NONE,"HOJO, RETI"
EH5_Siemens008/jai_0000621_926_163.png,MICR,NONE,NONE,NONE
EH5_Siemens037/jai_0000142_894_1060.png,NORM,ACAN,NONE,NONE
EH5_Siemens029/jai_0000398_77_621.png,NORM,TEAR,NONE,NONE
CDB_Sample189/jai_0000117_975_313.png,NORM,NONE,NONE,NONE
CDB_Sample189/jai_0000372_586_835.png,NORM,SICK,NONE,NONE
CDB_Sample189/jai_0000115_1328_266.png,NORM,SICK,NONE,NONE
EH5_Siemens083/jai_0000101_1413_1392.png,NORM,NONE,HYPO,NONE
EH5_Siemens037/jai_0000657_276_317.png,NORM,NONE,HYPO,NONE
EH5_Siemens083/jai_0000401_1945_46.png,NORM,HELM,NONE,NONE
CDB_Sample030/jai_0000146_1623_1323.png,MICR,NONE,NONE,NONE
CDB_Sample189/jai_0000167_1544_179.png,NORM,NONE,STOM,NONE
EH5_Siemens012/jai_0001268_294_1421.png,MICR,NONE,NONE,BAST
CDB_Sample030/jai_0000189_1354_653.png,NORM,ELLI,NONE,NONE
EH5_Siemens029/jai_0000133_177_777.png,MICR,NONE,NONE,NONE
CDB_Sample030/jai_0000277_93_1313.png,NORM,OVAL,NONE,NONE
CDB_Sample125/jai_0000273_828_81.png,NORM,NONE,NONE,MALA
CDB_Sample012/jai_0000109_1383_1029.png,MICR,NONE,NONE,NONE
EH5_Siemens008/jai_0000583_1921_434.png,NORM,NONE,NONE,NONE
EH5_Siemens012/jai_0001353_1286_1185.png,NORM,HELM,NONE,"BAST, HOJO"
CDB_Sample030/jai_0000057_1320_725.png,NORM,ELLI,HYPO,NONE
EH5_Siemens008/jai_0000277_551_1332.png,NORM,NONE,NONE,NONE
EH5_Siemens029/jai_0000654_322_1063.png,MICR,NONE,NONE,NONE
EH5_Siemens013/jai_0000371_1432_500.png,NORM,TEAR,NONE,NONE
EH5_Siemens008/jai_0000583_811_933.png,NORM,NONE,NONE,NONE
CDB_Sample189/jai_0000038_751_204.png,NORM,NONE,NONE,"HOJO, RETI"
EH5_Siemens029/jai_0000695_1380_1325.png,NORM,NONE,NONE,NONE
CDB_Sample125/jai_0000352_294_207.png,NORM,NONE,NONE,MALA
CDB_Sample125/jai_0000053_619_1361.png,NORM,NONE,NONE,BAST
CDB_Sample189/jai_0000291_688_1429.png,NORM,SICK,NONE,NONE
CDB_Sample030/jai_0000148_849_806.png,NORM,NONE,NONE,NONE
CDB_Sample189/jai_0000038_751_204.png,NORM,NONE,NONE,"HOJO, RETI"
CDB_Sample189/jai_0000376_841_107.png,NORM,NONE,NONE,HOJO
EH5_Siemens029/jai_0000871_1023_672.png,NORM,TEAR,NONE,NONE
CDB_Sample030/jai_0000012_378_888.png,MICR,NONE,NONE,NONE
EH5_Siemens029/jai_0000439_1848_1230.png,NORM,NONE,STOM,NONE
CDB_Sample030/jai_0000185_1162_464.png,NORM,NONE,NONE,NONE
CDB_Sample125/jai_0000272_1355_739.png,NORM,ECHI,NONE,NONE
CDB_Sample125/jai_0000317_1628_827.png,MICR,NONE,NONE,NONE
CDB_Sample189/jai_0000119_855_489.png,NORM,NONE,NONE,PABO
CDB_Sample189/jai_0000038_751_204.png,NORM,NONE,NONE,"HOJO, RETI"
CDB_Sample030/jai_0000234_541_199.png,NORM,NONE,NONE,NONE
EH5_Siemens012/jai_0001437_654_1314.png,NORM,OVAL,NONE,"BAST, HOJO"
EH5_Siemens013/jai_0000798_731_859.png,NORM,TEAR,NONE,NONE
CDB_Sample189/jai_0000374_702_674.png,NORM,NONE,NONE,NONE
EH5_Siemens045/jai_0000136_991_377.png,NORM,HELM,NONE,NONE
EH5_Siemens083/jai_0000356_1649_627.png,NORM,OVAL,HYPO,NONE
EH5_Siemens003/jai_0000663_535_944.png,MICR,SCHI,NONE,NONE
EH5_Siemens012/jai_0000130_787_699.png,NORM,NONE,HYPO,HOJO
CDB_Sample030/jai_0000011_713_822.png,NORM,ELLI,NONE,NONE
EH5_Siemens029/jai_0000873_1758_663.png,NORM,HELM,NONE,NONE
EH5_Siemens013/jai_0000158_268_322.png,MICR,NONE,NONE,NONE
CDB_Sample189/jai_0000038_751_204.png,NORM,NONE,NONE,"HOJO, RETI"
EH5_Siemens012/jai_0000951_513_920.png,NORM,NONE,NONE,"BAST, HOJO, RETI"
CDB_Sample030/jai_0000013_379_277.png,MICR,NONE,NONE,NONE
EH5_Siemens013/jai_0000758_1274_533.png,MICR,SPHE,NONE,NONE
EH5_Siemens012/jai_0000187_1943_1429.png,NORM,OVAL,NONE,BAST
EH5_Siemens029/jai_0000184_846_523.png,NORM,NONE,NONE,NONE
CDB_Sample189/jai_0000038_751_204.png,NORM,NONE,NONE,"HOJO, RETI"
CDB_Sample030/jai_0000232_1084_1104.png,MICR,NONE,NONE,NONE
CDB_Sample125/jai_0000265_577_390.png,NORM,NONE,NONE,NONE
CDB_Sample189/jai_0000372_586_835.png,NORM,SICK,NONE,NONE
EH5_Siemens037/jai_0000441_1571_275.png,MACR,NONE,HYPR,NONE
EH5_Siemens012/jai_0000951_513_920.png,NORM,NONE,NONE,"BAST, HOJO, RETI"
EH5_Siemens012/jai_0000192_826_1181.png,NORM,NONE,HYPO,"BAST, RETI"
EH5_Siemens013/jai_0000417_1563_1078.png,NORM,NONE,HYPR,NONE
EH5_Siemens013/jai_0000969_1202_1169.png,NORM,NONE,NONE,NONE
CDB_Sample125/jai_0000051_176_211.png,NORM,NONE,NONE,MALA
EH5_Siemens029/jai_0000225_955_1053.png,NORM,NONE,NONE,NONE
EH5_Siemens012/jai_0001268_1072_216.png,MICR,OVAL,NONE,"HOJO, RETI"
EH5_Siemens083/jai_0000223_292_1366.png,NORM,OVAL,NONE,NONE
EH5_Siemens037/jai_0000611_815_1026.png,NORM,NONE,HYPO,NONE
EH5_Siemens003/jai_0000980_1694_438.png,NORM,NONE,NONE,NONE
CDB_Sample125/jai_0000271_788_187.png,NORM,NONE,HYPR,NONE
EH5_Siemens083/jai_0000101_1622_243.png,NORM,NONE,HYPO,NONE
CDB_Sample030/jai_0000146_525_890.png,NORM,NONE,NONE,NONE
EH5_Siemens012/jai_0001399_1016_1363.png,NORM,NONE,HYPO,NONE
EH5_Siemens008/jai_0001186_732_1072.png,NORM,NONE,NONE,NONE
CDB_Sample189/jai_0000377_1325_1277.png,NORM,NONE,NONE,RETI
EH5_Siemens012/jai_0000147_1456_84.png,NORM,NONE,TARG,NONE
EH5_Siemens012/jai_0000347_1486_1215.png,MICR,NONE,NONE,"BAST, RETI"
CDB_Sample012/jai_0000031_278_215.png,NORM,NONE,NONE,NONE
EH5_Siemens012/jai_0001353_1286_1185.png,NORM,HELM,NONE,"BAST, HOJO"
EH5_Siemens037/jai_0000653_381_1342.png,NORM,NONE,NONE,NONE
EH5_Siemens012/jai_0001353_1286_1185.png,NORM,HELM,NONE,"BAST, HOJO"
CDB_Sample030/jai_0000274_1057_553.png,MICR,SPHE,NONE,NONE
CDB_Sample125/jai_0000183_302_838.png,NORM,NONE,NONE,NONE
CDB_Sample189/jai_0000117_325_781.png,NORM,NONE,NONE,NONE
CDB_Sample189/jai_0000038_751_204.png,NORM,NONE,NONE,"HOJO, RETI"
CDB_Sample030/jai_0000016_1092_901.png,MICR,NONE,NONE,NONE
EH5_Siemens012/jai_0000139_1260_1132.png,MICR,NONE,NONE,NONE
CDB_Sample030/jai_0000145_714_956.png,NORM,ELLI,NONE,NONE
CDB_Sample030/jai_0000277_1750_229.png,MICR,NONE,NONE,NONE
EH5_Siemens083/jai_0001387_1260_550.png,MICR,SCHI,NONE,NONE
CDB_Sample012/jai_0000031_1028_1189.png,NORM,NONE,NONE,NONE
CDB_Sample125/jai_0000014_1169_482.png,NORM,NONE,HYPO,NONE
EH5_Siemens013/jai_0000969_1491_729.png,NORM,NONE,NONE,RETI
EH5_Siemens012/jai_0001353_1286_1185.png,NORM,HELM,NONE,"BAST, HOJO"
CDB_Sample125/jai_0000224_1224_993.png,NORM,NONE,NONE,MALA
EH5_Siemens012/jai_0000057_1569_1060.png,NORM,NONE,NONE,NRBC
EH5_Siemens003/jai_0000980_1078_1251.png,NORM,NONE,NONE,NONE
EH5_Siemens012/jai_0000951_513_920.png,NORM,NONE,NONE,"BAST, HOJO, RETI"
CDB_Sample156/jai_0000181_1226_477.png,NORM,ACAN,NONE,NONE
CDB_Sample125/jai_0000268_1639_195.png,NORM,NONE,NONE,MALA
EH5_Siemens008/jai_0000595_657_830.png,NORM,NONE,NONE,NONE
CDB_Sample012/jai_0000028_1720_425.png,NORM,NONE,NONE,NONE
EH5_Siemens012/jai_0001353_1286_1185.png,NORM,HELM,NONE,"BAST, HOJO"
EH5_Siemens012/jai_0001268_1072_216.png,MICR,OVAL,NONE,"HOJO, RETI"
EH5_Siemens029/jai_0000828_288_195.png,NORM,NONE,NONE,NONE
EH5_Siemens008/jai_0001392_963_1359.png,NORM,ELLI,NONE,NONE
EH5_Siemens012/jai_0001268_1072_216.png,MICR,OVAL,NONE,"HOJO, RETI"
EH5_Siemens013/jai_0000071_448_1076.png,NORM,NONE,NONE,NONE
EH5_Siemens012/jai_0001437_654_1314.png,NORM,OVAL,NONE,"BAST, HOJO"
EH5_Siemens012/jai_0001268_1072_216.png,MICR,OVAL,NONE,"HOJO, RETI"
CDB_Sample125/jai_0000054_1227_1339.png,NORM,NONE,NONE,MALA
EH5_Siemens012/jai_0001437_654_1314.png,NORM,OVAL,NONE,"BAST, HOJO"
EH5_Siemens037/jai_0000312_1905_378.png,MICR,SCHI,NONE,NONE
EH5_Siemens003/jai_0000872_1660_559.png,NORM,OVAL,NONE,NONE
CDB_Sample030/jai_0000103_1498_735.png,MICR,OVAL,HYPO,NONE
EH5_Siemens012/jai_0000147_972_832.png,MICR,NONE,NONE,BAST
CDB_Sample125/jai_0000317_501_1084.png,MICR,NONE,NONE,NONE
CDB_Sample189/jai_0000114_1423_747.png,NORM,NONE,NONE,HOJO
CDB_Sample189/jai_0000123_1918_253.png,NORM,NONE,NONE,PABO
EH5_Siemens008/jai_0001437_1110_227.png,NORM,BITE,NONE,NONE
EH5_Siemens083/jai_0001430_22_214.png,NORM,NONE,HYPO,NONE
CDB_Sample125/jai_0000225_1199_1015.png,NORM,ECHI,NONE,NONE
CDB_Sample125/jai_0000052_334_1161.png,NORM,NONE,NONE,NONE
EH5_Siemens012/jai_0000825_720_955.png,NORM,NONE,NONE,"BAST, RETI"
CDB_Sample030/jai_0000234_413_1169.png,NORM,OVAL,HYPO,NONE
EH5_Siemens012/jai_0001353_1286_1185.png,NORM,HELM,NONE,"BAST, HOJO"
CDB_Sample189/jai_0000247_608_771.png,NORM,NONE,NONE,HOJO
EH5_Siemens012/jai_0001525_1498_1380.png,NORM,NONE,NONE,"BAST, RETI"
CDB_Sample189/jai_0000162_873_662.png,NORM,NONE,HYPO,NONE
CDB_Sample030/jai_0000143_1435_990.png,NORM,NONE,HYPR,NONE
CDB_Sample189/jai_0000293_1806_1398.png,NORM,SICK,NONE,NONE
EH5_Siemens029/jai_0000822_1858_293.png,MICR,SPHE,NONE,NONE
CDB_Sample156/jai_0000395_676_1417.png,NORM,NONE,NONE,NONE
EH5_Siemens012/jai_0001256_755_1091.png,NORM,NONE,NONE,BAST
CDB_Sample030/jai_0000144_677_227.png,MICR,NONE,NONE,NONE
EH5_Siemens012/jai_0000836_207_898.png,NORM,NONE,NONE,NRBC
EH5_Siemens029/jai_0000048_80_1155.png,MICR,SPHE,NONE,NONE
EH5_Siemens041/jai_0001262_312_618.png,NORM,HELM,NONE,NONE
EH5_Siemens008/jai_0000287_358_253.png,NORM,NONE,NONE,NONE
EH5_Siemens012/jai_0000182_1901_1098.png,MACR,NONE,HYPO,"BAST, RETI"
CDB_Sample189/jai_0000121_22_625.png,NORM,SICK,NONE,RETI
EH5_Siemens012/jai_0000139_490_1333.png,NORM,NONE,NONE,"BAST, RETI"
CDB_Sample012/jai_0000110_1410_181.png,MICR,NONE,NONE,NONE
CDB_Sample156/jai_0000181_131_1150.png,NORM,NONE,NONE,HOJO
CDB_Sample030/jai_0000020_1111_710.png,NORM,NONE,HYPR,NONE
EH5_Siemens029/jai_0000310_1650_701.png,MICR,SPHE,NONE,NONE
EH5_Siemens029/jai_0000822_851_542.png,NORM,NONE,NONE,NONE
EH5_Siemens012/jai_0000046_1470_1249.png,NORM,NONE,TARG,NONE
EH5_Siemens003/jai_0000265_1198_1048.png,NORM,NONE,NONE,HOJO
CDB_Sample189/jai_0000245_290_415.png,NORM,SICK,NONE,NONE
EH5_Siemens008/jai_0001525_196_853.png,NORM,OVAL,NONE,NONE
CDB_Sample125/jai_0000273_340_651.png,NORM,NONE,NONE,MALA
CDB_Sample189/jai_0000038_751_204.png,NORM,NONE,NONE,"HOJO, RETI"
EH5_Siemens012/jai_0000264_1196_1287.png,NORM,NONE,NONE,"BAST, HOJO, RETI"
CDB_Sample189/jai_0000161_1556_854.png,NORM,NONE,NONE,PABO
EH5_Siemens012/jai_0001437_654_1314.png,NORM,OVAL,NONE,"BAST, HOJO"
CDB_Sample189/jai_0000294_1726_268.png,MICR,NONE,NONE,NONE
CDB_Sample030/jai_0000274_889_976.png,MICR,NONE,NONE,NONE
EH5_Siemens012/jai_0000951_513_920.png,NORM,NONE,NONE,"BAST, HOJO, RETI"
EH5_Siemens012/jai_0001437_654_1314.png,NORM,OVAL,NONE,"BAST, HOJO"
EH5_Siemens013/jai_0000544_741_1163.png,NORM,NONE,NONE,NONE
EH5_Siemens029/jai_0000653_1391_686.png,NORM,NONE,NONE,NONE
CDB_Sample030/jai_0000231_703_1291.png,NORM,ELLI,NONE,NONE
CDB_Sample030/jai_0000144_279_53.png,MICR,NONE,NONE,NONE
EH5_Siemens029/jai_0000692_1707_341.png,NORM,NONE,NONE,NONE
EH5_Siemens008/jai_0001349_1804_616.png,NORM,NONE,NONE,NONE
EH5_Siemens012/jai_0000019_1149_373.png,MICR,NONE,NONE,NONE
EH5_Siemens013/jai_0001193_1704_684.png,NORM,ELLI,NONE,NONE
EH5_Siemens041/jai_0000146_505_974.png,NORM,BITE,NONE,NONE
EH5_Siemens013/jai_0000158_1653_1371.png,MICR,NONE,NONE,NONE
EH5_Siemens045/jai_0000013_1092_1117.png,MICR,SCHI,NONE,NONE
EH5_Siemens083/jai_0000356_1138_307.png,NORM,NONE,NONE,NONE
EH5_Siemens029/jai_0000692_1854_872.png,NORM,NONE,NONE,NONE
CDB_Sample125/jai_0000267_669_64.png,NORM,NONE,NONE,MALA
EH5_Siemens012/jai_0000139_1436_643.png,NORM,NONE,NONE,"BAST, RETI"
EH5_Siemens012/jai_0000139_490_1333.png,NORM,NONE,NONE,"BAST, RETI"
EH5_Siemens029/jai_0000692_1779_578.png,NORM,NONE,NONE,NONE
EH5_Siemens008/jai_0000583_1751_582.png,NORM,NONE,NONE,NONE
EH5_Siemens083/jai_0000185_931_360.png,NORM,TEAR,NONE,NONE
EH5_Siemens037/jai_0000483_1705_214.png,MICR,SCHI,NONE,NONE
EH5_Siemens003/jai_0000236_1001_691.png,NORM,NONE,HYPR,NONE
CDB_Sample030/jai_0000096_903_368.png,NORM,NONE,NONE,NONE
EH5_Siemens013/jai_0000889_178_1279.png,NORM,NONE,NONE,"BAST, RETI"
EH5_Siemens041/jai_0000188_1717_604.png,NORM,BITE,NONE,NONE
EH5_Siemens003/jai_0000976_541_721.png,NORM,NONE,NONE,NONE
EH5_Siemens037/jai_0000399_75_485.png,NORM,OVAL,NONE,NONE
EH5_Siemens029/jai_0000569_1794_816.png,MICR,SPHE,NONE,NONE
CDB_Sample189/jai_0000251_860_1074.png,MICR,NONE,NONE,NONE
EH5_Siemens029/jai_0000396_1689_997.png,NORM,NONE,NONE,NONE
EH5_Siemens003/jai_0000747_759_557.png,MICR,NONE,NONE,NONE
EH5_Siemens013/jai_0000371_807_367.png,NORM,TEAR,NONE,NONE
EH5_Siemens029/jai_0000310_634_206.png,NORM,NONE,HYPR,NONE
EH5_Siemens037/jai_0000400_637_831.png,NORM,ECHI,NONE,NONE
CDB_Sample189/jai_0000288_246_375.png,NORM,NONE,NONE,PABO
EH5_Siemens083/jai_0000223_300_1068.png,NORM,NONE,HYPO,NONE
EH5_Siemens037/jai_0000653_53_1198.png,MACR,NONE,NONE,NONE
EH5_Siemens012/jai_0000059_1318_839.png,NORM,NONE,NONE,NONE
EH5_Siemens013/jai_0000969_832_753.png,MICR,NONE,NONE,NONE
CDB_Sample189/jai_0000248_1594_596.png,NORM,SICK,NONE,NONE
EH5_Siemens012/jai_0000057_1630_460.png,MICR,NONE,NONE,NONE
CDB_Sample189/jai_0000373_1853_1117.png,NORM,NONE,NONE,PABO
EH5_Siemens083/jai_0000058_582_837.png,NORM,NONE,HYPO,RETI
EH5_Siemens012/jai_0000044_1859_444.png,NORM,NONE,TARG,NONE
EH5_Siemens012/jai_0000264_1196_1287.png,NORM,NONE,NONE,"BAST, HOJO, RETI"
EH5_Siemens008/jai_0001657_826_350.png,MICR,NONE,NONE,NONE
EH5_Siemens003/jai_0000278_365_822.png,MACR,NONE,NONE,NONE
EH5_Siemens012/jai_0001353_1286_1185.png,NORM,HELM,NONE,"BAST, HOJO"
CDB_Sample189/jai_0000114_1171_661.png,NORM,NONE,NONE,RETI
EH5_Siemens014/jai_0000022_1312_819.png,NORM,BITE,NONE,NONE
EH5_Siemens012/jai_0000951_513_920.png,NORM,NONE,NONE,"BAST, HOJO, RETI"
CDB_Sample125/jai_0000264_88_470.png,NORM,NONE,NONE,MALA
EH5_Siemens012/jai_0001268_1072_216.png,MICR,OVAL,NONE,"HOJO, RETI"
CDB_Sample189/jai_0000373_1853_1117.png,NORM,NONE,NONE,PABO
CDB_Sample189/jai_0000079_1284_266.png,NORM,NONE,HYPO,NONE
EH5_Siemens083/jai_0000309_1224_1020.png,NORM,NONE,HYPO,NONE
CDB_Sample156/jai_0000182_220_64.png,NORM,NONE,NONE,NONE
CDB_Sample125/jai_0000096_1512_719.png,NORM,NONE,NONE,NONE
EH5_Siemens083/jai_0000142_980_653.png,MACR,NONE,NONE,NONE
CDB_Sample156/jai_0000650_1047_304.png,NORM,ECHI,NONE,NONE
EH5_Siemens012/jai_0001353_1286_1185.png,NORM,HELM,NONE,"BAST, HOJO"
EH5_Siemens083/jai_0000180_1391_1078.png,NORM,NONE,HYPO,NONE
EH5_Siemens012/jai_0000825_720_955.png,NORM,NONE,NONE,"BAST, RETI"
EH5_Siemens008/jai_0000150_1712_738.png,NORM,NONE,NONE,NONE
EH5_Siemens012/jai_0000174_221_182.png,MICR,NONE,NONE,"BAST, RETI"
EH5_Siemens003/jai_0000980_1395_421.png,NORM,NONE,NONE,NONE
CDB_Sample156/jai_0000265_1764_281.png,NORM,ACAN,NONE,NONE
EH5_Siemens029/jai_0000184_939_153.png,NORM,NONE,NONE,NONE
CDB_Sample012/jai_0000108_429_913.png,NORM,NONE,NONE,NONE
EH5_Siemens083/jai_0000014_1590_1352.png,NORM,OVAL,NONE,NONE
CDB_Sample189/jai_0000373_627_831.png,NORM,NONE,NONE,PABO
CDB_Sample012/jai_0000025_1570_557.png,NORM,NONE,HYPO,NONE
EH5_Siemens029/jai_0000653_177_731.png,NORM,NONE,NONE,NONE
EH5_Siemens012/jai_0000951_513_920.png,NORM,NONE,NONE,"BAST, HOJO, RETI"
EH5_Siemens012/jai_0001525_1498_1380.png,NORM,NONE,NONE,"BAST, RETI"
EH5_Siemens029/jai_0000310_1642_392.png,MICR,NONE,NONE,NONE
CDB_Sample189/jai_0000038_751_204.png,NORM,NONE,NONE,"HOJO, RETI"
EH5_Siemens012/jai_0000147_1966_1029.png,NORM,NONE,TARG,NONE
EH5_Siemens012/jai_0000303_219_908.png,NORM,NONE,TARG,NONE
EH5_Siemens003/jai_0000096_1514_494.png,NORM,NONE,NONE,HOJO
EH5_Siemens012/jai_0000187_1025_815.png,NORM,NONE,NONE,NRBC
EH5_Siemens013/jai_0000074_1172_848.png,MICR,NONE,NONE,NONE
EH5_Siemens003/jai_0000663_914_467.png,NORM,NONE,NONE,NONE
CDB_Sample125/jai_0000355_1688_1278.png,NORM,NONE,NONE,MALA
EH5_Siemens012/jai_0000264_1196_1287.png,NORM,NONE,NONE,"BAST, HOJO, RETI"
CDB_Sample030/jai_0000186_831_551.png,MICR,NONE,NONE,NONE
CDB_Sample012/jai_0000198_637_638.png,NORM,NONE,NONE,NONE
EH5_Siemens012/jai_0000057_1756_790.png,NORM,OVAL,HYPO,NONE
CDB_Sample125/jai_0000275_1564_1227.png,NORM,NONE,NONE,NONE
CDB_Sample156/jai_0000270_1081_391.png,NORM,NONE,NONE,NONE
CDB_Sample189/jai_0000121_22_625.png,NORM,SICK,NONE,RETI
CDB_Sample156/jai_0000564_1871_1283.png,NORM,ECHI,NONE,NONE
CDB_Sample012/jai_0000116_685_69.png,NORM,NONE,NONE,NONE
EH5_Siemens037/jai_0000400_1828_176.png,NORM,NONE,TARG,NONE
EH5_Siemens029/jai_0000654_363_644.png,NORM,HELM,NONE,NONE
EH5_Siemens012/jai_0000057_1427_1132.png,NORM,NONE,NONE,NRBC
CDB_Sample189/jai_0000247_788_269.png,NORM,NONE,NONE,PABO
EH5_Siemens012/jai_0001353_1286_1185.png,NORM,HELM,NONE,"BAST, HOJO"
EH5_Siemens013/jai_0000071_1390_1015.png,NORM,NONE,NONE,NONE
CDB_Sample030/jai_0000020_1346_602.png,NORM,NONE,NONE,NONE
EH5_Siemens012/jai_0000951_513_920.png,NORM,NONE,NONE,"BAST, HOJO, RETI"
EH5_Siemens012/jai_0000347_1486_1215.png,MICR,NONE,NONE,"BAST, RETI"
EH5_Siemens008/jai_0000150_294_545.png,NORM,NONE,NONE,NONE
EH5_Siemens013/jai_0000414_1471_1168.png,NORM,NONE,NONE,RETI
EH5_Siemens083/jai_0000183_1205_597.png,NORM,NONE,HYPO,NONE
EH5_Siemens029/jai_0000828_195_478.png,NORM,NONE,NONE,BAST
CDB_Sample012/jai_0000029_644_294.png,MICR,NONE,NONE,NONE
EH5_Siemens012/jai_0000179_921_876.png,NORM,NONE,NONE,NRBC
EH5_Siemens083/jai_0000013_162_1091.png,MACR,NONE,NONE,NONE
CDB_Sample012/jai_0000149_1893_264.png,NORM,NONE,NONE,HOJO
EH5_Siemens008/jai_0000241_809_706.png,NORM,NONE,NONE,NONE
CDB_Sample189/jai_0000115_657_598.png,NORM,NONE,NONE,HOJO
EH5_Siemens013/jai_0000413_208_643.png,NORM,NONE,NONE,NONE
EH5_Siemens008/jai_0000241_1857_890.png,NORM,NONE,NONE,NONE
EH5_Siemens012/jai_0000046_1667_1372.png,NORM,NONE,TARG,NONE
CDB_Sample125/jai_0000273_340_651.png,NORM,NONE,NONE,MALA
CDB_Sample189/jai_0000288_193_617.png,NORM,NONE,NONE,HOJO
EH5_Siemens012/jai_0000174_1380_1255.png,NORM,NONE,TARG,NONE
CDB_Sample030/jai_0000101_931_163.png,NORM,NONE,HYPR,NONE
CDB_Sample189/jai_0000160_632_544.png,NORM,NONE,STOM,NONE
EH5_Siemens012/jai_0000187_1025_815.png,NORM,NONE,NONE,NRBC
CDB_Sample156/jai_0000182_1872_904.png,NORM,NONE,NONE,NONE
EH5_Siemens083/jai_0000401_547_535.png,NORM,NONE,HYPO,NONE
CDB_Sample156/jai_0000179_25_425.png,NORM,NONE,NONE,NONE
CDB_Sample030/jai_0000062_1325_330.png,NORM,NONE,NONE,NONE
EH5_Siemens012/jai_0000277_1756_1407.png,NORM,NONE,HYPO,NONE
EH5_Siemens014/jai_0000022_227_1090.png,NORM,HELM,NONE,NONE
EH5_Siemens045/jai_0000102_681_274.png,MICR,SCHI,NONE,NONE
EH5_Siemens037/jai_0000653_53_1198.png,MACR,NONE,NONE,NONE
EH5_Siemens029/jai_0000479_1560_68.png,NORM,NONE,NONE,NONE
CDB_Sample125/jai_0000059_1310_763.png,NORM,NONE,HYPO,NONE
EH5_Siemens037/jai_0000482_761_1053.png,MACR,NONE,HYPR,NONE
EH5_Siemens012/jai_0001353_1286_1185.png,NORM,HELM,NONE,"BAST, HOJO"
CDB_Sample189/jai_0000161_1214_197.png,NORM,NONE,STOM,NONE
EH5_Siemens029/jai_0000479_580_1192.png,NORM,NONE,NONE,NONE
CDB_Sample030/jai_0000141_1604_1400.png,NORM,NONE,HYPO,NONE
EH5_Siemens012/jai_0000951_513_920.png,NORM,NONE,NONE,"BAST, HOJO, RETI"
EH5_Siemens029/jai_0000184_1561_126.png,NORM,NONE,HYPR,NONE
CDB_Sample156/jai_0000266_1490_416.png,NORM,ACAN,NONE,NONE
CDB_Sample125/jai_0000274_118_113.png,NORM,NONE,NONE,RETI
EH5_Siemens008/jai_0000583_678_302.png,NORM,NONE,NONE,NONE
EH5_Siemens083/jai_0000179_396_101.png,NORM,OVAL,NONE,NONE
EH5_Siemens012/jai_0000043_562_1115.png,NORM,NONE,NONE,NONE
CDB_Sample189/jai_0000292_1916_1315.png,MICR,SCHI,NONE,NONE
EH5_Siemens029/jai_0000692_1787_799.png,NORM,NONE,NONE,NONE
CDB_Sample125/jai_0000353_1236_396.png,NORM,ECHI,NONE,NONE
EH5_Siemens029/jai_0000695_1691_961.png,NORM,NONE,NONE,NONE
CDB_Sample125/jai_0000266_94_1069.png,NORM,NONE,NONE,NONE
CDB_Sample156/jai_0000607_401_345.png,NORM,ACAN,NONE,NONE
EH5_Siemens083/jai_0000064_252_915.png,NORM,NONE,HYPO,NONE
EH5_Siemens012/jai_0001353_1286_1185.png,NORM,HELM,NONE,"BAST, HOJO"
CDB_Sample189/jai_0000033_988_601.png,NORM,NONE,NONE,PABO
EH5_Siemens012/jai_0001353_885_1111.png,NORM,NONE,HYPR,"BAST, RETI"
CDB_Sample156/jai_0000264_1594_750.png,NORM,ECHI,NONE,NONE
CDB_Sample156/jai_0000095_988_1312.png,NORM,ECHI,NONE,NONE
CDB_Sample125/jai_0000010_1215_1318.png,NORM,NONE,NONE,MALA
CDB_Sample156/jai_0000181_1226_477.png,NORM,ACAN,NONE,NONE
CDB_Sample030/jai_0000139_717_1348.png,NORM,OVAL,NONE,NONE
CDB_Sample189/jai_0000123_1802_243.png,NORM,NONE,NONE,NONE
EH5_Siemens037/jai_0000142_289_547.png,NORM,ACAN,NONE,NONE
EH5_Siemens014/jai_0000064_886_640.png,NORM,HELM,NONE,NONE
CDB_Sample125/jai_0000315_500_517.png,NORM,NONE,NONE,MALA
CDB_Sample125/jai_0000274_744_1277.png,NORM,NONE,HYPO,NONE
CDB_Sample156/jai_0000395_425_432.png,NORM,ECHI,NONE,NONE
EH5_Siemens013/jai_0000803_348_846.png,NORM,NONE,NONE,NONE
EH5_Siemens012/jai_0000019_533_371.png,NORM,NONE,HYPO,NONE
CDB_Sample189/jai_0000123_536_366.png,NORM,ECHI,NONE,NONE
CDB_Sample125/jai_0000182_59_417.png,NORM,NONE,NONE,NONE
EH5_Siemens012/jai_0000264_1196_1287.png,NORM,NONE,NONE,"BAST, HOJO, RETI"
CDB_Sample125/jai_0000054_634_753.png,NORM,NONE,NONE,NONE
EH5_Siemens029/jai_0000133_1624_564.png,NORM,NONE,NONE,NONE
EH5_Siemens012/jai_0000187_1025_815.png,NORM,NONE,NONE,NRBC
EH5_Siemens083/jai_0000098_950_417.png,MACR,NONE,HYPR,RETI
CDB_Sample125/jai_0000054_1227_1339.png,NORM,NONE,NONE,MALA
CDB_Sample189/jai_0000167_815_797.png,NORM,NONE,NONE,NONE
EH5_Siemens012/jai_0000019_714_948.png,NORM,NONE,HYPO,NONE
EH5_Siemens012/jai_0000057_559_318.png,NORM,NONE,HYPO,NONE
EH5_Siemens003/jai_0000006_949_450.png,MICR,SPHE,NONE,NONE
EH5_Siemens045/jai_0000136_1434_106.png,MICR,SCHI,NONE,NONE
EH5_Siemens012/jai_0001353_1286_1185.png,NORM,HELM,NONE,"BAST, HOJO"
EH5_Siemens012/jai_0001437_654_1314.png,NORM,OVAL,NONE,"BAST, HOJO"
EH5_Siemens003/jai_0000227_234_990.png,NORM,NONE,NONE,HOJO
EH5_Siemens008/jai_0001610_92_564.png,NORM,BITE,NONE,NONE
EH5_Siemens012/jai_0001353_1286_1185.png,NORM,HELM,NONE,"BAST, HOJO"
EH5_Siemens013/jai_0001060_1305_603.png,NORM,NONE,NONE,NONE
EH5_Siemens029/jai_0000310_1385_64.png,NORM,NONE,NONE,NONE
EH5_Siemens012/jai_0000147_972_832.png,MICR,NONE,NONE,BAST
EH5_Siemens012/jai_0000192_561_1360.png,NORM,NONE,HYPO,NONE
CDB_Sample030/jai_0000185_1571_920.png,NORM,NONE,HYPO,NONE
EH5_Siemens012/jai_0001268_1072_216.png,MICR,OVAL,NONE,"HOJO, RETI"
EH5_Siemens029/jai_0000692_1143_774.png,MICR,NONE,NONE,NONE
CDB_Sample189/jai_0000289_247_642.png,NORM,NONE,NONE,NONE
EH5_Siemens037/jai_0000527_1568_438.png,NORM,NONE,HYPO,NONE
EH5_Siemens012/jai_0000063_1825_1416.png,NORM,NONE,NONE,RETI
EH5_Siemens003/jai_0000980_1594_1100.png,NORM,NONE,NONE,NONE
CDB_Sample030/jai_0000020_454_494.png,NORM,ELLI,NONE,NONE
EH5_Siemens029/jai_0000439_1931_203.png,NORM,NONE,NONE,NONE
CDB_Sample189/jai_0000116_1668_628.png,NORM,NONE,NONE,NONE
EH5_Siemens012/jai_0001437_654_1314.png,NORM,OVAL,NONE,"BAST, HOJO"
EH5_Siemens083/jai_0000142_1101_246.png,NORM,TEAR,NONE,NONE
CDB_Sample030/jai_0000015_1646_1417.png,MICR,NONE,NONE,NONE
CDB_Sample189/jai_0000377_331_993.png,NORM,NONE,NONE,NONE
CDB_Sample030/jai_0000055_489_314.png,NORM,NONE,NONE,NONE
CDB_Sample030/jai_0000020_793_313.png,NORM,ELLI,NONE,NONE
EH5_Siemens012/jai_0001268_93_73.png,MICR,NONE,NONE,BAST
EH5_Siemens013/jai_0000847_1038_1067.png,MICR,NONE,NONE,NONE
CDB_Sample156/jai_0000608_1862_442.png,NORM,NONE,NONE,NONE
EH5_Siemens045/jai_0000011_1275_43.png,MICR,SCHI,NONE,NONE
EH5_Siemens012/jai_0000264_1196_1287.png,NORM,NONE,NONE,"BAST, HOJO, RETI"
EH5_Siemens012/jai_0001353_1286_1185.png,NORM,HELM,NONE,"BAST, HOJO"
EH5_Siemens037/jai_0000135_293_739.png,NORM,ACAN,NONE,NONE
CDB_Sample189/jai_0000117_1722_874.png,NORM,SICK,NONE,NONE
CDB_Sample189/jai_0000122_1859_296.png,NORM,NONE,NONE,HOJO
EH5_Siemens012/jai_0000318_118_730.png,NORM,NONE,NONE,NRBC
EH5_Siemens012/jai_0001437_654_1314.png,NORM,OVAL,NONE,"BAST, HOJO"
CDB_Sample189/jai_0000293_1806_1398.png,NORM,SICK,NONE,NONE
CDB_Sample189/jai_0000115_1480_968.png,NORM,NONE,NONE,HOJO
EH5_Siemens037/jai_0000657_717_416.png,NORM,NONE,NONE,NONE
CDB_Sample189/jai_0000079_1048_122.png,NORM,NONE,NONE,RETI
CDB_Sample012/jai_0000152_1650_1006.png,MICR,NONE,NONE,NONE
EH5_Siemens045/jai_0000184_183_207.png,NORM,HELM,NONE,NONE
CDB_Sample125/jai_0000053_948_623.png,NORM,NONE,NONE,NONE
CDB_Sample030/jai_0000143_462_726.png,NORM,OVAL,NONE,NONE
EH5_Siemens008/jai_0001437_1110_227.png,NORM,BITE,NONE,NONE
EH5_Siemens012/jai_0000179_921_876.png,NORM,NONE,NONE,NRBC
EH5_Siemens012/jai_0000003_660_213.png,NORM,NONE,NONE,"BAST, RETI"
EH5_Siemens012/jai_0001353_1286_1185.png,NORM,HELM,NONE,"BAST, HOJO"
EH5_Siemens083/jai_0000183_1202_1361.png,NORM,NONE,NONE,NONE
CDB_Sample189/jai_0000162_1355_1268.png,NORM,NONE,NONE,HOJO
CDB_Sample030/jai_0000103_173_416.png,NORM,NONE,NONE,NONE
EH5_Siemens037/jai_0000656_1799_974.png,NORM,NONE,TARG,NONE
EH5_Siemens008/jai_0000449_1408_1408.png,NORM,OVAL,NONE,NONE
EH5_Siemens012/jai_0000264_1196_1287.png,NORM,NONE,NONE,"BAST, HOJO, RETI"
CDB_Sample189/jai_0000079_1048_122.png,NORM,NONE,NONE,RETI
CDB_Sample030/jai_0000147_1398_238.png,NORM,OVAL,HYPO,NONE
EH5_Siemens012/jai_0001268_1072_216.png,MICR,OVAL,NONE,"HOJO, RETI"
CDB_Sample189/jai_0000038_751_204.png,NORM,NONE,NONE,"HOJO, RETI"
EH5_Siemens012/jai_0000019_1370_269.png,NORM,NONE,HYPO,NONE
EH5_Siemens029/jai_0000479_1447_597.png,MICR,SCHI,NONE,NONE
CDB_Sample156/jai_0000095_580_519.png,NORM,ECHI,NONE,NONE
CDB_Sample189/jai_0000035_1175_773.png,NORM,NONE,NONE,PABO
EH5_Siemens008/jai_0000449_90_1197.png,NORM,NONE,STOM,NONE
EH5_Siemens041/jai_0000146_505_974.png,NORM,BITE,NONE,NONE
CDB_Sample030/jai_0000274_1057_553.png,MICR,SPHE,NONE,NONE
EH5_Siemens012/jai_0000951_513_920.png,NORM,NONE,NONE,"BAST, HOJO, RETI"
EH5_Siemens012/jai_0000003_1481_666.png,NORM,NONE,HYPR,NONE
EH5_Siemens012/jai_0000264_1380_1442.png,NORM,NONE,TARG,NONE
EH5_Siemens003/jai_0000158_631_309.png,NORM,NONE,HYPR,NONE
EH5_Siemens012/jai_0000057_1569_1060.png,NORM,NONE,NONE,NRBC
EH5_Siemens012/jai_0001477_753_715.png,NORM,NONE,NONE,"BAST, RETI"
EH5_Siemens083/jai_0000185_386_988.png,NORM,NONE,NONE,NONE
CDB_Sample189/jai_0000251_1862_751.png,NORM,SICK,NONE,NONE
EH5_Siemens003/jai_0000783_1121_845.png,NORM,NONE,NONE,RETI
CDB_Sample030/jai_0000141_1677_402.png,NORM,ECHI,NONE,NONE
EH5_Siemens029/jai_0000439_1517_220.png,NORM,NONE,NONE,HOJO
CDB_Sample125/jai_0000094_1341_774.png,NORM,HELM,NONE,NONE
CDB_Sample189/jai_0000167_103_1226.png,NORM,NONE,NONE,NONE
CDB_Sample189/jai_0000038_751_204.png,NORM,NONE,NONE,"HOJO, RETI"
CDB_Sample156/jai_0000094_1842_523.png,NORM,NONE,NONE,NONE
CDB_Sample030/jai_0000020_1967_986.png,NORM,NONE,NONE,BAST
EH5_Siemens029/jai_0000568_557_1144.png,MICR,NONE,NONE,NONE
EH5_Siemens012/jai_0001512_779_1122.png,NORM,NONE,NONE,NRBC
CDB_Sample030/jai_0000018_1915_1401.png,NORM,NONE,HYPO,NONE
EH5_Siemens037/jai_0000395_1263_560.png,NORM,NONE,HYPO,NONE
EH5_Siemens013/jai_0001193_439_231.png,NORM,NONE,NONE,RETI
EH5_Siemens083/jai_0000179_1070_635.png,NORM,NONE,HYPR,NONE
EH5_Siemens012/jai_0001268_1072_216.png,MICR,OVAL,NONE,"HOJO, RETI"
EH5_Siemens012/jai_0001353_1286_1185.png,NORM,HELM,NONE,"BAST, HOJO"
EH5_Siemens012/jai_0001353_885_1111.png,NORM,NONE,HYPR,"BAST, RETI"
EH5_Siemens008/jai_0000287_1834_1021.png,MICR,NONE,NONE,NONE
CDB_Sample030/jai_0000273_1139_1358.png,NORM,OVAL,HYPO,NONE
EH5_Siemens012/jai_0000836_982_410.png,MICR,NONE,NONE,"BAST, RETI"
CDB_Sample125/jai_0000096_1318_731.png,MICR,NONE,NONE,NONE
EH5_Siemens012/jai_0000951_513_920.png,NORM,NONE,NONE,"BAST, HOJO, RETI"
EH5_Siemens012/jai_0000182_1166_926.png,NORM,NONE,TARG,NONE
CDB_Sample125/jai_0000053_1714_550.png,NORM,NONE,NONE,MALA
CDB_Sample030/jai_0000015_1793_536.png,NORM,NONE,NONE,NONE
EH5_Siemens012/jai_0000264_1196_1287.png,NORM,NONE,NONE,"BAST, HOJO, RETI"
EH5_Siemens083/jai_0000016_526_905.png,NORM,TEAR,NONE,NONE
CDB_Sample156/jai_0000270_1184_1068.png,NORM,NONE,NONE,NONE
EH5_Siemens012/jai_0000264_1196_1287.png,NORM,NONE,NONE,"BAST, HOJO, RETI"
CDB_Sample189/jai_0000118_363_380.png,NORM,SICK,NONE,NONE
EH5_Siemens012/jai_0000951_513_920.png,NORM,NONE,NONE,"BAST, HOJO, RETI"
EH5_Siemens012/jai_0000277_1661_1118.png,MICR,SCHI,NONE,NONE
CDB_Sample189/jai_0000120_426_275.png,NORM,NONE,STOM,NONE
CDB_Sample125/jai_0000057_1753_528.png,NORM,NONE,NONE,NONE
EH5_Siemens083/jai_0000223_591_1387.png,MICR,NONE,NONE,NONE
CDB_Sample125/jai_0000317_1861_620.png,NORM,ECHI,NONE,NONE
EH5_Siemens013/jai_0000413_398_1404.png,NORM,NONE,NONE,NONE
EH5_Siemens013/jai_0001060_916_1234.png,NORM,NONE,NONE,RETI
CDB_Sample125/jai_0000273_785_238.png,NORM,NONE,NONE,MALA
EH5_Siemens012/jai_0000264_1196_1287.png,NORM,NONE,NONE,"BAST, HOJO, RETI"
CDB_Sample189/jai_0000038_751_204.png,NORM,NONE,NONE,"HOJO, RETI"
EH5_Siemens029/jai_0000052_769_815.png,NORM,NONE,NONE,RETI
EH5_Siemens013/jai_0000371_615_1154.png,MICR,NONE,NONE,NONE
CDB_Sample156/jai_0000521_975_1235.png,NORM,NONE,NONE,NONE
CDB_Sample030/jai_0000231_1387_648.png,NORM,OVAL,HYPO,NONE
CDB_Sample012/jai_0000117_1472_304.png,NORM,NONE,NONE,NONE
EH5_Siemens008/jai_0001392_963_1359.png,NORM,ELLI,NONE,NONE
CDB_Sample156/jai_0000310_1167_111.png,NORM,ECHI,NONE,NONE
CDB_Sample156/jai_0000268_1719_858.png,NORM,ECHI,NONE,NONE
CDB_Sample156/jai_0000270_797_836.png,NORM,ACAN,NONE,NONE
EH5_Siemens008/jai_0001437_1023_613.png,NORM,NONE,HYPO,NONE
CDB_Sample030/jai_0000275_1332_198.png,NORM,OVAL,NONE,NONE
EH5_Siemens012/jai_0001437_654_1314.png,NORM,OVAL,NONE,"BAST, HOJO"
CDB_Sample189/jai_0000123_1918_253.png,NORM,NONE,NONE,PABO
CDB_Sample125/jai_0000094_227_554.png,NORM,NONE,NONE,MALA
CDB_Sample189/jai_0000160_1276_596.png,NORM,NONE,NONE,RETI
EH5_Siemens012/jai_0001599_995_346.png,MICR,NONE,NONE,BAST
EH5_Siemens003/jai_0000096_1514_494.png,NORM,NONE,NONE,HOJO
EH5_Siemens083/jai_0000142_400_1074.png,MICR,NONE,NONE,NONE
EH5_Siemens029/jai_0000568_860_68.png,NORM,NONE,NONE,NONE
EH5_Siemens012/jai_0000003_1530_443.png,NORM,ELLI,NONE,NONE
EH5_Siemens045/jai_0000186_1249_692.png,NORM,BITE,NONE,NONE
CDB_Sample189/jai_0000374_1536_1219.png,NORM,NONE,NONE,RETI
EH5_Siemens083/jai_0000184_1053_1026.png,MICR,NONE,NONE,RETI
CDB_Sample189/jai_0000034_848_1294.png,NORM,SICK,NONE,NONE
CDB_Sample189/jai_0000166_1315_967.png,NORM,NONE,NONE,NONE
EH5_Siemens029/jai_0000479_1763_712.png,NORM,NONE,NONE,NONE
EH5_Siemens012/jai_0000303_64_613.png,NORM,NONE,NONE,NRBC
EH5_Siemens013/jai_0000158_122_76.png,NORM,NONE,NONE,NONE
EH5_Siemens012/jai_0000264_1196_1287.png,NORM,NONE,NONE,"BAST, HOJO, RETI"
EH5_Siemens012/jai_0000139_1562_171.png,NORM,NONE,TARG,NONE
CDB_Sample156/jai_0000567_1834_90.png,NORM,NONE,NONE,NONE
EH5_Siemens012/jai_0000057_1366_312.png,NORM,OVAL,NONE,"BAST, RETI"
CDB_Sample189/jai_0000115_1480_968.png,NORM,NONE,NONE,HOJO
EH5_Siemens012/jai_0000043_1189_192.png,MICR,SPHE,NONE,NONE
CDB_Sample189/jai_0000123_1918_253.png,NORM,NONE,NONE,PABO
EH5_Siemens041/jai_0000146_505_974.png,NORM,BITE,NONE,NONE
EH5_Siemens012/jai_0001512_564_319.png,NORM,NONE,TARG,BAST
EH5_Siemens012/jai_0001268_1072_216.png,MICR,OVAL,NONE,"HOJO, RETI"
EH5_Siemens013/jai_0000417_990_128.png,MICR,NONE,NONE,NONE
CDB_Sample125/jai_0000269_1898_814.png,NORM,NONE,NONE,NONE
EH5_Siemens003/jai_0000006_949_450.png,MICR,SPHE,NONE,NONE
CDB_Sample189/jai_0000034_1799_184.png,MICR,SPHE,NONE,NONE
CDB_Sample189/jai_0000038_751_204.png,NORM,NONE,NONE,"HOJO, RETI"
EH5_Siemens012/jai_0000277_961_800.png,MICR,NONE,NONE,RETI
EH5_Siemens029/jai_0000310_633_369.png,NORM,NONE,NONE,NONE
CDB_Sample125/jai_0000095_1081_957.png,NORM,NONE,NONE,NONE
EH5_Siemens003/jai_0000872_437_917.png,NORM,NONE,NONE,RETI
CDB_Sample189/jai_0000165_710_1330.png,MICR,NONE,NONE,PABO
CDB_Sample030/jai_0000142_1145_812.png,NORM,TEAR,NONE,NONE
EH5_Siemens012/jai_0001353_1286_1185.png,NORM,HELM,NONE,"BAST, HOJO"
EH5_Siemens012/jai_0000951_513_920.png,NORM,NONE,NONE,"BAST, HOJO, RETI"
EH5_Siemens012/jai_0000043_86_1253.png,NORM,NONE,NONE,BAST
EH5_Siemens003/jai_0000227_234_990.png,NORM,NONE,NONE,HOJO
EH5_Siemens003/jai_0000980_1598_536.png,MICR,NONE,NONE,NONE
CDB_Sample012/jai_0000066_314_540.png,NORM,NONE,NONE,NONE
CDB_Sample156/jai_0000138_1131_780.png,NORM,ECHI,NONE,NONE
CDB_Sample156/jai_0000181_809_1140.png,NORM,ECHI,NONE,NONE
CDB_Sample125/jai_0000316_1941_116.png,NORM,NONE,NONE,NONE
EH5_Siemens012/jai_0000044_1235_582.png,NORM,ECHI,HYPR,NONE
CDB_Sample012/jai_0000029_401_1099.png,NORM,NONE,NONE,NONE
CDB_Sample189/jai_0000119_855_489.png,NORM,NONE,NONE,PABO
CDB_Sample012/jai_0000023_194_859.png,NORM,NONE,STOM,NONE
EH5_Siemens037/jai_0000009_330_524.png,NORM,NONE,NONE,NONE
EH5_Siemens013/jai_0000071_1428_956.png,NORM,NONE,NONE,RETI
EH5_Siemens012/jai_0000264_1196_1287.png,NORM,NONE,NONE,"BAST, HOJO, RETI"
EH5_Siemens029/jai_0000052_430_1150.png,NORM,NONE,NONE,NONE
EH5_Siemens012/jai_0000187_1025_815.png,NORM,NONE,NONE,NRBC
EH5_Siemens037/jai_0000142_985_503.png,NORM,ELLI,NONE,NONE
EH5_Siemens012/jai_0001006_631_444.png,NORM,NONE,TARG,BAST
EH5_Siemens029/jai_0000225_1027_910.png,NORM,NONE,HYPR,NONE
EH5_Siemens012/jai_0000836_982_410.png,MICR,NONE,NONE,"BAST, RETI"
EH5_Siemens008/jai_0000150_1791_744.png,NORM,NONE,NONE,NONE
EH5_Siemens012/jai_0001353_1286_1185.png,NORM,HELM,NONE,"BAST, HOJO"
EH5_Siemens012/jai_0001353_1286_1185.png,NORM,HELM,NONE,"BAST, HOJO"
EH5_Siemens029/jai_0000395_1702_1126.png,NORM,TEAR,HYPR,NONE
EH5_Siemens003/jai_0000980_140_814.png,NORM,NONE,NONE,NONE
EH5_Siemens037/jai_0000611_720_795.png,NORM,ECHI,NONE,NONE
EH5_Siemens012/jai_0000147_972_832.png,MICR,NONE,NONE,BAST
EH5_Siemens045/jai_0000184_398_749.png,MICR,SCHI,NONE,NONE
CDB_Sample030/jai_0000056_235_1280.png,MICR,NONE,NONE,NONE
CDB_Sample012/jai_0000155_887_394.png,NORM,NONE,NONE,RETI
EH5_Siemens008/jai_0000287_588_1385.png,MICR,NONE,NONE,NONE
EH5_Siemens039/jai_0000351_1895_722.png,NORM,HELM,NONE,NONE
CDB_Sample012/jai_0000146_1038_1166.png,NORM,NONE,NONE,NONE
EH5_Siemens012/jai_0001268_1072_216.png,MICR,OVAL,NONE,"HOJO, RETI"
CDB_Sample189/jai_0000115_1328_266.png,NORM,SICK,NONE,NONE
CDB_Sample189/jai_0000246_1195_211.png,NORM,SICK,NONE,NONE
EH5_Siemens012/jai_0001173_1272_157.png,NORM,NONE,NONE,"BAST, RETI"
EH5_Siemens012/jai_0000003_1181_1021.png,MICR,NONE,NONE,NONE
CDB_Sample012/jai_0000153_731_1159.png,NORM,NONE,NONE,NONE
EH5_Siemens012/jai_0000951_513_920.png,NORM,NONE,NONE,"BAST, HOJO, RETI"
EH5_Siemens012/jai_0001437_654_1314.png,NORM,OVAL,NONE,"BAST, HOJO"
CDB_Sample189/jai_0000034_567_1093.png,NORM,SICK,NONE,NONE
EH5_Siemens012/jai_0001353_1286_1185.png,NORM,HELM,NONE,"BAST, HOJO"
EH5_Siemens012/jai_0000395_1004_511.png,NORM,NONE,NONE,BAST
EH5_Siemens083/jai_0000142_360_1226.png,NORM,ECHI,NONE,NONE
CDB_Sample189/jai_0000334_1519_21.png,NORM,NONE,NONE,NONE
EH5_Siemens012/jai_0000264_1196_1287.png,NORM,NONE,NONE,"BAST, HOJO, RETI"
CDB_Sample012/jai_0000025_1940_406.png,NORM,NONE,NONE,NONE
EH5_Siemens037/jai_0000312_1304_604.png,NORM,NONE,NONE,NONE
EH5_Siemens003/jai_0000158_499_1384.png,NORM,NONE,NONE,NONE
EH5_Siemens008/jai_0000021_1002_1192.png,NORM,NONE,NONE,NONE
EH5_Siemens037/jai_0000655_1600_1327.png,NORM,NONE,NONE,NONE
CDB_Sample125/jai_0000263_976_600.png,MICR,NONE,NONE,NONE
EH5_Siemens003/jai_0000158_511_666.png,NORM,NONE,STOM,NONE
EH5_Siemens012/jai_0001609_1420_692.png,NORM,NONE,HYPR,"BAST, RETI"
CDB_Sample189/jai_0000166_428_784.png,MICR,NONE,NONE,NONE
CDB_Sample189/jai_0000373_102_421.png,NORM,NONE,STOM,NONE
EH5_Siemens013/jai_0001064_1566_1200.png,NORM,NONE,NONE,NONE
EH5_Siemens012/jai_0001353_1286_1185.png,NORM,HELM,NONE,"BAST, HOJO"
EH5_Siemens003/jai_0000278_606_843.png,NORM,NONE,NONE,NONE
EH5_Siemens012/jai_0000905_62_1391.png,NORM,NONE,HYPR,"BAST, RETI"
CDB_Sample156/jai_0000394_686_83.png,NORM,NONE,NONE,NONE
CDB_Sample012/jai_0000116_72_394.png,NORM,NONE,NONE,BAST
EH5_Siemens083/jai_0001472_753_1032.png,MACR,NONE,HYPR,NONE
EH5_Siemens008/jai_0000921_222_1385.png,NORM,ECHI,NONE,NONE
CDB_Sample030/jai_0000139_793_1241.png,MICR,ELLI,NONE,NONE
EH5_Siemens008/jai_0000287_1294_247.png,NORM,NONE,NONE,NONE
EH5_Siemens014/jai_0000192_1233_1364.png,NORM,HELM,NONE,NONE
EH5_Siemens013/jai_0000158_503_425.png,NORM,NONE,NONE,NONE
CDB_Sample030/jai_0000189_1685_556.png,NORM,OVAL,NONE,NONE
EH5_Siemens012/jai_0000836_207_898.png,NORM,NONE,NONE,NRBC
CDB_Sample125/jai_0000268_1639_195.png,NORM,NONE,NONE,MALA
EH5_Siemens012/jai_0000995_442_1239.png,MICR,NONE,NONE,BAST
EH5_Siemens083/jai_0000183_1646_960.png,NORM,NONE,NONE,"BAST, RETI"
EH5_Siemens037/jai_0000395_1215_827.png,NORM,NONE,NONE,NONE
CDB_Sample125/jai_0000272_277_642.png,NORM,NONE,HYPO,NONE
EH5_Siemens012/jai_0001261_1830_454.png,MICR,NONE,NONE,BAST
CDB_Sample030/jai_0000099_483_1402.png,NORM,OVAL,NONE,NONE
CDB_Sample030/jai_0000277_646_1021.png,MICR,NONE,NONE,NONE
EH5_Siemens083/jai_0000356_801_652.png,NORM,NONE,NONE,NONE
EH5_Siemens008/jai_0001350_646_702.png,NORM,NONE,NONE,NONE
EH5_Siemens008/jai_0001350_1724_617.png,NORM,NONE,NONE,NONE
EH5_Siemens012/jai_0001268_506_1175.png,MICR,NONE,NONE,"BAST, RETI"
EH5_Siemens012/jai_0000395_1899_710.png,MICR,SCHI,NONE,NONE
EH5_Siemens029/jai_0000569_846_136.png,NORM,NONE,NONE,NONE
CDB_Sample012/jai_0000155_218_969.png,MICR,NONE,NONE,NONE
EH5_Siemens029/jai_0000695_1861_196.png,NORM,NONE,NONE,NONE
EH5_Siemens003/jai_0000242_1580_439.png,NORM,NONE,NONE,NONE
EH5_Siemens012/jai_0000951_513_920.png,NORM,NONE,NONE,"BAST, HOJO, RETI"
EH5_Siemens012/jai_0001353_1286_1185.png,NORM,HELM,NONE,"BAST, HOJO"
EH5_Siemens012/jai_0000951_513_920.png,NORM,NONE,NONE,"BAST, HOJO, RETI"
EH5_Siemens037/jai_0000655_70_688.png,NORM,NONE,TARG,NONE
EH5_Siemens083/jai_0001428_620_616.png,MACR,NONE,NONE,NONE
CDB_Sample012/jai_0000029_1370_44.png,NORM,NONE,NONE,NONE
EH5_Siemens013/jai_0000327_198_78.png,MICR,SPHE,NONE,NONE
EH5_Siemens029/jai_0000440_1587_423.png,NORM,NONE,NONE,NONE
EH5_Siemens012/jai_0000043_908_1424.png,NORM,NONE,NONE,NRBC
EH5_Siemens012/jai_0001173_864_994.png,NORM,NONE,HYPR,"BAST, RETI"
EH5_Siemens012/jai_0000174_1622_1178.png,NORM,NONE,NONE,RETI
CDB_Sample189/jai_0000033_1277_554.png,NORM,NONE,NONE,PABO
CDB_Sample189/jai_0000079_1048_122.png,NORM,NONE,NONE,RETI
CDB_Sample030/jai_0000013_531_1353.png,NORM,NONE,HYPR,NONE
EH5_Siemens008/jai_0001350_67_702.png,NORM,NONE,NONE,NONE
CDB_Sample030/jai_0000139_1386_1264.png,NORM,ELLI,NONE,NONE
CDB_Sample030/jai_0000277_915_775.png,MICR,NONE,NONE,NONE
EH5_Siemens029/jai_0000398_239_1244.png,NORM,NONE,NONE,NONE
CDB_Sample125/jai_0000355_1840_94.png,NORM,NONE,NONE,NONE
EH5_Siemens013/jai_0000798_1496_637.png,NORM,TEAR,NONE,NONE
EH5_Siemens037/jai_0000399_1229_679.png,NORM,NONE,NONE,NONE
CDB_Sample189/jai_0000292_1940_457.png,NORM,NONE,NONE,RETI
EH5_Siemens012/jai_0001568_149_1104.png,NORM,NONE,HYPO,NONE
EH5_Siemens037/jai_0000009_731_76.png,NORM,ECHI,NONE,NONE
CDB_Sample125/jai_0000008_1589_276.png,NORM,NONE,NONE,NONE
EH5_Siemens037/jai_0000657_1195_67.png,MICR,SCHI,NONE,NONE
EH5_Siemens037/jai_0000570_1005_452.png,NORM,ECHI,NONE,NONE
CDB_Sample156/jai_0000182_840_1298.png,NORM,ECHI,NONE,NONE
CDB_Sample030/jai_0000272_1720_217.png,MICR,SPHE,NONE,NONE
CDB_Sample189/jai_0000373_627_831.png,NORM,NONE,NONE,PABO
CDB_Sample030/jai_0000231_703_1291.png,NORM,ELLI,NONE,NONE
EH5_Siemens029/jai_0000822_41_1265.png,NORM,ECHI,NONE,NONE
EH5_Siemens012/jai_0001353_1286_1185.png,NORM,HELM,NONE,"BAST, HOJO"
EH5_Siemens012/jai_0001437_654_1314.png,NORM,OVAL,NONE,"BAST, HOJO"
EH5_Siemens029/jai_0000871_1287_624.png,NORM,NONE,NONE,NONE
EH5_Siemens037/jai_0000526_780_233.png,NORM,OVAL,NONE,NONE
EH5_Siemens012/jai_0001268_1072_216.png,MICR,OVAL,NONE,"HOJO, RETI"
EH5_Siemens012/jai_0000951_513_920.png,NORM,NONE,NONE,"BAST, HOJO, RETI"
CDB_Sample189/jai_0000117_497_104.png,NORM,NONE,NONE,PABO
EH5_Siemens008/jai_0000241_919_1079.png,NORM,NONE,NONE,NONE
EH5_Siemens037/jai_0000527_618_502.png,NORM,NONE,HYPR,NONE
CDB_Sample012/jai_0000031_1666_720.png,NORM,NONE,STOM,NONE
CDB_Sample189/jai_0000034_1928_1227.png,NORM,NONE,NONE,HOJO
EH5_Siemens012/jai_0000057_374_1418.png,NORM,NONE,TARG,NONE
CDB_Sample156/jai_0000608_683_276.png,NORM,ECHI,NONE,NONE
EH5_Siemens012/jai_0000264_1196_1287.png,NORM,NONE,NONE,"BAST, HOJO, RETI"
CDB_Sample030/jai_0000189_1354_653.png,NORM,ELLI,NONE,NONE
CDB_Sample030/jai_0000096_640_358.png,NORM,ELLI,NONE,NONE
CDB_Sample189/jai_0000121_1610_560.png,NORM,NONE,NONE,PABO
EH5_Siemens029/jai_0000398_629_1022.png,NORM,NONE,NONE,NONE
EH5_Siemens029/jai_0000822_234_721.png,NORM,NONE,NONE,NONE
CDB_Sample030/jai_0000188_1946_810.png,MICR,SPHE,NONE,NONE
EH5_Siemens012/jai_0000951_513_920.png,NORM,NONE,NONE,"BAST, HOJO, RETI"
CDB_Sample125/jai_0000224_1224_993.png,NORM,NONE,NONE,MALA
EH5_Siemens012/jai_0000264_1196_1287.png,NORM,NONE,NONE,"BAST, HOJO, RETI"
EH5_Siemens012/jai_0000043_1502_867.png,NORM,NONE,TARG,NONE
CDB_Sample012/jai_0000109_1858_1042.png,NORM,NONE,NONE,NONE
CDB_Sample012/jai_0000116_1249_267.png,NORM,NONE,NONE,NONE
EH5_Siemens012/jai_0001353_1286_1185.png,NORM,HELM,NONE,"BAST, HOJO"
CDB_Sample156/jai_0000096_461_1161.png,NORM,NONE,NONE,NONE
EH5_Siemens012/jai_0001437_654_1314.png,NORM,OVAL,NONE,"BAST, HOJO"
EH5_Siemens045/jai_0000189_652_404.png,MICR,SCHI,NONE,NONE
CDB_Sample030/jai_0000148_1958_687.png,NORM,ELLI,NONE,NONE
CDB_Sample156/jai_0000182_464_1096.png,NORM,ECHI,NONE,NONE
CDB_Sample012/jai_0000197_1214_246.png,MICR,NONE,NONE,NONE
EH5_Siemens012/jai_0000347_1486_1215.png,MICR,NONE,NONE,"BAST, RETI"
EH5_Siemens008/jai_0000022_164_827.png,NORM,NONE,NONE,NONE
EH5_Siemens013/jai_0000969_1117_915.png,MICR,NONE,NONE,NONE
EH5_Siemens041/jai_0000146_505_974.png,NORM,BITE,NONE,NONE
CDB_Sample030/jai_0000185_1309_954.png,NORM,NONE,NONE,NONE
CDB_Sample189/jai_0000333_1570_1423.png,NORM,NONE,NONE,NONE
EH5_Siemens012/jai_0000264_1196_1287.png,NORM,NONE,NONE,"BAST, HOJO, RETI"
CDB_Sample156/jai_0000350_692_1447.png,NORM,ECHI,NONE,NONE
EH5_Siemens012/jai_0000951_513_920.png,NORM,NONE,NONE,"BAST, HOJO, RETI"
CDB_Sample189/jai_0000120_426_275.png,NORM,NONE,STOM,NONE
CDB_Sample189/jai_0000121_1610_560.png,NORM,NONE,NONE,PABO
CDB_Sample189/jai_0000033_1077_761.png,NORM,NONE,NONE,HOJO
CDB_Sample030/jai_0000011_857_578.png,NORM,NONE,HYPO,NONE
EH5_Siemens045/jai_0000186_1238_1003.png,MICR,SCHI,NONE,NONE
EH5_Siemens012/jai_0001353_1286_1185.png,NORM,HELM,NONE,"BAST, HOJO"
CDB_Sample030/jai_0000141_480_314.png,NORM,NONE,NONE,NONE
CDB_Sample012/jai_0000070_780_302.png,NORM,NONE,NONE,"BAST, RETI"
EH5_Siemens012/jai_0000390_1773_1214.png,MICR,NONE,NONE,BAST
EH5_Siemens037/jai_0000358_1248_140.png,NORM,NONE,NONE,HOJO
CDB_Sample125/jai_0000096_1559_510.png,MICR,NONE,NONE,NONE
EH5_Siemens008/jai_0000188_850_796.png,MICR,NONE,NONE,NONE
CDB_Sample125/jai_0000275_934_310.png,NORM,NONE,NONE,MALA
EH5_Siemens083/jai_0000013_866_1041.png,NORM,NONE,HYPO,NONE
CDB_Sample125/jai_0000008_498_1307.png,NORM,NONE,NONE,NONE
CDB_Sample189/jai_0000119_855_489.png,NORM,NONE,NONE,PABO
EH5_Siemens003/jai_0000158_1299_1327.png,MICR,NONE,NONE,NONE
CDB_Sample189/jai_0000378_1193_1080.png,NORM,NONE,NONE,PABO
EH5_Siemens013/jai_0000327_1026_936.png,NORM,NONE,NONE,NONE
EH5_Siemens029/jai_0000395_1020_573.png,NORM,NONE,NONE,NONE
EH5_Siemens029/jai_0000692_1505_593.png,NORM,NONE,NONE,BAST
EH5_Siemens012/jai_0000264_1196_1287.png,NORM,NONE,NONE,"BAST, HOJO, RETI"
EH5_Siemens012/jai_0001353_1286_1185.png,NORM,HELM,NONE,"BAST, HOJO"
CDB_Sample189/jai_0000038_751_204.png,NORM,NONE,NONE,"HOJO, RETI"
CDB_Sample189/jai_0000035_1565_1109.png,NORM,SICK,NONE,NONE
EH5_Siemens008/jai_0001657_977_1348.png,NORM,NONE,HYPO,NONE
EH5_Siemens003/jai_0000976_391_1425.png,NORM,NONE,STOM,NONE
EH5_Siemens037/jai_0000482_979_1129.png,NORM,NONE,HYPO,NONE
EH5_Siemens012/jai_0000059_1789_295.png,NORM,NONE,NONE,NRBC
EH5_Siemens012/jai_0001474_210_726.png,MICR,NONE,NONE,BAST
CDB_Sample189/jai_0000335_1765_870.png,NORM,NONE,NONE,NONE
EH5_Siemens012/jai_0000043_908_1424.png,NORM,NONE,NONE,NRBC
CDB_Sample030/jai_0000060_1781_638.png,NORM,NONE,HYPO,NONE
EH5_Siemens013/jai_0000371_1367_995.png,NORM,NONE,NONE,NONE
EH5_Siemens012/jai_0001437_654_1314.png,NORM,OVAL,NONE,"BAST, HOJO"
CDB_Sample012/jai_0000112_1693_385.png,MICR,NONE,NONE,NONE
EH5_Siemens012/jai_0001353_1286_1185.png,NORM,HELM,NONE,"BAST, HOJO"
CDB_Sample030/jai_0000013_1211_304.png,MICR,NONE,NONE,NONE
CDB_Sample125/jai_0000051_176_211.png,NORM,NONE,NONE,MALA
CDB_Sample189/jai_0000038_751_204.png,NORM,NONE,NONE,"HOJO, RETI"
EH5_Siemens083/jai_0000058_739_1417.png,NORM,NONE,HYPO,NONE
EH5_Siemens012/jai_0000995_442_1239.png,MICR,NONE,NONE,BAST
CDB_Sample189/jai_0000377_86_874.png,NORM,NONE,HYPO,NONE
EH5_Siemens029/jai_0000353_1660_1448.png,NORM,NONE,NONE,NONE
EH5_Siemens013/jai_0000969_1481_1076.png,NORM,TEAR,NONE,NONE
CDB_Sample189/jai_0000033_988_601.png,NORM,NONE,NONE,PABO
EH5_Siemens008/jai_0000287_1215_588.png,NORM,OVAL,NONE,NONE
CDB_Sample030/jai_0000277_1309_1378.png,NORM,NONE,HYPO,NONE
EH5_Siemens029/jai_0000184_1718_1413.png,NORM,NONE,NONE,NONE
EH5_Siemens012/jai_0000264_1196_1287.png,NORM,NONE,NONE,"BAST, HOJO, RETI"
CDB_Sample030/jai_0000185_339_579.png,NORM,TEAR,NONE,NONE
CDB_Sample030/jai_0000018_1931_291.png,NORM,ELLI,NONE,NONE
EH5_Siemens083/jai_0000064_727_1119.png,NORM,ELLI,NONE,NONE
EH5_Siemens008/jai_0000148_1168_542.png,NORM,NONE,NONE,NONE
EH5_Siemens008/jai_0001392_774_337.png,NORM,NONE,NONE,NONE
EH5_Siemens012/jai_0000951_513_920.png,NORM,NONE,NONE,"BAST, HOJO, RETI"
EH5_Siemens029/jai_0000822_1927_1356.png,NORM,NONE,NONE,NONE
CDB_Sample156/jai_0000349_1467_896.png,NORM,ECHI,NONE,NONE
CDB_Sample189/jai_0000163_722_1266.png,NORM,NONE,NONE,HOJO
CDB_Sample189/jai_0000337_1873_779.png,NORM,NONE,NONE,PABO
EH5_Siemens029/jai_0000822_1286_489.png,NORM,NONE,NONE,NONE
EH5_Siemens029/jai_0000871_1871_344.png,MICR,SPHE,NONE,NONE
EH5_Siemens012/jai_0000057_1569_1060.png,NORM,NONE,NONE,NRBC
CDB_Sample156/jai_0000179_718_1231.png,NORM,ECHI,NONE,NONE
EH5_Siemens012/jai_0000264_1196_1287.png,NORM,NONE,NONE,"BAST, HOJO, RETI"
EH5_Siemens003/jai_0001299_896_533.png,NORM,NONE,NONE,HOJO
CDB_Sample156/jai_0000140_344_1206.png,NORM,ECHI,NONE,NONE
EH5_Siemens029/jai_0000695_1349_171.png,NORM,NONE,NONE,NONE
EH5_Siemens037/jai_0000653_683_248.png,NORM,ECHI,NONE,NONE
CDB_Sample125/jai_0000180_118_411.png,NORM,NONE,NONE,MALA
EH5_Siemens012/jai_0000264_1196_1287.png,NORM,NONE,NONE,"BAST, HOJO, RETI"
CDB_Sample012/jai_0000031_86_852.png,NORM,NONE,STOM,NONE
EH5_Siemens045/jai_0000011_1939_1252.png,MICR,SCHI,NONE,NONE
EH5_Siemens012/jai_0001437_654_1314.png,NORM,OVAL,NONE,"BAST, HOJO"
EH5_Siemens013/jai_0000074_463_759.png,NORM,NONE,NONE,NONE
CDB_Sample156/jai_0000564_230_284.png,NORM,NONE,NONE,NONE
CDB_Sample030/jai_0000231_492_967.png,NORM,TEAR,NONE,NONE
CDB_Sample030/jai_0000229_1960_47.png,NORM,OVAL,HYPO,NONE
CDB_Sample189/jai_0000114_1787_644.png,NORM,OVAL,HYPO,PABO
CDB_Sample125/jai_0000268_1528_1166.png,NORM,NONE,NONE,MALA
EH5_Siemens008/jai_0000578_1265_173.png,NORM,BITE,NONE,NONE
EH5_Siemens008/jai_0001350_1606_1290.png,NORM,NONE,NONE,NONE
CDB_Sample189/jai_0000038_751_204.png,NORM,NONE,NONE,"HOJO, RETI"
EH5_Siemens083/jai_0000185_812_922.png,NORM,NONE,HYPO,NONE
EH5_Siemens014/jai_0000022_1312_819.png,NORM,BITE,NONE,NONE
CDB_Sample125/jai_0000052_1148_477.png,NORM,NONE,NONE,MALA
CDB_Sample125/jai_0000180_118_411.png,NORM,NONE,NONE,MALA
CDB_Sample030/jai_0000100_235_378.png,NORM,TEAR,NONE,NONE
EH5_Siemens037/jai_0000356_415_951.png,NORM,OVAL,NONE,NONE
EH5_Siemens083/jai_0000309_268_1442.png,NORM,NONE,HYPO,NONE
CDB_Sample156/jai_0000181_1955_1244.png,NORM,NONE,NONE,NONE
EH5_Siemens012/jai_0001477_876_585.png,NORM,NONE,NONE,BAST
CDB_Sample125/jai_0000352_419_860.png,NORM,NONE,HYPO,NONE
EH5_Siemens045/jai_0000184_183_207.png,NORM,HELM,NONE,NONE
CDB_Sample125/jai_0000352_294_207.png,NORM,NONE,NONE,MALA
CDB_Sample030/jai_0000233_138_95.png,NORM,NONE,NONE,BAST
EH5_Siemens029/jai_0000398_627_911.png,NORM,NONE,HYPR,NONE
CDB_Sample030/jai_0000227_1544_1396.png,MICR,NONE,NONE,NONE
EH5_Siemens029/jai_0000052_1129_404.png,NORM,OVAL,NONE,NONE
EH5_Siemens012/jai_0000179_910_1353.png,NORM,NONE,NONE,NONE
EH5_Siemens029/jai_0000525_559_844.png,NORM,NONE,NONE,NONE
EH5_Siemens013/jai_0000588_827_678.png,NORM,NONE,HYPR,NONE
CDB_Sample125/jai_0000010_285_1250.png,NORM,NONE,NONE,MALA
EH5_Siemens041/jai_0000188_1681_418.png,NORM,BITE,NONE,NONE
EH5_Siemens012/jai_0001437_654_1314.png,NORM,OVAL,NONE,"BAST, HOJO"
EH5_Siemens037/jai_0000400_1566_1433.png,NORM,NONE,NONE,NONE
CDB_Sample030/jai_0000188_1273_1310.png,NORM,NONE,HYPO,NONE
EH5_Siemens083/jai_0000058_1800_1083.png,MACR,NONE,NONE,NONE
CDB_Sample030/jai_0000233_716_136.png,NORM,NONE,NONE,NONE
EH5_Siemens037/jai_0000483_574_394.png,NORM,ACAN,NONE,NONE
EH5_Siemens012/jai_0000182_1901_1098.png,MACR,NONE,HYPO,"BAST, RETI"
CDB_Sample189/jai_0000161_1556_854.png,NORM,NONE,NONE,PABO
EH5_Siemens012/jai_0000043_1432_839.png,NORM,NONE,NONE,NRBC
EH5_Siemens012/jai_0001353_1286_1185.png,NORM,HELM,NONE,"BAST, HOJO"
CDB_Sample030/jai_0000231_194_1181.png,NORM,NONE,NONE,NONE
EH5_Siemens012/jai_0000130_1819_748.png,NORM,NONE,NONE,"BAST, RETI"
EH5_Siemens012/jai_0000303_64_613.png,NORM,NONE,NONE,NRBC
CDB_Sample030/jai_0000186_647_1430.png,NORM,ELLI,NONE,NONE
EH5_Siemens037/jai_0000481_721_263.png,NORM,NONE,TARG,NONE
CDB_Sample125/jai_0000316_201_85.png,NORM,NONE,NONE,MALA
CDB_Sample030/jai_0000020_548_1258.png,NORM,NONE,NONE,NONE
EH5_Siemens013/jai_0000544_92_733.png,NORM,NONE,NONE,NONE
EH5_Siemens012/jai_0001353_1286_1185.png,NORM,HELM,NONE,"BAST, HOJO"
CDB_Sample156/jai_0000180_575_1156.png,NORM,ACAN,NONE,NONE
EH5_Siemens012/jai_0000318_118_730.png,NORM,NONE,NONE,NRBC
EH5_Siemens012/jai_0001338_1549_880.png,NORM,NONE,STOM,NONE
CDB_Sample189/jai_0000294_1644_745.png,NORM,NONE,NONE,RETI
CDB_Sample030/jai_0000185_1064_542.png,NORM,NONE,NONE,NONE
CDB_Sample125/jai_0000057_829_1450.png,NORM,NONE,NONE,NONE
CDB_Sample125/jai_0000095_684_329.png,NORM,NONE,NONE,MALA
EH5_Siemens029/jai_0000822_1858_293.png,MICR,SPHE,NONE,NONE
CDB_Sample156/jai_0000310_897_65.png,NORM,ECHI,NONE,NONE
EH5_Siemens037/jai_0000358_491_506.png,NORM,NONE,NONE,NONE
EH5_Siemens008/jai_0001186_661_1322.png,NORM,NONE,NONE,NONE
CDB_Sample189/jai_0000115_1007_246.png,NORM,SICK,NONE,NONE
EH5_Siemens012/jai_0001512_779_1122.png,NORM,NONE,NONE,NRBC
CDB_Sample189/jai_0000378_1193_1080.png,NORM,NONE,NONE,PABO
EH5_Siemens008/jai_0001437_841_350.png,NORM,BITE,NONE,NONE
CDB_Sample156/jai_0000392_726_764.png,NORM,NONE,NONE,NONE
EH5_Siemens037/jai_0000395_465_1229.png,NORM,NONE,NONE,HOJO
EH5_Siemens012/jai_0000264_1196_1287.png,NORM,NONE,NONE,"BAST, HOJO, RETI"
EH5_Siemens037/jai_0000568_475_712.png,NORM,NONE,TARG,NONE
EH5_Siemens029/jai_0000353_68_448.png,NORM,NONE,NONE,NONE
CDB_Sample030/jai_0000055_884_1233.png,NORM,NONE,NONE,NONE
EH5_Siemens012/jai_0001512_564_319.png,NORM,NONE,TARG,BAST
CDB_Sample030/jai_0000148_868_1357.png,MICR,NONE,NONE,NONE
CDB_Sample030/jai_0000096_1213_786.png,MICR,NONE,NONE,NONE
EH5_Siemens012/jai_0001268_1072_216.png,MICR,OVAL,NONE,"HOJO, RETI"
EH5_Siemens012/jai_0001353_1286_1185.png,NORM,HELM,NONE,"BAST, HOJO"
CDB_Sample189/jai_0000081_1850_879.png,NORM,NONE,NONE,HOJO
EH5_Siemens012/jai_0001268_1072_216.png,MICR,OVAL,NONE,"HOJO, RETI"
EH5_Siemens029/jai_0000479_388_326.png,NORM,ECHI,NONE,NONE
EH5_Siemens029/jai_0000225_1436_775.png,NORM,OVAL,HYPR,NONE
EH5_Siemens045/jai_0000136_1603_555.png,NORM,HELM,NONE,NONE
EH5_Siemens008/jai_0000751_658_614.png,NORM,NONE,HYPO,NONE
EH5_Siemens037/jai_0000142_1044_258.png,NORM,NONE,NONE,HOJO
CDB_Sample189/jai_0000379_1514_361.png,MICR,NONE,NONE,NONE
CDB_Sample156/jai_0000565_1026_274.png,NORM,ECHI,NONE,NONE
EH5_Siemens029/jai_0000052_299_408.png,NORM,NONE,HYPR,NONE
CDB_Sample156/jai_0000309_50_251.png,NORM,ACAN,NONE,NONE
EH5_Siemens012/jai_0000136_1887_525.png,NORM,NONE,TARG,NONE
CDB_Sample030/jai_0000055_1074_523.png,MICR,NONE,NONE,NONE
EH5_Siemens037/jai_0000653_1204_46.png,NORM,NONE,NONE,NONE
EH5_Siemens083/jai_0000356_1723_1131.png,NORM,NONE,HYPO,NONE
EH5_Siemens045/jai_0000184_1650_237.png,NORM,BITE,NONE,NONE
CDB_Sample189/jai_0000165_131_239.png,NORM,NONE,NONE,RETI
CDB_Sample125/jai_0000182_473_81.png,NORM,ECHI,NONE,NONE
CDB_Sample012/jai_0000148_731_233.png,MICR,NONE,NONE,NONE
EH5_Siemens012/jai_0000836_207_898.png,NORM,NONE,NONE,NRBC
EH5_Siemens083/jai_0000184_1007_364.png,NORM,NONE,TARG,NONE
EH5_Siemens041/jai_0000188_1717_604.png,NORM,BITE,NONE,NONE
EH5_Siemens037/jai_0000483_1771_254.png,NORM,NONE,TARG,NONE
CDB_Sample125/jai_0000014_202_1032.png,NORM,NONE,NONE,MALA
EH5_Siemens037/jai_0000570_1186_1140.png,NORM,ECHI,NONE,NONE
CDB_Sample189/jai_0000038_751_204.png,NORM,NONE,NONE,"HOJO, RETI"
EH5_Siemens012/jai_0000057_1427_1132.png,NORM,NONE,NONE,NRBC
EH5_Siemens012/jai_0000136_1254_379.png,NORM,NONE,TARG,NONE
EH5_Siemens029/jai_0000828_195_478.png,NORM,NONE,NONE,BAST
CDB_Sample030/jai_0000141_49_514.png,NORM,OVAL,HYPO,NONE
EH5_Siemens012/jai_0001477_876_585.png,NORM,NONE,NONE,BAST
EH5_Siemens012/jai_0001268_1072_216.png,MICR,OVAL,NONE,"HOJO, RETI"
EH5_Siemens037/jai_0000092_356_981.png,NORM,NONE,NONE,NONE
EH5_Siemens037/jai_0000656_77_648.png,NORM,NONE,TARG,NONE
EH5_Siemens029/jai_0000695_1566_134.png,NORM,NONE,HYPR,NONE
EH5_Siemens013/jai_0000847_1370_1370.png,NORM,TEAR,NONE,NONE
EH5_Siemens012/jai_0001256_755_1091.png,NORM,NONE,NONE,BAST
CDB_Sample030/jai_0000140_911_110.png,MICR,NONE,NONE,NONE
EH5_Siemens083/jai_0000184_1379_551.png,MACR,NONE,HYPR,NONE
EH5_Siemens012/jai_0000179_1683_334.png,NORM,NONE,TARG,NONE
CDB_Sample030/jai_0000055_310_1131.png,NORM,OVAL,NONE,NONE
EH5_Siemens012/jai_0001512_779_1122.png,NORM,NONE,NONE,NRBC
EH5_Siemens083/jai_0000182_201_625.png,NORM,NONE,NONE,"BAST, RETI"
EH5_Siemens083/jai_0000184_110_851.png,NORM,ACAN,NONE,NONE
EH5_Siemens012/jai_0001268_1072_216.png,MICR,OVAL,NONE,"HOJO, RETI"
EH5_Siemens012/jai_0000019_154_184.png,NORM,NONE,NONE,NONE
CDB_Sample189/jai_0000038_751_204.png,NORM,NONE,NONE,"HOJO, RETI"
EH5_Siemens012/jai_0000182_1901_1098.png,MACR,NONE,HYPO,"BAST, RETI"
EH5_Siemens037/jai_0000613_1165_1392.png,NORM,NONE,NONE,NONE
EH5_Siemens008/jai_0000024_872_806.png,MICR,NONE,NONE,NONE
EH5_Siemens008/jai_0001222_1781_833.png,NORM,NONE,NONE,NONE
EH5_Siemens003/jai_0000663_899_1021.png,NORM,NONE,NONE,NONE
EH5_Siemens003/jai_0000872_293_807.png,NORM,NONE,NONE,NONE
EH5_Siemens013/jai_0000969_1802_301.png,MICR,SPHE,NONE,NONE
EH5_Siemens013/jai_0000588_1894_645.png,NORM,NONE,NONE,NONE
CDB_Sample012/jai_0000068_1785_537.png,MICR,NONE,NONE,NONE
EH5_Siemens008/jai_0000277_794_1082.png,MICR,SPHE,NONE,NONE
CDB_Sample156/jai_0000265_582_1230.png,NORM,NONE,NONE,NONE
CDB_Sample189/jai_0000380_435_1094.png,NORM,NONE,NONE,HOJO
CDB_Sample189/jai_0000035_1175_773.png,NORM,NONE,NONE,PABO
EH5_Siemens008/jai_0001145_313_280.png,NORM,NONE,NONE,NONE
EH5_Siemens012/jai_0000951_513_920.png,NORM,NONE,NONE,"BAST, HOJO, RETI"
CDB_Sample030/jai_0000020_1967_986.png,NORM,NONE,NONE,BAST
CDB_Sample125/jai_0000226_900_235.png,NORM,NONE,NONE,MALA
CDB_Sample125/jai_0000051_1712_123.png,NORM,NONE,NONE,MALA
CDB_Sample012/jai_0000108_1404_45.png,NORM,NONE,NONE,NONE
CDB_Sample189/jai_0000114_356_735.png,NORM,NONE,HYPO,HOJO
CDB_Sample030/jai_0000146_287_364.png,MICR,SCHI,NONE,NONE
EH5_Siemens029/jai_0000822_1393_1387.png,NORM,ECHI,NONE,NONE
CDB_Sample125/jai_0000275_1097_412.png,NORM,NONE,NONE,MALA
EH5_Siemens008/jai_0000241_1085_194.png,NORM,NONE,NONE,NONE
EH5_Siemens045/jai_0000184_378_1393.png,MICR,SCHI,NONE,NONE
EH5_Siemens012/jai_0000044_69_126.png,NORM,NONE,NONE,NRBC
EH5_Siemens045/jai_0000010_1776_693.png,MICR,SCHI,NONE,NONE
EH5_Siemens012/jai_0001353_1286_1185.png,NORM,HELM,NONE,"BAST, HOJO"
EH5_Siemens013/jai_0001067_1337_58.png,NORM,TEAR,NONE,NONE
CDB_Sample156/jai_0000349_1248_1039.png,NORM,ECHI,NONE,NONE
EH5_Siemens003/jai_0000158_995_1291.png,NORM,NONE,HYPR,NONE
EH5_Siemens029/jai_0000439_90_831.png,NORM,NONE,NONE,NONE
CDB_Sample156/jai_0000264_762_612.png,NORM,NONE,NONE,NONE
CDB_Sample189/jai_0000251_765_1332.png,NORM,NONE,NONE,RETI
EH5_Siemens014/jai_0000196_495_1338.png,NORM,HELM,NONE,NONE
CDB_Sample189/jai_0000038_751_204.png,NORM,NONE,NONE,"HOJO, RETI"
EH5_Siemens037/jai_0000655_1895_1437.png,NORM,ACAN,NONE,NONE
CDB_Sample189/jai_0000116_1537_1121.png,NORM,NONE,NONE,PABO
CDB_Sample030/jai_0000188_280_231.png,NORM,NONE,NONE,NONE
CDB_Sample125/jai_0000355_1904_331.png,NORM,NONE,NONE,NONE
CDB_Sample189/jai_0000114_1423_747.png,NORM,NONE,NONE,HOJO
EH5_Siemens012/jai_0000995_442_1239.png,MICR,NONE,NONE,BAST
CDB_Sample189/jai_0000250_156_226.png,MICR,NONE,NONE,NONE
EH5_Siemens008/jai_0000241_1301_331.png,NORM,NONE,NONE,NONE
CDB_Sample125/jai_0000095_49_1340.png,NORM,NONE,NONE,NONE
CDB_Sample189/jai_0000163_1209_707.png,NORM,NONE,NONE,HOJO
EH5_Siemens012/jai_0001437_654_1314.png,NORM,OVAL,NONE,"BAST, HOJO"
EH5_Siemens012/jai_0001268_1072_216.png,MICR,OVAL,NONE,"HOJO, RETI"
CDB_Sample012/jai_0000111_1574_1146.png,NORM,TEAR,NONE,NONE
EH5_Siemens013/jai_0000847_574_1025.png,MICR,NONE,NONE,NONE
CDB_Sample189/jai_0000378_1193_1080.png,NORM,NONE,NONE,PABO
CDB_Sample030/jai_0000231_403_103.png,NORM,NONE,HYPR,NONE
EH5_Siemens037/jai_0000142_1139_813.png,NORM,NONE,NONE,NONE
CDB_Sample156/jai_0000519_1171_651.png,NORM,ACAN,NONE,NONE
EH5_Siemens029/jai_0000828_879_162.png,NORM,NONE,NONE,NONE
EH5_Siemens041/jai_0000188_1681_418.png,NORM,BITE,NONE,NONE
CDB_Sample030/jai_0000233_1365_1208.png,MICR,NONE,NONE,NONE
CDB_Sample012/jai_0000117_1588_409.png,NORM,NONE,NONE,NONE
EH5_Siemens037/jai_0000655_1144_1193.png,NORM,OVAL,NONE,NONE
CDB_Sample030/jai_0000148_1209_223.png,NORM,NONE,NONE,NONE
CDB_Sample156/jai_0000095_384_1067.png,NORM,NONE,NONE,NONE
CDB_Sample189/jai_0000121_22_625.png,NORM,SICK,NONE,RETI
CDB_Sample012/jai_0000113_1176_895.png,NORM,NONE,STOM,NONE
EH5_Siemens029/jai_0000048_640_391.png,NORM,NONE,NONE,NONE
EH5_Siemens029/jai_0000569_193_822.png,MICR,NONE,NONE,NONE
EH5_Siemens013/jai_0000803_1324_223.png,NORM,TEAR,NONE,NONE
EH5_Siemens037/jai_0000400_1624_742.png,NORM,OVAL,NONE,NONE
EH5_Siemens012/jai_0001353_1286_1185.png,NORM,HELM,NONE,"BAST, HOJO"
EH5_Siemens012/jai_0001599_995_346.png,MICR,NONE,NONE,BAST
CDB_Sample012/jai_0000197_373_785.png,MICR,NONE,NONE,NONE
EH5_Siemens029/jai_0000396_1215_194.png,MICR,SCHI,NONE,NONE
EH5_Siemens029/jai_0000655_1973_71.png,NORM,NONE,NONE,NONE
EH5_Siemens012/jai_0000192_1822_1010.png,NORM,NONE,HYPO,NONE
CDB_Sample030/jai_0000227_929_402.png,NORM,ELLI,NONE,NONE
EH5_Siemens012/jai_0001353_1286_1185.png,NORM,HELM,NONE,"BAST, HOJO"
EH5_Siemens013/jai_0000758_1646_1180.png,NORM,NONE,NONE,NONE
CDB_Sample189/jai_0000117_497_104.png,NORM,NONE,NONE,PABO
EH5_Siemens013/jai_0001193_1933_1084.png,NORM,NONE,NONE,NONE
EH5_Siemens012/jai_0000182_1901_1098.png,MACR,NONE,HYPO,"BAST, RETI"
EH5_Siemens037/jai_0000441_246_1206.png,NORM,NONE,NONE,NONE
CDB_Sample189/jai_0000121_22_625.png,NORM,SICK,NONE,RETI
EH5_Siemens012/jai_0000059_871_568.png,NORM,NONE,HYPO,NONE
EH5_Siemens012/jai_0000951_513_920.png,NORM,NONE,NONE,"BAST, HOJO, RETI"
CDB_Sample189/jai_0000038_751_204.png,NORM,NONE,NONE,"HOJO, RETI"
EH5_Siemens012/jai_0001268_1072_216.png,MICR,OVAL,NONE,"HOJO, RETI"
CDB_Sample030/jai_0000273_1275_1336.png,NORM,NONE,HYPO,NONE
CDB_Sample156/jai_0000096_540_770.png,NORM,NONE,NONE,NONE
EH5_Siemens012/jai_0001353_1286_1185.png,NORM,HELM,NONE,"BAST, HOJO"
EH5_Siemens012/jai_0000951_513_920.png,NORM,NONE,NONE,"BAST, HOJO, RETI"
CDB_Sample030/jai_0000234_815_65.png,NORM,NONE,HYPO,NONE
EH5_Siemens083/jai_0000181_706_916.png,NORM,NONE,HYPO,NONE
EH5_Siemens083/jai_0000060_1048_481.png,NORM,OVAL,HYPO,NONE
CDB_Sample189/jai_0000377_482_81.png,NORM,NONE,NONE,HOJO
CDB_Sample030/jai_0000148_845_1047.png,NORM,TEAR,NONE,RETI
CDB_Sample189/jai_0000247_788_269.png,NORM,NONE,NONE,PABO
EH5_Siemens012/jai_0000057_295_219.png,NORM,NONE,HYPO,NONE
CDB_Sample156/jai_0000351_1137_39.png,NORM,ACAN,NONE,NONE
CDB_Sample012/jai_0000156_1456_49.png,MACR,NONE,NONE,NONE
CDB_Sample189/jai_0000114_1933_872.png,NORM,NONE,NONE,HOJO
CDB_Sample189/jai_0000038_751_204.png,NORM,NONE,NONE,"HOJO, RETI"
CDB_Sample030/jai_0000277_1909_424.png,NORM,NONE,NONE,RETI
CDB_Sample030/jai_0000144_1376_1006.png,NORM,NONE,NONE,NONE
EH5_Siemens012/jai_0000264_1196_1287.png,NORM,NONE,NONE,"BAST, HOJO, RETI"
EH5_Siemens012/jai_0000264_1196_1287.png,NORM,NONE,NONE,"BAST, HOJO, RETI"
EH5_Siemens012/jai_0001268_294_1421.png,MICR,NONE,NONE,BAST
EH5_Siemens029/jai_0000353_426_254.png,NORM,NONE,NONE,NONE
EH5_Siemens012/jai_0000951_513_920.png,NORM,NONE,NONE,"BAST, HOJO, RETI"
CDB_Sample189/jai_0000121_1610_560.png,NORM,NONE,NONE,PABO
EH5_Siemens012/jai_0000136_200_1176.png,NORM,NONE,TARG,NONE
CDB_Sample030/jai_0000018_1412_621.png,NORM,TEAR,NONE,NONE
EH5_Siemens029/jai_0000184_1533_227.png,NORM,OVAL,NONE,NONE
CDB_Sample156/jai_0000610_1132_1167.png,NORM,NONE,NONE,MALA
CDB_Sample030/jai_0000020_662_468.png,NORM,NONE,NONE,NONE
EH5_Siemens012/jai_0001268_294_1421.png,MICR,NONE,NONE,BAST
CDB_Sample030/jai_0000184_1636_500.png,NORM,NONE,NONE,NONE
EH5_Siemens012/jai_0000147_1702_120.png,NORM,NONE,TARG,NONE
EH5_Siemens012/jai_0000264_1196_1287.png,NORM,NONE,NONE,"BAST, HOJO, RETI"
CDB_Sample189/jai_0000034_1402_784.png,MACR,NONE,NONE,NONE
EH5_Siemens012/jai_0001437_654_1314.png,NORM,OVAL,NONE,"BAST, HOJO"
CDB_Sample156/jai_0000610_1787_238.png,NORM,ECHI,NONE,NONE
CDB_Sample125/jai_0000275_1037_345.png,NORM,NONE,HYPO,NONE
CDB_Sample189/jai_0000123_1918_253.png,NORM,NONE,NONE,PABO
CDB_Sample030/jai_0000017_642_109.png,NORM,NONE,NONE,HOJO
EH5_Siemens029/jai_0000184_439_1103.png,NORM,NONE,NONE,NONE
CDB_Sample030/jai_0000011_449_310.png,NORM,ELLI,NONE,NONE
CDB_Sample030/jai_0000140_1602_966.png,NORM,ELLI,HYPO,NONE
CDB_Sample030/jai_0000014_1103_1256.png,NORM,OVAL,NONE,NONE
CDB_Sample030/jai_0000146_1838_531.png,NORM,TEAR,NONE,NONE
EH5_Siemens083/jai_0000184_920_501.png,NORM,OVAL,HYPO,NONE
EH5_Siemens037/jai_0000312_767_477.png,NORM,NONE,NONE,NONE
EH5_Siemens083/jai_0000013_1507_27.png,NORM,NONE,NONE,NONE
CDB_Sample012/jai_0000112_1355_979.png,MICR,NONE,NONE,NONE
CDB_Sample189/jai_0000165_131_239.png,NORM,NONE,NONE,RETI
EH5_Siemens012/jai_0000318_118_730.png,NORM,NONE,NONE,NRBC
EH5_Siemens037/jai_0000312_365_1419.png,NORM,OVAL,HYPO,NONE
CDB_Sample030/jai_0000185_643_204.png,NORM,NONE,NONE,NONE
EH5_Siemens013/jai_0000417_1420_957.png,NORM,NONE,NONE,NONE
EH5_Siemens037/jai_0000092_1052_191.png,NORM,OVAL,NONE,NONE
EH5_Siemens012/jai_0000174_938_1403.png,NORM,NONE,NONE,NRBC
EH5_Siemens083/jai_0001428_1801_618.png,MACR,NONE,NONE,NONE
EH5_Siemens012/jai_0000951_513_920.png,NORM,NONE,NONE,"BAST, HOJO, RETI"
CDB_Sample189/jai_0000337_1873_779.png,NORM,NONE,NONE,PABO
EH5_Siemens003/jai_0000980_1545_777.png,NORM,NONE,NONE,NONE
CDB_Sample189/jai_0000034_1928_1227.png,NORM,NONE,NONE,HOJO
EH5_Siemens012/jai_0000951_513_920.png,NORM,NONE,NONE,"BAST, HOJO, RETI"
EH5_Siemens083/jai_0000142_744_1024.png,NORM,NONE,HYPO,NONE
CDB_Sample030/jai_0000146_552_572.png,NORM,OVAL,NONE,NONE
CDB_Sample030/jai_0000016_268_412.png,NORM,NONE,HYPO,NONE
EH5_Siemens037/jai_0000611_767_385.png,NORM,NONE,NONE,NONE
EH5_Siemens083/jai_0000267_1430_414.png,MICR,NONE,NONE,NONE
CDB_Sample189/jai_0000340_1118_691.png,NORM,SICK,NONE,NONE
CDB_Sample125/jai_0000224_780_1153.png,NORM,NONE,NONE,MALA
CDB_Sample189/jai_0000116_1537_1121.png,NORM,NONE,NONE,PABO
EH5_Siemens003/jai_0000158_699_879.png,NORM,NONE,HYPR,NONE
CDB_Sample012/jai_0000064_741_668.png,NORM,NONE,NONE,NONE
EH5_Siemens037/jai_0000441_696_510.png,NORM,ACAN,NONE,NONE
EH5_Siemens012/jai_0000182_1901_1098.png,MACR,NONE,HYPO,"BAST, RETI"
CDB_Sample189/jai_0000122_1859_296.png,NORM,NONE,NONE,HOJO
CDB_Sample030/jai_0000234_1706_409.png,NORM,NONE,NONE,NONE
EH5_Siemens012/jai_0001353_1286_1185.png,NORM,HELM,NONE,"BAST, HOJO"
CDB_Sample012/jai_0000070_1794_835.png,NORM,NONE,NONE,RETI
EH5_Siemens083/jai_0000142_1605_241.png,MACR,NONE,NONE,BAST
CDB_Sample156/jai_0000392_584_1444.png,NORM,ECHI,NONE,NONE
EH5_Siemens013/jai_0001064_790_711.png,NORM,NONE,NONE,NONE
CDB_Sample189/jai_0000248_186_1036.png,NORM,NONE,STOM,NONE
CDB_Sample125/jai_0000050_154_76.png,NORM,ECHI,NONE,NONE
CDB_Sample189/jai_0000121_22_625.png,NORM,SICK,NONE,RETI
EH5_Siemens037/jai_0000358_198_1055.png,NORM,NONE,TARG,NONE
EH5_Siemens012/jai_0001256_755_1091.png,NORM,NONE,NONE,BAST
EH5_Siemens083/jai_0001428_945_111.png,NORM,OVAL,HYPO,NONE
EH5_Siemens003/jai_0000980_164_498.png,MICR,NONE,NONE,NONE
EH5_Siemens013/jai_0000371_298_1427.png,MICR,NONE,NONE,NONE
EH5_Siemens012/jai_0000046_321_800.png,NORM,NONE,NONE,NRBC
CDB_Sample125/jai_0000271_1268_1147.png,NORM,NONE,HYPO,RETI
EH5_Siemens012/jai_0000136_123_439.png,MICR,SPHE,NONE,NONE
EH5_Siemens037/jai_0000657_552_158.png,NORM,NONE,TARG,NONE
CDB_Sample125/jai_0000355_1159_869.png,NORM,NONE,NONE,NONE
EH5_Siemens012/jai_0000174_360_339.png,NORM,BITE,NONE,NONE
EH5_Siemens012/jai_0000264_1196_1287.png,NORM,NONE,NONE,"BAST, HOJO, RETI"
CDB_Sample156/jai_0000610_539_128.png,NORM,ACAN,NONE,NONE
CDB_Sample030/jai_0000232_576_494.png,NORM,NONE,NONE,NONE
EH5_Siemens083/jai_0000183_600_891.png,NORM,NONE,NONE,NONE
EH5_Siemens029/jai_0000568_1011_633.png,NORM,HELM,NONE,NONE
CDB_Sample156/jai_0000351_779_168.png,NORM,NONE,NONE,NONE
EH5_Siemens037/jai_0000613_173_220.png,NORM,ECHI,NONE,NONE
EH5_Siemens012/jai_0000182_530_1077.png,NORM,NONE,NONE,NRBC
CDB_Sample156/jai_0000181_131_1150.png,NORM,NONE,NONE,HOJO
CDB_Sample030/jai_0000141_650_115.png,NORM,ELLI,NONE,NONE
EH5_Siemens045/jai_0000185_540_867.png,NORM,HELM,NONE,NONE
CDB_Sample125/jai_0000054_1181_968.png,NORM,NONE,NONE,MALA
EH5_Siemens037/jai_0000142_1826_1340.png,NORM,ECHI,NONE,NONE
CDB_Sample012/jai_0000029_440_593.png,NORM,NONE,NONE,RETI
CDB_Sample030/jai_0000062_809_1244.png,NORM,NONE,NONE,NONE
CDB_Sample156/jai_0000307_1112_993.png,NORM,ECHI,NONE,NONE
EH5_Siemens012/jai_0000174_938_1403.png,NORM,NONE,NONE,NRBC
CDB_Sample189/jai_0000161_1080_1188.png,NORM,NONE,NONE,PABO
EH5_Siemens008/jai_0000277_485_1323.png,MICR,SPHE,NONE,NONE
EH5_Siemens012/jai_0001268_1072_216.png,MICR,OVAL,NONE,"HOJO, RETI"
EH5_Siemens013/jai_0001155_1353_1116.png,NORM,HELM,NONE,NONE
EH5_Siemens037/jai_0000441_611_978.png,NORM,ACAN,NONE,NONE
EH5_Siemens013/jai_0000158_1829_1451.png,NORM,NONE,NONE,NONE
EH5_Siemens012/jai_0001268_294_1421.png,MICR,NONE,NONE,BAST
CDB_Sample156/jai_0000519_535_1041.png,NORM,ECHI,NONE,NONE
EH5_Siemens012/jai_0001437_654_1314.png,NORM,OVAL,NONE,"BAST, HOJO"
EH5_Siemens012/jai_0000057_1427_1132.png,NORM,NONE,NONE,NRBC
CDB_Sample189/jai_0000166_209_507.png,NORM,NONE,HYPO,NONE
EH5_Siemens003/jai_0001394_362_1180.png,NORM,NONE,NONE,NONE
EH5_Siemens012/jai_0000395_1004_511.png,NORM,NONE,NONE,BAST
EH5_Siemens083/jai_0000184_110_851.png,NORM,ACAN,NONE,NONE
EH5_Siemens003/jai_0001299_896_533.png,NORM,NONE,NONE,HOJO
EH5_Siemens008/jai_0000241_712_687.png,NORM,NONE,NONE,NONE
CDB_Sample156/jai_0000266_254_115.png,NORM,NONE,NONE,NONE
CDB_Sample012/jai_0000107_1534_433.png,NORM,NONE,NONE,NONE
EH5_Siemens012/jai_0000487_533_1323.png,MICR,NONE,NONE,"BAST, RETI"
EH5_Siemens037/jai_0000358_569_371.png,MACR,NONE,NONE,NONE
EH5_Siemens029/jai_0000440_1272_280.png,NORM,NONE,NONE,NONE
EH5_Siemens008/jai_0001392_1715_102.png,MICR,SPHE,NONE,NONE
EH5_Siemens008/jai_0000241_1318_1094.png,NORM,NONE,NONE,NONE
CDB_Sample012/jai_0000116_72_394.png,NORM,NONE,NONE,BAST
CDB_Sample030/jai_0000231_1291_360.png,MICR,SPHE,NONE,NONE
CDB_Sample189/jai_0000115_657_598.png,NORM,NONE,NONE,HOJO
EH5_Siemens012/jai_0000264_1196_1287.png,NORM,NONE,NONE,"BAST, HOJO, RETI"
CDB_Sample189/jai_0000118_801_1305.png,NORM,NONE,NONE,HOJO
CDB_Sample189/jai_0000161_526_964.png,NORM,NONE,NONE,HOJO
EH5_Siemens045/jai_0000186_946_1194.png,MICR,SCHI,NONE,NONE
EH5_Siemens012/jai_0000019_362_1450.png,NORM,NONE,HYPR,NONE
CDB_Sample156/jai_0000652_469_426.png,NORM,NONE,NONE,NONE
EH5_Siemens083/jai_0000267_754_1396.png,MACR,NONE,TARG,NONE
CDB_Sample189/jai_0000251_507_255.png,NORM,NONE,HYPO,NONE
EH5_Siemens003/jai_0000783_636_600.png,NORM,NONE,NONE,RETI
EH5_Siemens012/jai_0000139_553_664.png,NORM,NONE,HYPO,"BAST, RETI"
EH5_Siemens012/jai_0000264_1196_1287.png,NORM,NONE,NONE,"BAST, HOJO, RETI"
EH5_Siemens083/jai_0000058_791_386.png,NORM,OVAL,NONE,RETI
EH5_Siemens013/jai_0001067_851_870.png,NORM,NONE,NONE,RETI
CDB_Sample030/jai_0000055_558_789.png,MICR,NONE,NONE,NONE
CDB_Sample030/jai_0000229_1696_199.png,NORM,OVAL,NONE,NONE
EH5_Siemens045/jai_0000009_1820_702.png,MICR,SCHI,NONE,NONE
CDB_Sample030/jai_0000273_1410_600.png,NORM,NONE,NONE,NONE
CDB_Sample012/jai_0000146_210_1000.png,NORM,TEAR,NONE,NONE
CDB_Sample189/jai_0000038_751_204.png,NORM,NONE,NONE,"HOJO, RETI"
CDB_Sample156/jai_0000521_1714_1086.png,NORM,NONE,HYPO,NONE
CDB_Sample012/jai_0000197_1732_1040.png,NORM,NONE,NONE,NONE
CDB_Sample012/jai_0000024_450_1338.png,MICR,NONE,NONE,NONE
EH5_Siemens012/jai_0000318_1151_1058.png,NORM,NONE,TARG,NONE
CDB_Sample189/jai_0000035_1565_1109.png,NORM,SICK,NONE,NONE
EH5_Siemens037/jai_0000656_1437_598.png,NORM,NONE,TARG,NONE
CDB_Sample189/jai_0000161_1080_1188.png,NORM,NONE,NONE,PABO
EH5_Siemens008/jai_0001346_1159_1410.png,NORM,NONE,NONE,NONE
CDB_Sample189/jai_0000161_1080_1188.png,NORM,NONE,NONE,PABO
EH5_Siemens083/jai_0000223_1627_902.png,NORM,NONE,HYPR,NONE
EH5_Siemens029/jai_0000654_1490_160.png,NORM,NONE,NONE,NONE
EH5_Siemens008/jai_0001610_92_564.png,NORM,BITE,NONE,NONE
EH5_Siemens013/jai_0000588_263_510.png,NORM,NONE,HYPR,NONE
EH5_Siemens029/jai_0000395_1831_826.png,NORM,TEAR,NONE,NONE
EH5_Siemens037/jai_0000611_1477_450.png,NORM,NONE,TARG,NONE
CDB_Sample156/jai_0000395_1004_187.png,NORM,ACAN,NONE,NONE
EH5_Siemens012/jai_0000019_1951_568.png,NORM,NONE,TARG,NONE
EH5_Siemens012/jai_0000046_914_1015.png,MICR,NONE,NONE,NONE
CDB_Sample189/jai_0000377_687_481.png,NORM,NONE,STOM,NONE
CDB_Sample189/jai_0000333_1712_434.png,NORM,NONE,NONE,NONE
EH5_Siemens029/jai_0000439_1803_1124.png,NORM,TEAR,NONE,NONE
EH5_Siemens012/jai_0001268_93_73.png,MICR,NONE,NONE,BAST
EH5_Siemens012/jai_0001173_1495_196.png,MICR,NONE,NONE,BAST
EH5_Siemens008/jai_0001350_932_481.png,NORM,NONE,NONE,NONE
EH5_Siemens012/jai_0000825_788_1179.png,NORM,HELM,NONE,NONE
CDB_Sample125/jai_0000274_596_182.png,NORM,ECHI,NONE,NONE
EH5_Siemens037/jai_0000483_1770_178.png,NORM,OVAL,NONE,NONE
CDB_Sample030/jai_0000235_781_504.png,NORM,NONE,NONE,RETI
EH5_Siemens037/jai_0000527_596_638.png,NORM,NONE,TARG,NONE
EH5_Siemens029/jai_0000653_1245_1447.png,NORM,NONE,NONE,NONE
CDB_Sample125/jai_0000051_132_627.png,NORM,NONE,NONE,MALA
CDB_Sample012/jai_0000116_72_394.png,NORM,NONE,NONE,BAST
EH5_Siemens012/jai_0000264_1196_1287.png,NORM,NONE,NONE,"BAST, HOJO, RETI"
CDB_Sample012/jai_0000066_49_367.png,MICR,NONE,NONE,NONE
CDB_Sample189/jai_0000163_1648_917.png,NORM,NONE,NONE,HOJO
CDB_Sample030/jai_0000014_33_1030.png,NORM,NONE,HYPR,NONE
CDB_Sample030/jai_0000143_797_320.png,MICR,NONE,NONE,NONE
CDB_Sample156/jai_0000097_483_216.png,NORM,ECHI,NONE,NONE
CDB_Sample189/jai_0000114_1787_644.png,NORM,OVAL,HYPO,PABO
CDB_Sample012/jai_0000062_1376_1023.png,NORM,ACAN,NONE,NONE
CDB_Sample156/jai_0000395_1090_372.png,NORM,NONE,NONE,NONE
CDB_Sample012/jai_0000025_1190_1001.png,NORM,NONE,NONE,NONE
EH5_Siemens012/jai_0000043_1432_839.png,NORM,NONE,NONE,NRBC
EH5_Siemens003/jai_0000663_1611_605.png,NORM,NONE,HYPO,NONE
EH5_Siemens012/jai_0000044_1513_58.png,MICR,SCHI,NONE,NONE
CDB_Sample012/jai_0000067_1350_575.png,NORM,NONE,NONE,NONE
EH5_Siemens012/jai_0000182_530_1077.png,NORM,NONE,NONE,NRBC
CDB_Sample156/jai_0000605_933_594.png,NORM,ACAN,NONE,NONE
CDB_Sample125/jai_0000354_194_1002.png,NORM,NONE,NONE,MALA
CDB_Sample012/jai_0000032_342_75.png,NORM,NONE,NONE,NONE
CDB_Sample156/jai_0000349_659_642.png,NORM,ECHI,NONE,NONE
EH5_Siemens012/jai_0000192_826_1181.png,NORM,NONE,HYPO,"BAST, RETI"
CDB_Sample125/jai_0000008_1958_419.png,NORM,NONE,NONE,MALA
EH5_Siemens029/jai_0000873_866_225.png,NORM,NONE,NONE,NONE
EH5_Siemens037/jai_0000312_1811_1232.png,NORM,NONE,TARG,NONE
CDB_Sample030/jai_0000272_1720_217.png,MICR,SPHE,NONE,NONE
EH5_Siemens012/jai_0000951_513_920.png,NORM,NONE,NONE,"BAST, HOJO, RETI"
EH5_Siemens012/jai_0001477_753_715.png,NORM,NONE,NONE,"BAST, RETI"
EH5_Siemens012/jai_0001268_1072_216.png,MICR,OVAL,NONE,"HOJO, RETI"
EH5_Siemens014/jai_0000106_1326_1005.png,NORM,HELM,NONE,NONE
EH5_Siemens013/jai_0000847_1824_489.png,NORM,ECHI,NONE,NONE
EH5_Siemens008/jai_0000241_928_453.png,NORM,NONE,NONE,NONE
CDB_Sample156/jai_0000568_1045_1073.png,NORM,NONE,NONE,NONE
EH5_Siemens029/jai_0000396_440_917.png,NORM,NONE,NONE,NONE
EH5_Siemens083/jai_0001472_543_113.png,MACR,NONE,NONE,BAST
EH5_Siemens012/jai_0001268_1072_216.png,MICR,OVAL,NONE,"HOJO, RETI"
EH5_Siemens013/jai_0000969_920_47.png,NORM,NONE,NONE,NONE
EH5_Siemens083/jai_0001472_1106_907.png,NORM,OVAL,NONE,NONE
EH5_Siemens037/jai_0000356_1265_1047.png,NORM,ECHI,NONE,NONE
EH5_Siemens012/jai_0000825_720_955.png,NORM,NONE,NONE,"BAST, RETI"
CDB_Sample189/jai_0000116_1537_1121.png,NORM,NONE,NONE,PABO
EH5_Siemens008/jai_0000148_1005_760.png,NORM,OVAL,NONE,NONE
EH5_Siemens029/jai_0000525_1637_279.png,NORM,NONE,NONE,NONE
EH5_Siemens012/jai_0000147_1776_1101.png,MICR,NONE,NONE,"BAST, RETI"
CDB_Sample189/jai_0000038_751_204.png,NORM,NONE,NONE,"HOJO, RETI"
EH5_Siemens012/jai_0000057_1427_1132.png,NORM,NONE,NONE,NRBC
EH5_Siemens012/jai_0000187_1586_62.png,NORM,NONE,TARG,NONE
EH5_Siemens029/jai_0000395_355_37.png,NORM,NONE,NONE,NONE
EH5_Siemens013/jai_0001060_90_35.png,NORM,TEAR,NONE,NONE
CDB_Sample012/jai_0000028_1058_1081.png,NORM,NONE,NONE,NONE
CDB_Sample030/jai_0000231_234_410.png,MICR,NONE,NONE,NONE
EH5_Siemens037/jai_0000400_1227_71.png,MICR,NONE,NONE,NONE
EH5_Siemens029/jai_0000692_1505_593.png,NORM,NONE,NONE,BAST
CDB_Sample189/jai_0000120_973_784.png,NORM,NONE,NONE,HOJO
CDB_Sample012/jai_0000107_993_1161.png,MICR,SPHE,NONE,NONE
EH5_Siemens012/jai_0000174_360_339.png,NORM,BITE,NONE,NONE
EH5_Siemens012/jai_0001268_1072_216.png,MICR,OVAL,NONE,"HOJO, RETI"
EH5_Siemens012/jai_0000179_921_876.png,NORM,NONE,NONE,NRBC
EH5_Siemens008/jai_0000277_700_640.png,NORM,NONE,NONE,NONE
CDB_Sample125/jai_0000053_619_1361.png,NORM,NONE,NONE,BAST
EH5_Siemens012/jai_0001477_876_585.png,NORM,NONE,NONE,BAST
EH5_Siemens012/jai_0000264_1196_1287.png,NORM,NONE,NONE,"BAST, HOJO, RETI"
CDB_Sample012/jai_0000031_575_1422.png,NORM,NONE,NONE,NONE
EH5_Siemens008/jai_0001003_1388_1363.png,NORM,OVAL,NONE,NONE
EH5_Siemens012/jai_0000358_454_691.png,NORM,NONE,NONE,BAST
CDB_Sample030/jai_0000234_422_113.png,NORM,OVAL,NONE,NONE
EH5_Siemens012/jai_0000136_123_439.png,MICR,SPHE,NONE,NONE
EH5_Siemens037/jai_0000526_1002_73.png,NORM,ECHI,NONE,NONE
EH5_Siemens083/jai_0000013_401_353.png,NORM,NONE,HYPO,NONE
EH5_Siemens012/jai_0001268_1072_216.png,MICR,OVAL,NONE,"HOJO, RETI"
CDB_Sample030/jai_0000274_1546_451.png,NORM,OVAL,HYPO,NONE
CDB_Sample030/jai_0000146_1960_76.png,NORM,ELLI,NONE,NONE
EH5_Siemens037/jai_0000135_1577_823.png,NORM,NONE,NONE,HOJO
CDB_Sample156/jai_0000350_820_314.png,NORM,NONE,NONE,NONE
CDB_Sample189/jai_0000033_988_601.png,NORM,NONE,NONE,PABO
CDB_Sample125/jai_0000094_227_554.png,NORM,NONE,NONE,MALA
EH5_Siemens012/jai_0001437_654_1314.png,NORM,OVAL,NONE,"BAST, HOJO"
CDB_Sample125/jai_0000275_934_310.png,NORM,NONE,NONE,MALA
EH5_Siemens003/jai_0000158_899_1299.png,NORM,HELM,NONE,NONE
EH5_Siemens037/jai_0000483_784_689.png,NORM,NONE,NONE,NONE
EH5_Siemens012/jai_0000951_513_920.png,NORM,NONE,NONE,"BAST, HOJO, RETI"
EH5_Siemens037/jai_0000527_1314_50.png,NORM,NONE,TARG,NONE
CDB_Sample125/jai_0000052_1518_378.png,NORM,NONE,HYPO,NONE
EH5_Siemens012/jai_0001261_1830_454.png,MICR,NONE,NONE,BAST
CDB_Sample030/jai_0000233_138_95.png,NORM,NONE,NONE,BAST
EH5_Siemens041/jai_0000188_1529_620.png,MICR,SCHI,NONE,NONE
EH5_Siemens037/jai_0000570_698_799.png,NORM,NONE,NONE,NONE
EH5_Siemens083/jai_0000060_407_1061.png,MACR,NONE,TARG,RETI
CDB_Sample030/jai_0000057_1606_506.png,MICR,SPHE,NONE,NONE
CDB_Sample189/jai_0000038_751_204.png,NORM,NONE,NONE,"HOJO, RETI"
EH5_Siemens012/jai_0000063_47_1028.png,NORM,NONE,NONE,RETI
CDB_Sample030/jai_0000103_1815_889.png,NORM,NONE,NONE,NONE
EH5_Siemens012/jai_0000057_1569_1060.png,NORM,NONE,NONE,NRBC
CDB_Sample012/jai_0000109_925_300.png,NORM,NONE,NONE,HOJO
EH5_Siemens012/jai_0000003_1051_541.png,MICR,OVAL,NONE,NONE
EH5_Siemens012/jai_0000264_1196_1287.png,NORM,NONE,NONE,"BAST, HOJO, RETI"
CDB_Sample030/jai_0000184_970_739.png,NORM,OVAL,NONE,NONE
CDB_Sample125/jai_0000349_876_924.png,NORM,NONE,NONE,MALA
EH5_Siemens012/jai_0001268_1072_216.png,MICR,OVAL,NONE,"HOJO, RETI"
EH5_Siemens083/jai_0000060_1331_983.png,NORM,NONE,HYPR,NONE
EH5_Siemens029/jai_0000133_1160_946.png,NORM,NONE,NONE,NONE
EH5_Siemens014/jai_0000192_1233_1364.png,NORM,HELM,NONE,NONE
CDB_Sample189/jai_0000380_435_1094.png,NORM,NONE,NONE,HOJO
EH5_Siemens029/jai_0000133_292_876.png,NORM,NONE,NONE,NONE
EH5_Siemens037/jai_0000142_1811_283.png,NORM,NONE,NONE,NONE
CDB_Sample030/jai_0000062_1752_323.png,NORM,OVAL,NONE,NONE
CDB_Sample030/jai_0000057_1141_621.png,NORM,ELLI,NONE,NONE
EH5_Siemens029/jai_0000395_1233_1010.png,NORM,NONE,NONE,NONE
CDB_Sample189/jai_0000119_855_489.png,NORM,NONE,NONE,PABO
EH5_Siemens008/jai_0000595_46_275.png,NORM,NONE,NONE,NONE
EH5_Siemens045/jai_0000010_1757_404.png,MICR,SCHI,NONE,NONE
CDB_Sample156/jai_0000652_120_1300.png,NORM,NONE,NONE,NONE
CDB_Sample125/jai_0000353_1824_1122.png,NORM,NONE,NONE,MALA
EH5_Siemens037/jai_0000483_158_1004.png,NORM,NONE,TARG,NONE
EH5_Siemens012/jai_0001268_1072_216.png,MICR,OVAL,NONE,"HOJO, RETI"
EH5_Siemens008/jai_0000595_294_1265.png,NORM,NONE,NONE,NONE
EH5_Siemens029/jai_0000692_1505_593.png,NORM,NONE,NONE,BAST
EH5_Siemens012/jai_0000318_118_730.png,NORM,NONE,NONE,NRBC
EH5_Siemens012/jai_0000390_1773_1214.png,MICR,NONE,NONE,BAST
EH5_Siemens041/jai_0001350_1875_1179.png,NORM,HELM,NONE,NONE
CDB_Sample156/jai_0000519_237_80.png,NORM,NONE,NONE,NONE
EH5_Siemens012/jai_0000318_118_730.png,NORM,NONE,NONE,NRBC
EH5_Siemens083/jai_0001428_377_930.png,NORM,NONE,HYPO,NONE
EH5_Siemens012/jai_0000003_697_60.png,NORM,NONE,STOM,NONE
EH5_Siemens029/jai_0000873_378_960.png,NORM,NONE,NONE,RETI
EH5_Siemens003/jai_0000278_677_955.png,NORM,NONE,NONE,NONE
EH5_Siemens008/jai_0000287_1215_691.png,MICR,SPHE,NONE,NONE
CDB_Sample030/jai_0000185_1351_196.png,MICR,ELLI,HYPO,NONE
EH5_Siemens083/jai_0000223_1283_1115.png,NORM,NONE,HYPR,NONE
CDB_Sample012/jai_0000149_716_989.png,NORM,NONE,NONE,NONE
CDB_Sample030/jai_0000062_905_922.png,NORM,NONE,HYPO,NONE
CDB_Sample012/jai_0000199_1938_369.png,NORM,NONE,NONE,NONE
EH5_Siemens012/jai_0000347_676_1101.png,MICR,NONE,NONE,NONE
EH5_Siemens029/jai_0000439_1522_1135.png,NORM,NONE,NONE,NONE
EH5_Siemens008/jai_0001222_1802_1451.png,NORM,NONE,TARG,NONE
CDB_Sample189/jai_0000033_1277_554.png,NORM,NONE,NONE,PABO
EH5_Siemens029/jai_0000525_1194_1161.png,NORM,NONE,HYPO,NONE
CDB_Sample030/jai_0000146_209_349.png,MICR,NONE,NONE,NONE
CDB_Sample189/jai_0000290_1480_961.png,NORM,NONE,NONE,NONE
CDB_Sample030/jai_0000184_926_206.png,NORM,OVAL,NONE,NONE
CDB_Sample012/jai_0000197_1541_804.png,NORM,NONE,NONE,NONE
EH5_Siemens037/jai_0000527_668_784.png,MICR,SCHI,NONE,NONE
EH5_Siemens012/jai_0000951_513_920.png,NORM,NONE,NONE,"BAST, HOJO, RETI"
EH5_Siemens083/jai_0000016_1378_455.png,MICR,OVAL,NONE,NONE
CDB_Sample189/jai_0000121_1610_560.png,NORM,NONE,NONE,PABO
EH5_Siemens008/jai_0000024_1235_486.png,NORM,NONE,NONE,NONE
EH5_Siemens037/jai_0000613_555_984.png,MACR,NONE,NONE,NONE
EH5_Siemens029/jai_0000439_927_1265.png,NORM,NONE,NONE,NONE
CDB_Sample125/jai_0000356_1637_1256.png,NORM,ECHI,NONE,NONE
CDB_Sample189/jai_0000038_751_204.png,NORM,NONE,NONE,"HOJO, RETI"
CDB_Sample125/jai_0000008_654_646.png,NORM,ECHI,NONE,NONE
EH5_Siemens012/jai_0000187_624_329.png,NORM,NONE,HYPR,NONE
EH5_Siemens029/jai_0000048_1090_70.png,NORM,NONE,NONE,NONE
CDB_Sample030/jai_0000148_767_587.png,NORM,ELLI,NONE,NONE
CDB_Sample125/jai_0000014_1400_745.png,NORM,NONE,NONE,NONE
EH5_Siemens012/jai_0001353_1286_1185.png,NORM,HELM,NONE,"BAST, HOJO"
EH5_Siemens083/jai_0000179_184_865.png,MACR,NONE,HYPR,NONE
CDB_Sample189/jai_0000372_1154_1370.png,NORM,SICK,NONE,NONE
CDB_Sample030/jai_0000057_1502_1257.png,MICR,TEAR,NONE,NONE
EH5_Siemens029/jai_0000692_1505_593.png,NORM,NONE,NONE,BAST
CDB_Sample189/jai_0000120_973_784.png,NORM,NONE,NONE,HOJO
CDB_Sample030/jai_0000147_1966_213.png,NORM,TEAR,NONE,NONE
CDB_Sample189/jai_0000040_1053_612.png,NORM,NONE,NONE,NONE
CDB_Sample189/jai_0000337_1873_779.png,NORM,NONE,NONE,PABO
EH5_Siemens012/jai_0000264_1196_1287.png,NORM,NONE,NONE,"BAST, HOJO, RETI"
EH5_Siemens012/jai_0001256_755_1091.png,NORM,NONE,NONE,BAST
CDB_Sample012/jai_0000031_319_273.png,NORM,NONE,NONE,NONE
EH5_Siemens012/jai_0000063_1642_1300.png,NORM,ECHI,HYPO,NONE
EH5_Siemens008/jai_0001610_92_564.png,NORM,BITE,NONE,NONE
CDB_Sample125/jai_0000008_1952_704.png,NORM,NONE,NONE,NONE
EH5_Siemens012/jai_0001353_1286_1185.png,NORM,HELM,NONE,"BAST, HOJO"
EH5_Siemens012/jai_0000057_1569_1060.png,NORM,NONE,NONE,NRBC
EH5_Siemens012/jai_0001609_1420_692.png,NORM,NONE,HYPR,"BAST, RETI"
EH5_Siemens037/jai_0000527_526_1034.png,NORM,ECHI,NONE,NONE
EH5_Siemens012/jai_0001268_1072_216.png,MICR,OVAL,NONE,"HOJO, RETI"
EH5_Siemens012/jai_0001268_1072_216.png,MICR,OVAL,NONE,"HOJO, RETI"
EH5_Siemens029/jai_0000525_1905_1316.png,NORM,NONE,NONE,NONE
CDB_Sample189/jai_0000038_751_204.png,NORM,NONE,NONE,"HOJO, RETI"
EH5_Siemens029/jai_0000569_1454_223.png,NORM,NONE,NONE,NONE
EH5_Siemens083/jai_0000060_405_767.png,MICR,NONE,NONE,NONE
CDB_Sample030/jai_0000146_440_1036.png,NORM,OVAL,NONE,NONE
CDB_Sample125/jai_0000271_621_309.png,NORM,NONE,NONE,MALA
EH5_Siemens029/jai_0000048_1008_84.png,NORM,NONE,NONE,NONE
CDB_Sample125/jai_0000265_1953_715.png,NORM,NONE,NONE,NONE
CDB_Sample189/jai_0000165_1939_871.png,MACR,NONE,NONE,NONE
EH5_Siemens083/jai_0000060_1000_528.png,MICR,NONE,NONE,NONE
EH5_Siemens008/jai_0001186_191_1181.png,NORM,NONE,NONE,NONE
EH5_Siemens012/jai_0000182_530_1077.png,NORM,NONE,NONE,NRBC
CDB_Sample030/jai_0000018_1280_914.png,NORM,NONE,NONE,HOJO
EH5_Siemens013/jai_0001060_150_675.png,MICR,NONE,NONE,NONE
EH5_Siemens013/jai_0000327_198_78.png,MICR,SPHE,NONE,NONE
CDB_Sample156/jai_0000565_743_367.png,NORM,HELM,NONE,NONE
CDB_Sample156/jai_0000352_1868_1102.png,NORM,ACAN,NONE,NONE
EH5_Siemens012/jai_0001268_1072_216.png,MICR,OVAL,NONE,"HOJO, RETI"
CDB_Sample156/jai_0000310_740_1157.png,NORM,NONE,NONE,NONE
EH5_Siemens083/jai_0000356_1686_561.png,MICR,NONE,NONE,BAST
EH5_Siemens012/jai_0001353_1286_1185.png,NORM,HELM,NONE,"BAST, HOJO"
EH5_Siemens012/jai_0000264_1196_1287.png,NORM,NONE,NONE,"BAST, HOJO, RETI"
EH5_Siemens045/jai_0000186_1249_692.png,NORM,BITE,NONE,NONE
EH5_Siemens014/jai_0000022_1312_819.png,NORM,BITE,NONE,NONE
EH5_Siemens012/jai_0001599_995_346.png,MICR,NONE,NONE,BAST
CDB_Sample030/jai_0000233_138_95.png,NORM,NONE,NONE,BAST
CDB_Sample189/jai_0000040_515_690.png,NORM,ELLI,NONE,NONE
CDB_Sample156/jai_0000392_716_876.png,NORM,ACAN,NONE,NONE
EH5_Siemens013/jai_0000889_1397_281.png,NORM,TEAR,NONE,NONE
EH5_Siemens037/jai_0000358_569_371.png,MACR,NONE,NONE,NONE
CDB_Sample189/jai_0000289_320_1110.png,NORM,NONE,NONE,RETI
EH5_Siemens083/jai_0000181_1322_80.png,NORM,NONE,HYPO,NONE
CDB_Sample030/jai_0000231_303_1104.png,NORM,OVAL,NONE,NONE
CDB_Sample189/jai_0000168_1564_255.png,NORM,NONE,NONE,HOJO
CDB_Sample012/jai_0000030_1779_607.png,NORM,NONE,NONE,NONE
EH5_Siemens029/jai_0000439_1517_220.png,NORM,NONE,NONE,HOJO
EH5_Siemens003/jai_0000980_1219_1352.png,MICR,NONE,NONE,NONE
EH5_Siemens037/jai_0000656_859_175.png,NORM,NONE,NONE,NONE
EH5_Siemens037/jai_0000613_1061_46.png,NORM,NONE,NONE,NONE
EH5_Siemens012/jai_0001353_1286_1185.png,NORM,HELM,NONE,"BAST, HOJO"
CDB_Sample125/jai_0000057_535_1023.png,NORM,NONE,NONE,NONE
CDB_Sample125/jai_0000010_1215_1318.png,NORM,NONE,NONE,MALA
CDB_Sample189/jai_0000114_1787_644.png,NORM,OVAL,HYPO,PABO
CDB_Sample189/jai_0000378_1193_1080.png,NORM,NONE,NONE,PABO
EH5_Siemens029/jai_0000871_1717_640.png,NORM,HELM,NONE,NONE
EH5_Siemens012/jai_0000951_513_920.png,NORM,NONE,NONE,"BAST, HOJO, RETI"
EH5_Siemens029/jai_0000692_670_518.png,NORM,HELM,NONE,NONE
CDB_Sample012/jai_0000116_1892_1007.png,MICR,NONE,NONE,NONE
CDB_Sample125/jai_0000354_1291_1292.png,NORM,ECHI,NONE,MALA
EH5_Siemens012/jai_0001353_1286_1185.png,NORM,HELM,NONE,"BAST, HOJO"
EH5_Siemens029/jai_0000873_1924_153.png,MICR,NONE,NONE,NONE
EH5_Siemens008/jai_0001437_1110_227.png,NORM,BITE,NONE,NONE
CDB_Sample189/jai_0000167_186_1264.png,NORM,NONE,HYPO,NONE
CDB_Sample030/jai_0000146_898_60.png,NORM,NONE,NONE,NONE
CDB_Sample189/jai_0000376_1337_1444.png,NORM,NONE,NONE,NONE
CDB_Sample125/jai_0000014_828_139.png,NORM,ECHI,NONE,NONE
CDB_Sample012/jai_0000070_310_1064.png,NORM,NONE,STOM,NONE
EH5_Siemens012/jai_0000995_442_1239.png,MICR,NONE,NONE,BAST
EH5_Siemens013/jai_0000969_1060_1125.png,NORM,NONE,NONE,NONE
EH5_Siemens045/jai_0000102_681_274.png,MICR,SCHI,NONE,NONE
CDB_Sample189/jai_0000378_1193_1080.png,NORM,NONE,NONE,PABO
CDB_Sample012/jai_0000192_1124_875.png,NORM,NONE,NONE,NONE
EH5_Siemens083/jai_0000058_1192_150.png,NORM,NONE,NONE,NONE
CDB_Sample189/jai_0000335_384_802.png,NORM,NONE,NONE,HOJO
EH5_Siemens012/jai_0000995_442_1239.png,MICR,NONE,NONE,BAST
CDB_Sample156/jai_0000179_925_516.png,NORM,ECHI,NONE,NONE
EH5_Siemens012/jai_0000182_282_298.png,NORM,NONE,NONE,NONE
EH5_Siemens012/jai_0000303_64_613.png,NORM,NONE,NONE,NRBC
EH5_Siemens012/jai_0000044_69_126.png,NORM,NONE,NONE,NRBC
CDB_Sample189/jai_0000246_1501_492.png,NORM,NONE,NONE,PABO
EH5_Siemens013/jai_0000417_1500_709.png,MICR,NONE,NONE,NONE
EH5_Siemens012/jai_0001268_1072_216.png,MICR,OVAL,NONE,"HOJO, RETI"
EH5_Siemens008/jai_0000150_1353_523.png,NORM,NONE,HYPR,NONE
CDB_Sample189/jai_0000334_681_1072.png,MICR,NONE,NONE,NONE
EH5_Siemens041/jai_0001348_1028_436.png,NORM,HELM,NONE,NONE
EH5_Siemens008/jai_0000019_1814_1151.png,NORM,OVAL,NONE,NONE
CDB_Sample189/jai_0000038_751_204.png,NORM,NONE,NONE,"HOJO, RETI"
EH5_Siemens029/jai_0000822_1316_1034.png,NORM,NONE,NONE,NONE
EH5_Siemens012/jai_0000264_1196_1287.png,NORM,NONE,NONE,"BAST, HOJO, RETI"
CDB_Sample156/jai_0000565_1555_991.png,NORM,ECHI,NONE,NONE
EH5_Siemens029/jai_0000654_755_876.png,NORM,TEAR,NONE,NONE
CDB_Sample189/jai_0000040_515_690.png,NORM,ELLI,NONE,NONE
EH5_Siemens008/jai_0001186_629_476.png,NORM,NONE,NONE,NONE
EH5_Siemens008/jai_0000150_1402_483.png,NORM,NONE,NONE,NONE
EH5_Siemens012/jai_0000044_69_126.png,NORM,NONE,NONE,NRBC
EH5_Siemens029/jai_0000440_824_239.png,NORM,NONE,NONE,NONE
CDB_Sample012/jai_0000112_1308_361.png,NORM,NONE,NONE,RETI
CDB_Sample189/jai_0000249_344_76.png,NORM,NONE,NONE,PABO
CDB_Sample156/jai_0000097_1692_1283.png,NORM,ACAN,NONE,NONE
EH5_Siemens037/jai_0000395_1537_479.png,NORM,NONE,NONE,NONE
CDB_Sample125/jai_0000225_1289_496.png,NORM,NONE,NONE,MALA
EH5_Siemens013/jai_0000327_1547_1185.png,NORM,NONE,HYPR,NONE
EH5_Siemens012/jai_0001268_1072_216.png,MICR,OVAL,NONE,"HOJO, RETI"
EH5_Siemens012/jai_0001353_1286_1185.png,NORM,HELM,NONE,"BAST, HOJO"
CDB_Sample030/jai_0000020_1967_986.png,NORM,NONE,NONE,BAST
CDB_Sample125/jai_0000050_972_585.png,NORM,ECHI,NONE,NONE
EH5_Siemens029/jai_0000692_304_733.png,NORM,NONE,NONE,NONE
EH5_Siemens012/jai_0001353_1286_1185.png,NORM,HELM,NONE,"BAST, HOJO"
CDB_Sample125/jai_0000052_1431_152.png,NORM,NONE,NONE,MALA
CDB_Sample125/jai_0000183_995_648.png,NORM,NONE,NONE,MALA
EH5_Siemens029/jai_0000822_327_1192.png,NORM,NONE,NONE,NONE
CDB_Sample030/jai_0000227_929_402.png,NORM,ELLI,NONE,NONE
EH5_Siemens013/jai_0000413_610_766.png,NORM,NONE,NONE,NONE
CDB_Sample189/jai_0000038_751_204.png,NORM,NONE,NONE,"HOJO, RETI"
EH5_Siemens037/jai_0000570_1241_1112.png,MICR,SCHI,NONE,NONE
CDB_Sample012/jai_0000065_255_894.png,NORM,NONE,NONE,RETI
CDB_Sample030/jai_0000144_1568_115.png,MICR,SPHE,NONE,NONE
CDB_Sample189/jai_0000373_543_513.png,NORM,NONE,NONE,PABO
CDB_Sample156/jai_0000652_169_549.png,NORM,ECHI,NONE,NONE
EH5_Siemens012/jai_0001006_631_444.png,NORM,NONE,TARG,BAST
EH5_Siemens083/jai_0000182_201_625.png,NORM,NONE,NONE,"BAST, RETI"
CDB_Sample189/jai_0000040_1733_1196.png,NORM,NONE,NONE,NONE
EH5_Siemens012/jai_0000264_1196_1287.png,NORM,NONE,NONE,"BAST, HOJO, RETI"
CDB_Sample189/jai_0000372_1119_697.png,NORM,NONE,NONE,RETI
CDB_Sample189/jai_0000033_1277_554.png,NORM,NONE,NONE,PABO
EH5_Siemens029/jai_0000569_1154_1048.png,NORM,NONE,NONE,NONE
CDB_Sample030/jai_0000232_1400_1345.png,NORM,OVAL,NONE,NONE
CDB_Sample156/jai_0000609_600_747.png,NORM,ECHI,NONE,NONE
EH5_Siemens083/jai_0000184_110_851.png,NORM,ACAN,NONE,NONE
CDB_Sample012/jai_0000148_686_437.png,NORM,NONE,NONE,NONE
CDB_Sample030/jai_0000277_1623_108.png,NORM,NONE,HYPO,NONE
CDB_Sample125/jai_0000353_591_944.png,NORM,NONE,NONE,MALA
CDB_Sample030/jai_0000274_255_159.png,NORM,NONE,HYPR,NONE
EH5_Siemens012/jai_0000057_1725_1276.png,NORM,NONE,TARG,NONE
CDB_Sample012/jai_0000156_815_959.png,NORM,NONE,NONE,"BAST, RETI"
EH5_Siemens029/jai_0000692_1505_593.png,NORM,NONE,NONE,BAST
CDB_Sample189/jai_0000161_1556_854.png,NORM,NONE,NONE,PABO
CDB_Sample156/jai_0000352_81_224.png,NORM,ECHI,NONE,NONE
CDB_Sample125/jai_0000273_828_81.png,NORM,NONE,NONE,MALA
EH5_Siemens012/jai_0000264_1306_548.png,NORM,NONE,NONE,NONE
CDB_Sample189/jai_0000337_1873_779.png,NORM,NONE,NONE,PABO
EH5_Siemens012/jai_0000264_1196_1287.png,NORM,NONE,NONE,"BAST, HOJO, RETI"
CDB_Sample125/jai_0000010_1942_230.png,NORM,HELM,NONE,NONE
CDB_Sample030/jai_0000140_1766_450.png,NORM,NONE,HYPR,NONE
EH5_Siemens012/jai_0000951_513_920.png,NORM,NONE,NONE,"BAST, HOJO, RETI"
EH5_Siemens083/jai_0000013_874_906.png,NORM,NONE,HYPO,NONE
CDB_Sample189/jai_0000114_1123_559.png,NORM,NONE,NONE,RETI
EH5_Siemens029/jai_0000225_475_836.png,MICR,NONE,NONE,NONE
EH5_Siemens013/jai_0001064_1692_45.png,NORM,TEAR,NONE,NONE
CDB_Sample125/jai_0000354_1060_1048.png,NORM,NONE,NONE,MALA
EH5_Siemens008/jai_0000150_1545_1270.png,NORM,NONE,NONE,NONE
CDB_Sample012/jai_0000193_1863_513.png,MICR,NONE,NONE,NONE
EH5_Siemens029/jai_0000525_1636_218.png,NORM,NONE,NONE,NONE
EH5_Siemens012/jai_0000019_1764_1196.png,NORM,NONE,TARG,NONE
CDB_Sample189/jai_0000246_1209_1426.png,NORM,SICK,NONE,NONE
EH5_Siemens012/jai_0000136_709_1111.png,NORM,NONE,NONE,"BAST, RETI"
EH5_Siemens008/jai_0000277_1145_731.png,NORM,NONE,NONE,NONE
CDB_Sample189/jai_0000115_1963_81.png,NORM,NONE,STOM,NONE
EH5_Siemens012/jai_0001268_1072_216.png,MICR,OVAL,NONE,"HOJO, RETI"
EH5_Siemens029/jai_0000439_392_452.png,NORM,NONE,NONE,NONE
EH5_Siemens013/jai_0000371_1972_657.png,NORM,NONE,HYPR,NONE
CDB_Sample189/jai_0000373_543_513.png,NORM,NONE,NONE,PABO
EH5_Siemens013/jai_0001064_992_1310.png,MICR,NONE,NONE,NONE
CDB_Sample189/jai_0000335_1785_726.png,NORM,NONE,NONE,RETI
CDB_Sample189/jai_0000114_478_823.png,NORM,NONE,HYPO,PABO
CDB_Sample125/jai_0000182_60_620.png,NORM,ECHI,NONE,NONE
EH5_Siemens012/jai_0001353_1286_1185.png,NORM,HELM,NONE,"BAST, HOJO"
EH5_Siemens003/jai_0000980_1569_1021.png,NORM,NONE,NONE,NONE
EH5_Siemens012/jai_0000019_59_193.png,NORM,NONE,NONE,RETI
EH5_Siemens012/jai_0001514_830_856.png,NORM,NONE,HYPR,"BAST, RETI"
CDB_Sample156/jai_0000051_100_649.png,NORM,NONE,NONE,NONE
CDB_Sample030/jai_0000103_158_694.png,NORM,NONE,NONE,NONE
EH5_Siemens003/jai_0000242_352_665.png,NORM,NONE,NONE,NONE
EH5_Siemens037/jai_0000009_508_742.png,NORM,NONE,NONE,HOJO
CDB_Sample156/jai_0000094_697_1183.png,NORM,NONE,NONE,NONE
EH5_Siemens013/jai_0001064_274_1094.png,NORM,NONE,STOM,NONE
CDB_Sample125/jai_0000265_918_399.png,NORM,NONE,TARG,NONE
CDB_Sample125/jai_0000273_1356_866.png,NORM,NONE,NONE,MALA
CDB_Sample125/jai_0000181_72_1164.png,NORM,ECHI,NONE,NONE
EH5_Siemens012/jai_0001603_102_646.png,MICR,NONE,NONE,BAST
EH5_Siemens083/jai_0000098_113_55.png,NORM,OVAL,NONE,NONE
EH5_Siemens003/jai_0000236_1331_1409.png,NORM,NONE,NONE,NONE
CDB_Sample012/jai_0000032_609_1332.png,NORM,NONE,NONE,NONE
EH5_Siemens029/jai_0000692_1927_1396.png,NORM,NONE,NONE,NONE
EH5_Siemens029/jai_0000479_1515_260.png,NORM,NONE,NONE,NONE
CDB_Sample030/jai_0000144_1155_399.png,NORM,NONE,HYPO,NONE
EH5_Siemens012/jai_0000347_478_898.png,NORM,NONE,HYPO,NONE
CDB_Sample125/jai_0000268_1495_953.png,NORM,NONE,NONE,NONE
EH5_Siemens012/jai_0000192_30_768.png,NORM,OVAL,HYPO,NONE
EH5_Siemens029/jai_0000398_426_1154.png,NORM,NONE,NONE,NONE
CDB_Sample125/jai_0000053_472_446.png,NORM,ECHI,NONE,NONE
CDB_Sample189/jai_0000038_751_204.png,NORM,NONE,NONE,"HOJO, RETI"
CDB_Sample125/jai_0000009_494_1109.png,NORM,NONE,NONE,MALA
EH5_Siemens029/jai_0000822_548_1200.png,NORM,NONE,NONE,NONE
EH5_Siemens003/jai_0000980_1763_1413.png,NORM,NONE,NONE,NONE
CDB_Sample125/jai_0000095_723_1357.png,NORM,NONE,HYPO,NONE
EH5_Siemens012/jai_0000130_1819_748.png,NORM,NONE,NONE,"BAST, RETI"
CDB_Sample189/jai_0000038_751_204.png,NORM,NONE,NONE,"HOJO, RETI"
EH5_Siemens012/jai_0001603_102_646.png,MICR,NONE,NONE,BAST
CDB_Sample125/jai_0000350_1297_866.png,NORM,NONE,NONE,MALA
CDB_Sample189/jai_0000038_751_204.png,NORM,NONE,NONE,"HOJO, RETI"
EH5_Siemens013/jai_0000071_1640_274.png,NORM,TEAR,NONE,NONE
EH5_Siemens013/jai_0000119_1233_335.png,NORM,NONE,HYPR,NONE
CDB_Sample030/jai_0000014_1525_1292.png,NORM,OVAL,NONE,NONE
EH5_Siemens012/jai_0001353_1286_1185.png,NORM,HELM,NONE,"BAST, HOJO"
EH5_Siemens012/jai_0001268_1072_216.png,MICR,OVAL,NONE,"HOJO, RETI"
EH5_Siemens083/jai_0000356_1290_1032.png,NORM,NONE,NONE,"BAST, RETI"
EH5_Siemens012/jai_0000057_1134_1453.png,MICR,NONE,NONE,NONE
CDB_Sample012/jai_0000107_434_607.png,NORM,NONE,NONE,HOJO
CDB_Sample030/jai_0000234_993_734.png,NORM,OVAL,NONE,NONE
EH5_Siemens037/jai_0000527_1217_151.png,NORM,ACAN,NONE,NONE
CDB_Sample030/jai_0000146_236_972.png,NORM,NONE,HYPO,NONE
EH5_Siemens012/jai_0001512_564_319.png,NORM,NONE,TARG,BAST
CDB_Sample030/jai_0000020_1050_355.png,MICR,NONE,NONE,NONE
EH5_Siemens029/jai_0000395_680_842.png,NORM,NONE,NONE,NONE
EH5_Siemens013/jai_0000414_958_293.png,MICR,NONE,NONE,NONE
CDB_Sample189/jai_0000246_420_709.png,NORM,NONE,NONE,NONE
EH5_Siemens037/jai_0000526_730_1186.png,NORM,OVAL,NONE,NONE
EH5_Siemens083/jai_0000101_1598_402.png,NORM,NONE,HYPR,NONE
EH5_Siemens012/jai_0000046_321_800.png,NORM,NONE,NONE,NRBC
CDB_Sample030/jai_0000060_1868_1136.png,NORM,TEAR,NONE,NONE
CDB_Sample030/jai_0000096_640_358.png,NORM,ELLI,NONE,NONE
CDB_Sample189/jai_0000163_1648_917.png,NORM,NONE,NONE,HOJO
EH5_Siemens013/jai_0000158_924_1089.png,NORM,TEAR,NONE,NONE
EH5_Siemens013/jai_0001064_375_781.png,NORM,NONE,NONE,NONE
EH5_Siemens008/jai_0000578_1265_173.png,NORM,BITE,NONE,NONE
EH5_Siemens029/jai_0000692_242_981.png,NORM,NONE,HYPR,NONE
CDB_Sample012/jai_0000116_1112_332.png,NORM,NONE,NONE,NONE
CDB_Sample125/jai_0000053_1447_1152.png,NORM,OVAL,NONE,NONE
EH5_Siemens012/jai_0000044_69_126.png,NORM,NONE,NONE,NRBC
CDB_Sample012/jai_0000117_1971_704.png,MICR,NONE,NONE,NONE
EH5_Siemens083/jai_0000064_1780_807.png,NORM,NONE,NONE,NONE
EH5_Siemens012/jai_0001268_1072_216.png,MICR,OVAL,NONE,"HOJO, RETI"
CDB_Sample030/jai_0000275_1530_829.png,MICR,NONE,NONE,NONE
EH5_Siemens012/jai_0001268_1072_216.png,MICR,OVAL,NONE,"HOJO, RETI"
EH5_Siemens012/jai_0000264_1196_1287.png,NORM,NONE,NONE,"BAST, HOJO, RETI"
EH5_Siemens012/jai_0000264_1196_1287.png,NORM,NONE,NONE,"BAST, HOJO, RETI"
CDB_Sample189/jai_0000247_608_771.png,NORM,NONE,NONE,HOJO
EH5_Siemens037/jai_0000570_1169_250.png,NORM,NONE,NONE,NONE
EH5_Siemens012/jai_0000019_1255_100.png,NORM,NONE,NONE,"BAST, RETI"
CDB_Sample012/jai_0000199_1135_1102.png,NORM,NONE,NONE,NONE
CDB_Sample030/jai_0000275_124_648.png,MICR,OVAL,NONE,NONE
CDB_Sample189/jai_0000373_627_831.png,NORM,NONE,NONE,PABO
CDB_Sample030/jai_0000011_449_310.png,NORM,ELLI,NONE,NONE
CDB_Sample189/jai_0000379_1255_143.png,NORM,NONE,NONE,RETI
CDB_Sample125/jai_0000269_336_598.png,NORM,ECHI,NONE,NONE
EH5_Siemens012/jai_0000951_513_920.png,NORM,NONE,NONE,"BAST, HOJO, RETI"
CDB_Sample030/jai_0000017_816_746.png,NORM,NONE,NONE,NONE
CDB_Sample156/jai_0000352_1918_43.png,NORM,NONE,NONE,NONE
CDB_Sample012/jai_0000193_244_148.png,NORM,NONE,NONE,NONE
CDB_Sample030/jai_0000013_1971_649.png,MICR,NONE,NONE,NONE
EH5_Siemens012/jai_0000174_360_339.png,NORM,BITE,NONE,NONE
CDB_Sample156/jai_0000519_1171_651.png,NORM,ACAN,NONE,NONE
EH5_Siemens037/jai_0000483_1507_358.png,NORM,NONE,HYPR,NONE
CDB_Sample125/jai_0000269_525_960.png,NORM,ECHI,NONE,NONE
EH5_Siemens008/jai_0000241_217_363.png,NORM,NONE,NONE,NONE
CDB_Sample189/jai_0000038_751_204.png,NORM,NONE,NONE,"HOJO, RETI"
EH5_Siemens012/jai_0000951_513_920.png,NORM,NONE,NONE,"BAST, HOJO, RETI"
CDB_Sample189/jai_0000161_909_675.png,NORM,SICK,NONE,NONE
CDB_Sample030/jai_0000277_947_257.png,NORM,NONE,HYPO,NONE
EH5_Siemens013/jai_0000071_627_132.png,NORM,TEAR,NONE,NONE
EH5_Siemens012/jai_0001437_654_1314.png,NORM,OVAL,NONE,"BAST, HOJO"
EH5_Siemens083/jai_0000184_131_918.png,NORM,NONE,HYPO,NONE
CDB_Sample030/jai_0000277_1909_424.png,NORM,NONE,NONE,RETI
CDB_Sample030/jai_0000235_340_817.png,NORM,NONE,NONE,NONE
CDB_Sample012/jai_0000198_628_1190.png,NORM,NONE,NONE,NONE
EH5_Siemens083/jai_0000016_80_412.png,MICR,NONE,HYPO,NONE
EH5_Siemens008/jai_0001145_1216_1147.png,NORM,NONE,NONE,NONE
EH5_Siemens037/jai_0000313_1176_838.png,NORM,NONE,NONE,NONE
CDB_Sample189/jai_0000337_1873_779.png,NORM,NONE,NONE,PABO
EH5_Siemens045/jai_0000184_1650_237.png,NORM,BITE,NONE,NONE
EH5_Siemens083/jai_0000179_1692_1201.png,MICR,NONE,NONE,NONE
EH5_Siemens037/jai_0000135_451_444.png,NORM,NONE,TARG,NONE
EH5_Siemens083/jai_0000184_613_774.png,MICR,NONE,NONE,"BAST, RETI"
EH5_Siemens012/jai_0001173_1495_196.png,MICR,NONE,NONE,BAST
EH5_Siemens083/jai_0000142_1864_188.png,NORM,NONE,NONE,NONE
EH5_Siemens012/jai_0000136_709_1111.png,NORM,NONE,NONE,"BAST, RETI"
EH5_Siemens008/jai_0001145_800_1076.png,NORM,NONE,NONE,NONE
EH5_Siemens037/jai_0000399_318_1125.png,NORM,NONE,HYPO,NONE
CDB_Sample156/jai_0000264_246_537.png,NORM,ECHI,NONE,NONE
CDB_Sample030/jai_0000145_474_654.png,MICR,NONE,NONE,NONE
CDB_Sample030/jai_0000272_1497_1116.png,MICR,NONE,NONE,NONE
EH5_Siemens008/jai_0000277_44_834.png,NORM,NONE,NONE,NONE
CDB_Sample030/jai_0000013_490_771.png,NORM,ELLI,NONE,NONE
EH5_Siemens012/jai_0001437_654_1314.png,NORM,OVAL,NONE,"BAST, HOJO"
EH5_Siemens013/jai_0000333_1856_924.png,NORM,NONE,NONE,NONE
CDB_Sample156/jai_0000268_1103_788.png,NORM,NONE,NONE,NONE
CDB_Sample189/jai_0000335_1318_1118.png,NORM,NONE,NONE,NONE
EH5_Siemens003/jai_0000242_451_1211.png,NORM,NONE,NONE,NONE
EH5_Siemens029/jai_0000052_336_1307.png,NORM,NONE,NONE,NONE
EH5_Siemens029/jai_0000828_1321_1269.png,NORM,TEAR,NONE,RETI
EH5_Siemens029/jai_0000133_1361_754.png,NORM,NONE,NONE,NONE
EH5_Siemens012/jai_0000951_513_920.png,NORM,NONE,NONE,"BAST, HOJO, RETI"
CDB_Sample012/jai_0000025_572_309.png,NORM,NONE,NONE,NONE
EH5_Siemens013/jai_0000798_642_1186.png,MICR,SPHE,NONE,NONE
CDB_Sample030/jai_0000146_180_1185.png,MICR,SPHE,NONE,NONE
EH5_Siemens037/jai_0000009_459_601.png,NORM,NONE,NONE,NONE
CDB_Sample125/jai_0000269_763_680.png,NORM,NONE,HYPO,RETI
EH5_Siemens012/jai_0000951_513_920.png,NORM,NONE,NONE,"BAST, HOJO, RETI"
EH5_Siemens012/jai_0000147_940_1062.png,NORM,NONE,TARG,NONE
EH5_Siemens083/jai_0000181_928_1264.png,NORM,NONE,HYPO,NONE
CDB_Sample030/jai_0000097_1338_128.png,MICR,NONE,NONE,NONE
CDB_Sample189/jai_0000245_1621_1131.png,NORM,NONE,STOM,NONE
CDB_Sample189/jai_0000163_1648_917.png,NORM,NONE,NONE,HOJO
EH5_Siemens041/jai_0000146_505_974.png,NORM,BITE,NONE,NONE
EH5_Siemens008/jai_0001141_1671_1172.png,NORM,NONE,NONE,NONE
EH5_Siemens083/jai_0001472_543_113.png,MACR,NONE,NONE,BAST
CDB_Sample125/jai_0000180_1788_445.png,NORM,NONE,NONE,MALA
EH5_Siemens029/jai_0000396_1883_620.png,MICR,NONE,NONE,NONE
CDB_Sample189/jai_0000033_1651_1223.png,NORM,NONE,NONE,HOJO
EH5_Siemens029/jai_0000654_712_198.png,MICR,SPHE,NONE,NONE
CDB_Sample189/jai_0000288_246_375.png,NORM,NONE,NONE,PABO
CDB_Sample125/jai_0000051_176_211.png,NORM,NONE,NONE,MALA
EH5_Siemens083/jai_0000402_1607_1371.png,MICR,NONE,NONE,NONE
EH5_Siemens045/jai_0000185_1153_292.png,MICR,SCHI,NONE,NONE
EH5_Siemens008/jai_0000150_529_190.png,NORM,NONE,NONE,NONE
EH5_Siemens008/jai_0000021_1215_694.png,NORM,NONE,NONE,NONE
EH5_Siemens029/jai_0000052_1320_771.png,NORM,NONE,NONE,NONE
EH5_Siemens041/jai_0000146_505_974.png,NORM,BITE,NONE,NONE
EH5_Siemens029/jai_0000479_691_394.png,NORM,NONE,HYPO,NONE
EH5_Siemens029/jai_0000828_195_478.png,NORM,NONE,NONE,BAST
CDB_Sample189/jai_0000038_751_204.png,NORM,NONE,NONE,"HOJO, RETI"
CDB_Sample125/jai_0000273_785_238.png,NORM,NONE,NONE,MALA
CDB_Sample012/jai_0000068_1787_785.png,NORM,NONE,NONE,NONE
EH5_Siemens013/jai_0000333_567_908.png,NORM,NONE,NONE,NONE
CDB_Sample189/jai_0000373_543_513.png,NORM,NONE,NONE,PABO
EH5_Siemens029/jai_0000225_1185_1154.png,NORM,TEAR,NONE,NONE
CDB_Sample189/jai_0000038_751_204.png,NORM,NONE,NONE,"HOJO, RETI"
EH5_Siemens013/jai_0000074_1290_1304.png,NORM,NONE,NONE,NONE
CDB_Sample189/jai_0000079_789_850.png,NORM,NONE,NONE,NONE
CDB_Sample189/jai_0000372_586_835.png,NORM,SICK,NONE,NONE
CDB_Sample030/jai_0000099_1493_941.png,NORM,NONE,HYPR,NONE
EH5_Siemens037/jai_0000570_1439_389.png,NORM,NONE,NONE,RETI
EH5_Siemens003/jai_0001299_896_533.png,NORM,NONE,NONE,HOJO
EH5_Siemens008/jai_0000150_529_111.png,NORM,NONE,NONE,NONE
EH5_Siemens029/jai_0000439_497_715.png,NORM,TEAR,NONE,NONE
EH5_Siemens008/jai_0000241_639_673.png,NORM,NONE,NONE,NONE
CDB_Sample125/jai_0000266_1531_722.png,NORM,NONE,NONE,MALA
CDB_Sample156/jai_0000519_579_543.png,NORM,ECHI,NONE,NONE
CDB_Sample189/jai_0000293_368_1339.png,NORM,SICK,NONE,NONE
EH5_Siemens013/jai_0000847_32_1297.png,NORM,NONE,NONE,RETI
EH5_Siemens013/jai_0000889_700_219.png,NORM,NONE,NONE,NONE
EH5_Siemens013/jai_0000119_1281_1222.png,NORM,NONE,NONE,NONE
EH5_Siemens008/jai_0000148_90_192.png,NORM,NONE,NONE,NONE
CDB_Sample030/jai_0000014_1056_953.png,NORM,ELLI,NONE,NONE
CDB_Sample030/jai_0000016_326_1078.png,NORM,OVAL,NONE,NONE
EH5_Siemens029/jai_0000396_1553_224.png,MICR,NONE,HYPR,NONE
EH5_Siemens012/jai_0000192_826_1181.png,NORM,NONE,HYPO,"BAST, RETI"
EH5_Siemens037/jai_0000399_1319_212.png,NORM,ECHI,NONE,NONE
EH5_Siemens083/jai_0000013_1261_249.png,MICR,SCHI,NONE,NONE
CDB_Sample012/jai_0000114_631_1440.png,MICR,NONE,NONE,NONE
CDB_Sample189/jai_0000038_751_204.png,NORM,NONE,NONE,"HOJO, RETI"
EH5_Siemens012/jai_0000174_360_339.png,NORM,BITE,NONE,NONE
CDB_Sample189/jai_0000333_1649_1104.png,NORM,NONE,NONE,RETI
CDB_Sample189/jai_0000038_751_204.png,NORM,NONE,NONE,"HOJO, RETI"
CDB_Sample030/jai_0000277_1909_424.png,NORM,NONE,NONE,RETI
CDB_Sample189/jai_0000377_687_481.png,NORM,NONE,STOM,NONE
EH5_Siemens012/jai_0000063_1710_1248.png,NORM,NONE,HYPO,NONE
EH5_Siemens083/jai_0000181_1795_1012.png,NORM,OVAL,NONE,"BAST, RETI"
CDB_Sample125/jai_0000272_1719_425.png,MICR,NONE,NONE,NONE
CDB_Sample189/jai_0000121_1244_966.png,NORM,NONE,HYPO,NONE
CDB_Sample189/jai_0000374_866_1279.png,NORM,NONE,NONE,HOJO
EH5_Siemens013/jai_0000847_1019_1221.png,NORM,NONE,NONE,NONE
EH5_Siemens037/jai_0000312_1360_519.png,NORM,NONE,NONE,NONE
EH5_Siemens012/jai_0001268_1072_216.png,MICR,OVAL,NONE,"HOJO, RETI"
CDB_Sample125/jai_0000269_192_527.png,NORM,NONE,NONE,MALA
CDB_Sample030/jai_0000185_196_1141.png,NORM,TEAR,NONE,NONE
CDB_Sample125/jai_0000356_290_85.png,NORM,NONE,NONE,MALA
CDB_Sample125/jai_0000316_344_1198.png,NORM,ECHI,NONE,NONE
EH5_Siemens013/jai_0000072_804_1052.png,NORM,TEAR,NONE,NONE
CDB_Sample126/jai_0000034_983_1246.png,NORM,NONE,NONE,NONE
CDB_Sample189/jai_0000165_131_239.png,NORM,NONE,NONE,RETI
CDB_Sample189/jai_0000161_1556_854.png,NORM,NONE,NONE,PABO
EH5_Siemens003/jai_0000096_1514_494.png,NORM,NONE,NONE,HOJO
EH5_Siemens012/jai_0001437_654_1314.png,NORM,OVAL,NONE,"BAST, HOJO"
CDB_Sample189/jai_0000340_846_1401.png,NORM,NONE,STOM,NONE
EH5_Siemens008/jai_0000287_1215_691.png,MICR,SPHE,NONE,NONE
CDB_Sample156/jai_0000392_716_876.png,NORM,ACAN,NONE,NONE
EH5_Siemens012/jai_0001599_995_346.png,MICR,NONE,NONE,BAST
EH5_Siemens029/jai_0000692_572_367.png,NORM,NONE,HYPO,NONE
EH5_Siemens012/jai_0000192_1811_79.png,NORM,NONE,HYPO,NONE
EH5_Siemens012/jai_0000264_1196_1287.png,NORM,NONE,NONE,"BAST, HOJO, RETI"
EH5_Siemens008/jai_0000751_1051_527.png,NORM,NONE,NONE,NONE
EH5_Siemens012/jai_0001353_1286_1185.png,NORM,HELM,NONE,"BAST, HOJO"
CDB_Sample125/jai_0000053_619_1361.png,NORM,NONE,NONE,BAST
CDB_Sample189/jai_0000337_1873_779.png,NORM,NONE,NONE,PABO
CDB_Sample125/jai_0000268_1639_195.png,NORM,NONE,NONE,MALA
CDB_Sample012/jai_0000107_993_1161.png,MICR,SPHE,NONE,NONE
CDB_Sample030/jai_0000272_739_44.png,NORM,NONE,NONE,NONE
EH5_Siemens008/jai_0000277_1407_600.png,MICR,NONE,NONE,NONE
EH5_Siemens012/jai_0000139_490_1333.png,NORM,NONE,NONE,"BAST, RETI"
EH5_Siemens012/jai_0000182_227_975.png,MICR,NONE,NONE,"BAST, RETI"
CDB_Sample012/jai_0000196_1698_237.png,NORM,NONE,NONE,NONE
EH5_Siemens037/jai_0000526_252_503.png,NORM,NONE,NONE,NONE
CDB_Sample189/jai_0000248_1594_596.png,NORM,SICK,NONE,NONE
CDB_Sample156/jai_0000567_1094_116.png,NORM,NONE,NONE,MALA
CDB_Sample125/jai_0000052_1148_477.png,NORM,NONE,NONE,MALA
CDB_Sample189/jai_0000248_335_170.png,NORM,NONE,STOM,NONE
EH5_Siemens012/jai_0000951_513_920.png,NORM,NONE,NONE,"BAST, HOJO, RETI"
CDB_Sample012/jai_0000027_790_369.png,NORM,NONE,NONE,NONE
CDB_Sample189/jai_0000291_688_1429.png,NORM,SICK,NONE,NONE
CDB_Sample156/jai_0000268_629_506.png,NORM,NONE,NONE,NONE
CDB_Sample012/jai_0000199_267_1033.png,NORM,NONE,HYPO,NONE
EH5_Siemens008/jai_0000021_232_563.png,NORM,OVAL,NONE,NONE
EH5_Siemens003/jai_0000265_1198_1048.png,NORM,NONE,NONE,HOJO
EH5_Siemens013/jai_0000803_1659_603.png,NORM,ECHI,NONE,NONE
EH5_Siemens012/jai_0001089_1154_813.png,MICR,SCHI,NONE,NONE
CDB_Sample030/jai_0000235_279_1123.png,NORM,NONE,NONE,NONE
CDB_Sample189/jai_0000119_855_489.png,NORM,NONE,NONE,PABO
EH5_Siemens029/jai_0000133_786_355.png,NORM,NONE,NONE,NONE
EH5_Siemens029/jai_0000479_1897_128.png,NORM,NONE,HYPR,NONE
CDB_Sample012/jai_0000146_1014_904.png,NORM,NONE,NONE,NONE
EH5_Siemens029/jai_0000439_711_836.png,NORM,NONE,HYPR,NONE
CDB_Sample189/jai_0000249_1154_389.png,NORM,NONE,NONE,RETI
EH5_Siemens003/jai_0000783_1474_841.png,NORM,NONE,NONE,NONE
EH5_Siemens012/jai_0000264_1196_1287.png,NORM,NONE,NONE,"BAST, HOJO, RETI"
EH5_Siemens037/jai_0000142_686_575.png,NORM,ACAN,NONE,NONE
CDB_Sample030/jai_0000018_321_229.png,NORM,ELLI,NONE,NONE
EH5_Siemens012/jai_0001477_753_715.png,NORM,NONE,NONE,"BAST, RETI"
CDB_Sample012/jai_0000109_1419_614.png,NORM,NONE,NONE,NONE
EH5_Siemens083/jai_0000101_764_65.png,NORM,NONE,HYPO,NONE
EH5_Siemens012/jai_0001353_1286_1185.png,NORM,HELM,NONE,"BAST, HOJO"
EH5_Siemens037/jai_0000009_1360_271.png,NORM,ECHI,NONE,NONE
EH5_Siemens012/jai_0001173_1495_196.png,MICR,NONE,NONE,BAST
CDB_Sample030/jai_0000142_449_331.png,NORM,NONE,HYPR,NONE
CDB_Sample030/jai_0000233_692_1112.png,NORM,OVAL,NONE,NONE
CDB_Sample189/jai_0000290_319_136.png,MICR,NONE,NONE,NONE
EH5_Siemens012/jai_0000057_514_555.png,NORM,NONE,HYPO,NONE
CDB_Sample156/jai_0000308_1111_1388.png,NORM,ACAN,NONE,NONE
EH5_Siemens013/jai_0000544_1912_1070.png,MICR,NONE,NONE,NONE
CDB_Sample189/jai_0000293_883_1047.png,NORM,NONE,HYPO,NONE
EH5_Siemens037/jai_0000358_754_209.png,NORM,ECHI,NONE,NONE
EH5_Siemens013/jai_0000072_438_1080.png,NORM,NONE,NONE,NONE
EH5_Siemens013/jai_0001114_1093_355.png,NORM,TEAR,NONE,NONE
CDB_Sample189/jai_0000165_131_239.png,NORM,NONE,NONE,RETI
EH5_Siemens003/jai_0000980_1469_1337.png,NORM,NONE,NONE,NONE
CDB_Sample189/jai_0000121_1610_560.png,NORM,NONE,NONE,PABO
EH5_Siemens012/jai_0000182_1702_1234.png,NORM,NONE,HYPO,NONE
EH5_Siemens008/jai_0000751_1343_804.png,NORM,NONE,HYPO,NONE
CDB_Sample189/jai_0000034_819_226.png,NORM,NONE,NONE,PABO
EH5_Siemens012/jai_0000044_69_126.png,NORM,NONE,NONE,NRBC
CDB_Sample030/jai_0000061_1228_380.png,NORM,NONE,NONE,NONE
EH5_Siemens041/jai_0000188_1681_418.png,NORM,BITE,NONE,NONE
EH5_Siemens083/jai_0000101_466_1345.png,NORM,ECHI,NONE,NONE
EH5_Siemens012/jai_0001353_1286_1185.png,NORM,HELM,NONE,"BAST, HOJO"
EH5_Siemens037/jai_0000399_1713_627.png,NORM,ECHI,NONE,NONE
EH5_Siemens008/jai_0000616_724_1392.png,NORM,NONE,NONE,NONE
EH5_Siemens029/jai_0000310_1595_802.png,NORM,NONE,NONE,NONE
EH5_Siemens012/jai_0000187_1943_1429.png,NORM,OVAL,NONE,BAST
CDB_Sample012/jai_0000113_1773_1038.png,MICR,NONE,NONE,NONE
EH5_Siemens003/jai_0000278_266_849.png,NORM,NONE,NONE,NONE
EH5_Siemens012/jai_0000059_1194_1207.png,NORM,NONE,HYPO,NONE
EH5_Siemens008/jai_0000139_521_724.png,NORM,NONE,NONE,NONE
CDB_Sample030/jai_0000275_1233_1369.png,NORM,NONE,NONE,NONE
EH5_Siemens037/jai_0000399_1145_608.png,NORM,NONE,NONE,NONE
EH5_Siemens029/jai_0000568_768_394.png,NORM,NONE,NONE,NONE
CDB_Sample189/jai_0000377_482_81.png,NORM,NONE,NONE,HOJO
CDB_Sample189/jai_0000118_801_1305.png,NORM,NONE,NONE,HOJO
CDB_Sample189/jai_0000167_1819_817.png,NORM,NONE,NONE,RETI
EH5_Siemens012/jai_0001353_1286_1185.png,NORM,HELM,NONE,"BAST, HOJO"
CDB_Sample030/jai_0000139_1409_281.png,MICR,ELLI,NONE,NONE
EH5_Siemens012/jai_0000147_637_560.png,NORM,NONE,NONE,NONE
CDB_Sample189/jai_0000121_1610_560.png,NORM,NONE,NONE,PABO
EH5_Siemens083/jai_0000060_1235_750.png,MACR,NONE,NONE,RETI
CDB_Sample156/jai_0000094_1334_1278.png,NORM,NONE,NONE,NONE
EH5_Siemens012/jai_0001603_102_646.png,MICR,NONE,NONE,BAST
CDB_Sample189/jai_0000121_1849_447.png,NORM,NONE,NONE,NONE
CDB_Sample030/jai_0000102_1527_1056.png,MICR,NONE,NONE,NONE
CDB_Sample030/jai_0000142_389_1145.png,NORM,NONE,NONE,NONE
CDB_Sample156/jai_0000265_47_127.png,NORM,ACAN,NONE,NONE
EH5_Siemens083/jai_0001387_661_1261.png,MICR,NONE,NONE,NONE
CDB_Sample030/jai_0000057_247_1319.png,NORM,NONE,HYPO,NONE
CDB_Sample030/jai_0000062_1821_320.png,NORM,ELLI,NONE,NONE
EH5_Siemens008/jai_0000287_857_468.png,NORM,NONE,NONE,NONE
EH5_Siemens029/jai_0000184_1594_81.png,NORM,NONE,NONE,NONE
EH5_Siemens012/jai_0000951_513_920.png,NORM,NONE,NONE,"BAST, HOJO, RETI"
EH5_Siemens029/jai_0000654_884_865.png,NORM,TEAR,NONE,NONE
EH5_Siemens013/jai_0000414_881_583.png,NORM,NONE,NONE,NONE
EH5_Siemens012/jai_0001353_1286_1185.png,NORM,HELM,NONE,"BAST, HOJO"
CDB_Sample030/jai_0000139_43_1441.png,NORM,NONE,HYPR,NONE
CDB_Sample189/jai_0000033_674_837.png,NORM,NONE,NONE,HOJO
CDB_Sample030/jai_0000145_827_89.png,NORM,TEAR,NONE,NONE
EH5_Siemens037/jai_0000399_229_468.png,NORM,NONE,NONE,NONE
EH5_Siemens083/jai_0000142_1005_466.png,NORM,NONE,HYPO,NONE
EH5_Siemens013/jai_0000333_107_452.png,MICR,NONE,NONE,NONE
CDB_Sample030/jai_0000139_1624_1023.png,NORM,OVAL,NONE,NONE
CDB_Sample125/jai_0000185_299_297.png,NORM,NONE,HYPO,NONE
EH5_Siemens012/jai_0001353_1286_1185.png,NORM,HELM,NONE,"BAST, HOJO"
CDB_Sample156/jai_0000609_786_828.png,NORM,NONE,NONE,HOJO
CDB_Sample189/jai_0000114_1787_644.png,NORM,OVAL,HYPO,PABO
EH5_Siemens012/jai_0001268_1072_216.png,MICR,OVAL,NONE,"HOJO, RETI"
CDB_Sample030/jai_0000188_1494_1199.png,NORM,OVAL,NONE,NONE
EH5_Siemens013/jai_0000158_333_544.png,NORM,NONE,NONE,NONE
EH5_Siemens008/jai_0000449_882_333.png,NORM,NONE,NONE,HOJO
EH5_Siemens013/jai_0000847_1670_887.png,NORM,TEAR,NONE,NONE
CDB_Sample012/jai_0000067_768_436.png,NORM,NONE,STOM,NONE
EH5_Siemens008/jai_0001437_1110_227.png,NORM,BITE,NONE,NONE
CDB_Sample125/jai_0000225_943_259.png,NORM,NONE,NONE,MALA
EH5_Siemens008/jai_0000287_1026_412.png,MICR,NONE,NONE,NONE
EH5_Siemens013/jai_0000417_322_1123.png,NORM,NONE,NONE,NONE
EH5_Siemens029/jai_0000310_492_982.png,NORM,NONE,NONE,RETI
EH5_Siemens012/jai_0000182_530_1077.png,NORM,NONE,NONE,NRBC
CDB_Sample125/jai_0000058_970_423.png,NORM,NONE,NONE,MALA
EH5_Siemens029/jai_0000654_394_1308.png,NORM,OVAL,NONE,NONE
EH5_Siemens029/jai_0000052_1357_608.png,NORM,NONE,HYPO,RETI
EH5_Siemens037/jai_0000313_625_1422.png,NORM,NONE,HYPO,NONE
EH5_Siemens037/jai_0000656_371_82.png,MICR,NONE,NONE,NONE
CDB_Sample030/jai_0000234_357_1194.png,MICR,NONE,NONE,NONE
EH5_Siemens045/jai_0000184_886_627.png,MICR,SCHI,NONE,NONE
EH5_Siemens008/jai_0001392_556_654.png,NORM,NONE,NONE,NONE
EH5_Siemens029/jai_0000525_1637_639.png,NORM,NONE,HYPO,RETI
CDB_Sample189/jai_0000118_801_1305.png,NORM,NONE,NONE,HOJO
CDB_Sample125/jai_0000225_1740_654.png,NORM,NONE,NONE,NONE
EH5_Siemens012/jai_0001353_1286_1185.png,NORM,HELM,NONE,"BAST, HOJO"
CDB_Sample189/jai_0000247_608_771.png,NORM,NONE,NONE,HOJO
CDB_Sample125/jai_0000266_802_1056.png,MICR,NONE,NONE,NONE
EH5_Siemens008/jai_0000021_259_361.png,NORM,NONE,TARG,NONE
EH5_Siemens083/jai_0000223_1781_1284.png,NORM,NONE,NONE,NONE
CDB_Sample030/jai_0000145_532_472.png,MICR,NONE,NONE,NONE
EH5_Siemens012/jai_0001268_1072_216.png,MICR,OVAL,NONE,"HOJO, RETI"
EH5_Siemens045/jai_0000184_1710_203.png,NORM,HELM,NONE,NONE
EH5_Siemens045/jai_0000011_1496_1233.png,MICR,SCHI,NONE,NONE
EH5_Siemens012/jai_0000951_513_920.png,NORM,NONE,NONE,"BAST, HOJO, RETI"
EH5_Siemens012/jai_0001268_294_1421.png,MICR,NONE,NONE,BAST
EH5_Siemens003/jai_0000876_1234_782.png,MICR,NONE,NONE,NONE
EH5_Siemens013/jai_0000588_389_1436.png,NORM,NONE,NONE,NONE
EH5_Siemens012/jai_0001256_755_1091.png,NORM,NONE,NONE,BAST
EH5_Siemens008/jai_0001394_257_1071.png,MICR,NONE,NONE,NONE
CDB_Sample189/jai_0000381_1500_1228.png,NORM,NONE,NONE,HOJO
CDB_Sample189/jai_0000378_1399_808.png,NORM,NONE,NONE,NONE
CDB_Sample189/jai_0000081_1850_879.png,NORM,NONE,NONE,HOJO
CDB_Sample189/jai_0000340_1118_691.png,NORM,SICK,NONE,NONE
CDB_Sample189/jai_0000038_751_204.png,NORM,NONE,NONE,"HOJO, RETI"
CDB_Sample125/jai_0000004_1909_1249.png,NORM,NONE,HYPO,NONE
EH5_Siemens013/jai_0001064_545_1233.png,NORM,NONE,NONE,NONE
EH5_Siemens083/jai_0000179_1179_1029.png,NORM,NONE,NONE,RETI
EH5_Siemens003/jai_0001299_896_533.png,NORM,NONE,NONE,HOJO
EH5_Siemens029/jai_0000395_606_724.png,MICR,NONE,NONE,NONE
CDB_Sample156/jai_0000050_1654_1204.png,NORM,NONE,STOM,NONE
CDB_Sample030/jai_0000017_578_370.png,NORM,NONE,HYPR,NONE
EH5_Siemens012/jai_0001609_1420_692.png,NORM,NONE,HYPR,"BAST, RETI"
EH5_Siemens039/jai_0000089_1426_577.png,MICR,SCHI,NONE,NONE
EH5_Siemens039/jai_0000351_1895_722.png,NORM,HELM,NONE,NONE
EH5_Siemens083/jai_0000179_420_165.png,NORM,NONE,HYPR,NONE
EH5_Siemens013/jai_0000588_135_1268.png,NORM,TEAR,NONE,NONE
CDB_Sample189/jai_0000160_270_1010.png,NORM,NONE,NONE,HOJO
EH5_Siemens013/jai_0000071_1472_1381.png,NORM,NONE,NONE,NONE
CDB_Sample030/jai_0000272_1442_340.png,MICR,NONE,HYPO,NONE
CDB_Sample125/jai_0000272_1047_664.png,NORM,ECHI,NONE,NONE
EH5_Siemens003/jai_0000158_634_216.png,NORM,NONE,HYPR,NONE
EH5_Siemens083/jai_0000098_1962_428.png,NORM,NONE,NONE,NONE
CDB_Sample189/jai_0000163_722_1266.png,NORM,NONE,NONE,HOJO
EH5_Siemens012/jai_0000264_1196_1287.png,NORM,NONE,NONE,"BAST, HOJO, RETI"
EH5_Siemens037/jai_0000611_1944_736.png,NORM,NONE,NONE,NONE
CDB_Sample125/jai_0000181_1922_913.png,NORM,NONE,NONE,MALA
EH5_Siemens037/jai_0000142_368_134.png,NORM,NONE,HYPO,NONE
EH5_Siemens037/jai_0000483_1695_893.png,NORM,HELM,NONE,NONE
EH5_Siemens029/jai_0000184_464_395.png,NORM,NONE,NONE,NONE
CDB_Sample156/jai_0000181_1198_530.png,NORM,NONE,NONE,NONE
EH5_Siemens029/jai_0000184_220_1002.png,NORM,NONE,NONE,NONE
CDB_Sample030/jai_0000273_1792_991.png,NORM,ELLI,HYPO,NONE
CDB_Sample030/jai_0000148_1105_1311.png,MICR,NONE,NONE,NONE
CDB_Sample156/jai_0000264_777_1176.png,NORM,NONE,NONE,NONE
EH5_Siemens013/jai_0000333_870_173.png,NORM,TEAR,NONE,NONE
EH5_Siemens012/jai_0000187_1943_1429.png,NORM,OVAL,NONE,BAST
CDB_Sample125/jai_0000351_1424_273.png,NORM,NONE,NONE,NONE
EH5_Siemens083/jai_0000183_1026_811.png,MICR,NONE,NONE,NONE
EH5_Siemens012/jai_0000019_187_305.png,NORM,NONE,HYPO,NONE
EH5_Siemens083/jai_0000142_1626_1414.png,NORM,OVAL,HYPO,NONE
EH5_Siemens012/jai_0000057_1567_202.png,NORM,NONE,NONE,NONE
CDB_Sample012/jai_0000199_237_818.png,NORM,NONE,NONE,NONE
CDB_Sample030/jai_0000014_1641_80.png,MICR,NONE,NONE,NONE
CDB_Sample189/jai_0000333_157_1384.png,NORM,NONE,NONE,HOJO
EH5_Siemens083/jai_0000016_526_1124.png,NORM,OVAL,HYPO,NONE
EH5_Siemens013/jai_0000417_1925_155.png,NORM,NONE,NONE,NONE
CDB_Sample030/jai_0000055_1729_160.png,MICR,NONE,NONE,NONE
CDB_Sample012/jai_0000116_1720_477.png,NORM,NONE,NONE,NONE
EH5_Siemens083/jai_0000101_1381_55.png,NORM,NONE,HYPR,NONE
CDB_Sample030/jai_0000277_1732_1085.png,NORM,NONE,NONE,NONE
EH5_Siemens037/jai_0000570_1682_259.png,NORM,NONE,HYPO,NONE
EH5_Siemens008/jai_0001653_196_162.png,NORM,OVAL,NONE,NONE
CDB_Sample189/jai_0000038_751_204.png,NORM,NONE,NONE,"HOJO, RETI"
EH5_Siemens029/jai_0000225_1386_394.png,NORM,OVAL,NONE,NONE
CDB_Sample189/jai_0000378_1193_1080.png,NORM,NONE,NONE,PABO
CDB_Sample189/jai_0000120_1640_876.png,NORM,NONE,STOM,NONE
EH5_Siemens083/jai_0000356_751_799.png,NORM,ECHI,NONE,NONE
CDB_Sample189/jai_0000121_1490_1208.png,NORM,NONE,NONE,NONE
CDB_Sample156/jai_0000266_721_835.png,NORM,NONE,NONE,NONE
EH5_Siemens012/jai_0001353_1286_1185.png,NORM,HELM,NONE,"BAST, HOJO"
CDB_Sample189/jai_0000119_855_489.png,NORM,NONE,NONE,PABO
CDB_Sample012/jai_0000031_1342_969.png,NORM,NONE,NONE,NONE
CDB_Sample189/jai_0000038_751_204.png,NORM,NONE,NONE,"HOJO, RETI"
EH5_Siemens029/jai_0000310_601_315.png,NORM,NONE,NONE,NONE
EH5_Siemens012/jai_0000059_1748_51.png,NORM,NONE,TARG,NONE
CDB_Sample030/jai_0000102_726_1341.png,NORM,NONE,NONE,NONE
EH5_Siemens037/jai_0000482_1861_89.png,NORM,NONE,NONE,NONE
EH5_Siemens012/jai_0000182_863_457.png,NORM,NONE,NONE,NONE
CDB_Sample030/jai_0000056_520_440.png,NORM,OVAL,NONE,NONE
EH5_Siemens012/jai_0000044_371_1384.png,NORM,OVAL,HYPR,BAST
EH5_Siemens012/jai_0000057_1569_1060.png,NORM,NONE,NONE,NRBC
EH5_Siemens008/jai_0001437_158_1007.png,NORM,NONE,NONE,NONE
EH5_Siemens012/jai_0001353_1286_1185.png,NORM,HELM,NONE,"BAST, HOJO"
CDB_Sample125/jai_0000349_1672_1210.png,NORM,NONE,HYPO,RETI
CDB_Sample012/jai_0000032_563_1235.png,NORM,NONE,NONE,NONE
CDB_Sample030/jai_0000015_341_857.png,NORM,TEAR,NONE,NONE
EH5_Siemens012/jai_0000951_513_920.png,NORM,NONE,NONE,"BAST, HOJO, RETI"
CDB_Sample156/jai_0000270_797_836.png,NORM,ACAN,NONE,NONE
CDB_Sample012/jai_0000114_1846_1350.png,NORM,NONE,NONE,NONE
CDB_Sample030/jai_0000018_1280_914.png,NORM,NONE,NONE,HOJO
EH5_Siemens012/jai_0000264_1476_464.png,NORM,NONE,TARG,NONE
CDB_Sample189/jai_0000251_765_1332.png,NORM,NONE,NONE,RETI
CDB_Sample030/jai_0000014_268_577.png,NORM,NONE,NONE,RETI
EH5_Siemens012/jai_0000182_1498_775.png,MICR,SPHE,NONE,NONE
EH5_Siemens041/jai_0000146_505_974.png,NORM,BITE,NONE,NONE
EH5_Siemens012/jai_0000825_720_955.png,NORM,NONE,NONE,"BAST, RETI"
EH5_Siemens012/jai_0000057_1059_868.png,NORM,NONE,HYPO,NONE
CDB_Sample012/jai_0000198_938_365.png,NORM,NONE,HYPO,NONE
EH5_Siemens083/jai_0001428_500_967.png,NORM,NONE,HYPO,NONE
CDB_Sample189/jai_0000038_751_204.png,NORM,NONE,NONE,"HOJO, RETI"
CDB_Sample189/jai_0000373_627_831.png,NORM,NONE,NONE,PABO
CDB_Sample189/jai_0000114_1787_644.png,NORM,OVAL,HYPO,PABO
EH5_Siemens012/jai_0000905_62_1391.png,NORM,NONE,HYPR,"BAST, RETI"
EH5_Siemens083/jai_0000142_1605_241.png,MACR,NONE,NONE,BAST
EH5_Siemens029/jai_0000695_1370_478.png,MICR,NONE,NONE,NONE
EH5_Siemens037/jai_0000656_1957_720.png,NORM,NONE,TARG,NONE
CDB_Sample156/jai_0000264_1400_428.png,NORM,ECHI,NONE,NONE
CDB_Sample030/jai_0000147_1672_854.png,MICR,NONE,NONE,NONE
CDB_Sample156/jai_0000607_401_345.png,NORM,ACAN,NONE,NONE
CDB_Sample125/jai_0000052_1431_152.png,NORM,NONE,NONE,MALA
EH5_Siemens008/jai_0001141_405_676.png,MICR,SPHE,NONE,NONE
CDB_Sample012/jai_0000063_882_1049.png,NORM,NONE,NONE,RETI
CDB_Sample189/jai_0000374_1105_1357.png,NORM,NONE,NONE,NONE
EH5_Siemens037/jai_0000313_381_239.png,NORM,ECHI,NONE,NONE
CDB_Sample125/jai_0000349_492_1069.png,NORM,NONE,NONE,NONE
EH5_Siemens012/jai_0000303_64_613.png,NORM,NONE,NONE,NRBC
EH5_Siemens003/jai_0000278_915_82.png,NORM,NONE,NONE,NONE
EH5_Siemens083/jai_0001387_367_1220.png,NORM,NONE,HYPO,NONE
EH5_Siemens083/jai_0000185_1043_288.png,NORM,NONE,NONE,"BAST, RETI"
EH5_Siemens008/jai_0001612_1392_697.png,NORM,ECHI,NONE,NONE
EH5_Siemens041/jai_0000188_1681_418.png,NORM,BITE,NONE,NONE
EH5_Siemens012/jai_0000264_1196_1287.png,NORM,NONE,NONE,"BAST, HOJO, RETI"
EH5_Siemens037/jai_0000613_1844_1335.png,NORM,NONE,NONE,NONE
CDB_Sample156/jai_0000392_455_853.png,NORM,NONE,NONE,NONE
CDB_Sample125/jai_0000058_1662_1104.png,NORM,NONE,NONE,NONE
CDB_Sample125/jai_0000265_1969_502.png,NORM,NONE,NONE,MALA
CDB_Sample125/jai_0000267_1296_417.png,NORM,NONE,NONE,NONE
EH5_Siemens045/jai_0000094_1863_746.png,MICR,SCHI,NONE,NONE
EH5_Siemens012/jai_0001300_1807_522.png,NORM,NONE,TARG,NONE
EH5_Siemens012/jai_0000046_1438_394.png,NORM,ACAN,NONE,NONE
EH5_Siemens029/jai_0000653_795_190.png,NORM,NONE,NONE,NONE
EH5_Siemens012/jai_0000346_1559_124.png,NORM,TEAR,NONE,NONE
EH5_Siemens013/jai_0000413_1723_273.png,MICR,NONE,NONE,NONE
EH5_Siemens012/jai_0001261_1830_454.png,MICR,NONE,NONE,BAST
EH5_Siemens012/jai_0000063_1521_650.png,MACR,NONE,HYPO,NONE
EH5_Siemens013/jai_0000413_1128_389.png,NORM,NONE,NONE,NONE
CDB_Sample156/jai_0000395_268_1340.png,NORM,NONE,NONE,NONE
CDB_Sample030/jai_0000277_1459_1333.png,NORM,NONE,NONE,NONE
CDB_Sample189/jai_0000374_760_1038.png,NORM,ELLI,NONE,NONE
EH5_Siemens041/jai_0000188_1681_418.png,NORM,BITE,NONE,NONE
CDB_Sample012/jai_0000147_1631_1138.png,NORM,NONE,NONE,NONE
EH5_Siemens037/jai_0000613_1320_173.png,NORM,NONE,HYPO,NONE
CDB_Sample012/jai_0000105_1441_687.png,NORM,NONE,NONE,NONE
EH5_Siemens029/jai_0000479_394_1014.png,NORM,NONE,NONE,NONE
EH5_Siemens029/jai_0000398_152_182.png,NORM,NONE,NONE,NONE
EH5_Siemens012/jai_0000264_1196_1287.png,NORM,NONE,NONE,"BAST, HOJO, RETI"
EH5_Siemens029/jai_0000653_861_1089.png,NORM,NONE,NONE,NONE
CDB_Sample189/jai_0000251_1862_751.png,NORM,SICK,NONE,NONE
CDB_Sample125/jai_0000054_741_59.png,NORM,NONE,NONE,NONE
EH5_Siemens083/jai_0000267_323_260.png,NORM,TEAR,NONE,NONE
EH5_Siemens012/jai_0001353_1286_1185.png,NORM,HELM,NONE,"BAST, HOJO"
EH5_Siemens012/jai_0000390_1773_1214.png,MICR,NONE,NONE,BAST
CDB_Sample156/jai_0000180_254_1423.png,NORM,ECHI,NONE,NONE
EH5_Siemens012/jai_0001338_486_669.png,NORM,NONE,TARG,NONE
CDB_Sample012/jai_0000150_1816_1454.png,MICR,NONE,NONE,NONE
EH5_Siemens003/jai_0000747_1327_1451.png,NORM,NONE,NONE,NONE
EH5_Siemens012/jai_0000264_1196_1287.png,NORM,NONE,NONE,"BAST, HOJO, RETI"
EH5_Siemens013/jai_0000072_347_1064.png,NORM,NONE,HYPR,NONE
CDB_Sample125/jai_0000352_1352_322.png,NORM,NONE,NONE,NONE
CDB_Sample189/jai_0000289_912_1238.png,NORM,NONE,STOM,NONE
EH5_Siemens012/jai_0001353_1286_1185.png,NORM,HELM,NONE,"BAST, HOJO"
EH5_Siemens013/jai_0000803_1365_1380.png,NORM,NONE,NONE,NONE
CDB_Sample030/jai_0000142_1667_696.png,NORM,NONE,NONE,NONE
CDB_Sample189/jai_0000038_751_204.png,NORM,NONE,NONE,"HOJO, RETI"
CDB_Sample030/jai_0000101_1320_787.png,NORM,OVAL,NONE,NONE
CDB_Sample125/jai_0000053_619_1361.png,NORM,NONE,NONE,BAST
EH5_Siemens013/jai_0001193_377_268.png,MICR,NONE,NONE,NONE
EH5_Siemens012/jai_0000057_1569_1060.png,NORM,NONE,NONE,NRBC
EH5_Siemens012/jai_0001268_1072_216.png,MICR,OVAL,NONE,"HOJO, RETI"
CDB_Sample189/jai_0000168_1623_806.png,NORM,NONE,NONE,HOJO
EH5_Siemens008/jai_0001610_224_597.png,NORM,NONE,TARG,NONE
EH5_Siemens012/jai_0000179_921_876.png,NORM,NONE,NONE,NRBC
CDB_Sample125/jai_0000271_1415_703.png,NORM,NONE,NONE,MALA
EH5_Siemens012/jai_0001568_791_147.png,MICR,NONE,HYPO,HOJO
EH5_Siemens012/jai_0001268_1072_216.png,MICR,OVAL,NONE,"HOJO, RETI"
CDB_Sample030/jai_0000274_1057_553.png,MICR,SPHE,NONE,NONE
EH5_Siemens013/jai_0000327_1218_625.png,NORM,NONE,NONE,NONE
CDB_Sample030/jai_0000055_1944_690.png,MICR,NONE,NONE,NONE
EH5_Siemens012/jai_0000044_496_626.png,NORM,NONE,HYPO,NONE
CDB_Sample030/jai_0000148_516_29.png,NORM,NONE,NONE,NONE
EH5_Siemens083/jai_0000064_1558_1275.png,MICR,SCHI,NONE,NONE
EH5_Siemens029/jai_0000052_385_1282.png,NORM,NONE,NONE,NONE
CDB_Sample156/jai_0000266_606_1095.png,NORM,ECHI,NONE,NONE
EH5_Siemens029/jai_0000692_1505_593.png,NORM,NONE,NONE,BAST
CDB_Sample125/jai_0000054_1227_1339.png,NORM,NONE,NONE,MALA
EH5_Siemens012/jai_0000264_1196_1287.png,NORM,NONE,NONE,"BAST, HOJO, RETI"
EH5_Siemens029/jai_0000440_1508_686.png,MICR,NONE,NONE,NONE
EH5_Siemens008/jai_0001186_244_282.png,NORM,NONE,NONE,NONE
EH5_Siemens012/jai_0001477_876_585.png,NORM,NONE,NONE,BAST
EH5_Siemens012/jai_0001268_1072_216.png,MICR,OVAL,NONE,"HOJO, RETI"
CDB_Sample189/jai_0000038_751_204.png,NORM,NONE,NONE,"HOJO, RETI"
EH5_Siemens045/jai_0000186_1249_692.png,NORM,BITE,NONE,NONE
EH5_Siemens012/jai_0001353_1286_1185.png,NORM,HELM,NONE,"BAST, HOJO"
CDB_Sample189/jai_0000166_494_148.png,NORM,NONE,NONE,HOJO
EH5_Siemens029/jai_0000439_780_1177.png,NORM,NONE,NONE,NONE
EH5_Siemens037/jai_0000313_1399_680.png,NORM,ECHI,NONE,NONE
CDB_Sample189/jai_0000033_823_600.png,NORM,SICK,NONE,NONE
EH5_Siemens012/jai_0000187_1025_815.png,NORM,NONE,NONE,NRBC
CDB_Sample012/jai_0000155_681_233.png,NORM,NONE,NONE,NONE
CDB_Sample189/jai_0000033_40_782.png,NORM,NONE,NONE,NONE
EH5_Siemens012/jai_0000318_436_1286.png,NORM,NONE,STOM,NONE
CDB_Sample012/jai_0000116_372_773.png,MICR,NONE,NONE,NONE
CDB_Sample012/jai_0000117_1114_399.png,NORM,NONE,NONE,NONE
EH5_Siemens012/jai_0000136_441_516.png,NORM,NONE,TARG,NONE
CDB_Sample189/jai_0000334_761_34.png,NORM,TEAR,NONE,NONE
CDB_Sample189/jai_0000161_1556_854.png,NORM,NONE,NONE,PABO
CDB_Sample030/jai_0000020_1967_986.png,NORM,NONE,NONE,BAST
CDB_Sample012/jai_0000065_1886_324.png,MICR,NONE,NONE,NONE
EH5_Siemens029/jai_0000440_366_177.png,NORM,NONE,HYPR,NONE
EH5_Siemens029/jai_0000525_773_1230.png,NORM,NONE,NONE,NONE
CDB_Sample030/jai_0000235_1499_883.png,NORM,TEAR,NONE,NONE
CDB_Sample189/jai_0000248_1301_74.png,NORM,SICK,NONE,NONE
EH5_Siemens012/jai_0000264_1196_1287.png,NORM,NONE,NONE,"BAST, HOJO, RETI"
EH5_Siemens037/jai_0000356_1641_298.png,NORM,NONE,NONE,NONE
CDB_Sample125/jai_0000014_1065_1076.png,NORM,NONE,NONE,NONE
EH5_Siemens012/jai_0000182_1498_775.png,MICR,SPHE,NONE,NONE
EH5_Siemens041/jai_0000146_505_974.png,NORM,BITE,NONE,NONE
EH5_Siemens012/jai_0000147_1682_374.png,NORM,NONE,NONE,NRBC
CDB_Sample189/jai_0000246_1501_492.png,NORM,NONE,NONE,PABO
CDB_Sample030/jai_0000185_1581_819.png,NORM,NONE,NONE,NONE
EH5_Siemens012/jai_0000836_207_898.png,NORM,NONE,NONE,NRBC
EH5_Siemens012/jai_0000264_1196_1287.png,NORM,NONE,NONE,"BAST, HOJO, RETI"
CDB_Sample012/jai_0000028_68_491.png,NORM,NONE,HYPR,NONE
CDB_Sample189/jai_0000333_292_793.png,NORM,NONE,NONE,NONE
EH5_Siemens013/jai_0001155_1799_564.png,NORM,NONE,NONE,RETI
EH5_Siemens008/jai_0000139_150_302.png,NORM,ECHI,NONE,NONE
EH5_Siemens012/jai_0000951_513_920.png,NORM,NONE,NONE,"BAST, HOJO, RETI"
CDB_Sample012/jai_0000116_320_493.png,MACR,NONE,NONE,NONE
CDB_Sample189/jai_0000168_1475_506.png,NORM,ECHI,NONE,NONE
EH5_Siemens012/jai_0000044_69_126.png,NORM,NONE,NONE,NRBC
EH5_Siemens012/jai_0001084_1194_971.png,NORM,NONE,HYPO,NONE
CDB_Sample012/jai_0000117_777_225.png,NORM,NONE,HYPO,NONE
CDB_Sample189/jai_0000114_1423_747.png,NORM,NONE,NONE,HOJO
EH5_Siemens012/jai_0000044_371_1384.png,NORM,OVAL,HYPR,BAST
EH5_Siemens008/jai_0001610_92_564.png,NORM,BITE,NONE,NONE
CDB_Sample189/jai_0000373_1461_1393.png,MACR,NONE,NONE,NONE
CDB_Sample125/jai_0000355_1251_1218.png,NORM,ECHI,NONE,NONE
EH5_Siemens037/jai_0000611_1528_77.png,NORM,ECHI,NONE,NONE
EH5_Siemens008/jai_0001186_957_555.png,NORM,NONE,NONE,NONE
CDB_Sample156/jai_0000269_1936_551.png,NORM,ECHI,NONE,NONE
EH5_Siemens003/jai_0000006_949_450.png,MICR,SPHE,NONE,NONE
CDB_Sample189/jai_0000038_751_204.png,NORM,NONE,NONE,"HOJO, RETI"
CDB_Sample125/jai_0000271_1008_583.png,NORM,NONE,NONE,MALA
CDB_Sample030/jai_0000057_1053_1017.png,MICR,NONE,NONE,NONE
CDB_Sample189/jai_0000121_22_625.png,NORM,SICK,NONE,RETI
EH5_Siemens012/jai_0000836_207_898.png,NORM,NONE,NONE,NRBC
EH5_Siemens013/jai_0000371_1222_1385.png,MICR,NONE,NONE,NONE
EH5_Siemens008/jai_0000150_699_960.png,NORM,ECHI,NONE,NONE
CDB_Sample030/jai_0000148_635_413.png,NORM,OVAL,NONE,NONE
CDB_Sample012/jai_0000064_1564_917.png,MACR,NONE,NONE,NONE
EH5_Siemens029/jai_0000822_1806_457.png,NORM,NONE,NONE,RETI
EH5_Siemens029/jai_0000692_1505_593.png,NORM,NONE,NONE,BAST
CDB_Sample189/jai_0000038_751_204.png,NORM,NONE,NONE,"HOJO, RETI"
CDB_Sample030/jai_0000057_1320_725.png,NORM,ELLI,HYPO,NONE
CDB_Sample012/jai_0000026_655_1268.png,NORM,NONE,NONE,NONE
CDB_Sample012/jai_0000195_1502_193.png,NORM,NONE,NONE,NONE
EH5_Siemens008/jai_0000583_239_809.png,NORM,NONE,NONE,NONE
EH5_Siemens012/jai_0001268_1072_216.png,MICR,OVAL,NONE,"HOJO, RETI"
EH5_Siemens037/jai_0000395_1542_545.png,MACR,NONE,NONE,NONE
EH5_Siemens012/jai_0000147_546_240.png,NORM,NONE,HYPR,NONE
EH5_Siemens012/jai_0001268_1072_216.png,MICR,OVAL,NONE,"HOJO, RETI"
CDB_Sample030/jai_0000019_1364_333.png,NORM,NONE,NONE,NONE
EH5_Siemens039/jai_0000188_770_115.png,NORM,HELM,NONE,NONE
CDB_Sample030/jai_0000232_454_441.png,NORM,OVAL,HYPO,NONE
CDB_Sample125/jai_0000055_162_1302.png,MACR,NONE,HYPO,NONE
CDB_Sample189/jai_0000378_1123_875.png,NORM,SICK,NONE,NONE
EH5_Siemens012/jai_0000303_430_1268.png,NORM,NONE,TARG,NONE
CDB_Sample156/jai_0000652_927_684.png,NORM,NONE,NONE,NONE
EH5_Siemens037/jai_0000395_179_884.png,NORM,NONE,TARG,NONE
EH5_Siemens029/jai_0000440_644_1161.png,NORM,OVAL,NONE,NONE
CDB_Sample156/jai_0000095_1870_561.png,NORM,NONE,NONE,NONE
CDB_Sample189/jai_0000119_400_1066.png,NORM,NONE,NONE,HOJO
EH5_Siemens041/jai_0000358_716_1142.png,NORM,HELM,NONE,NONE
EH5_Siemens012/jai_0001437_654_1314.png,NORM,OVAL,NONE,"BAST, HOJO"
EH5_Siemens012/jai_0000182_316_707.png,NORM,NONE,NONE,NONE
CDB_Sample030/jai_0000018_1137_1049.png,NORM,ELLI,NONE,NONE
CDB_Sample156/jai_0000181_1082_1316.png,NORM,ECHI,NONE,NONE
EH5_Siemens012/jai_0000019_1104_1231.png,NORM,NONE,NONE,NONE
CDB_Sample012/jai_0000150_444_1291.png,MICR,NONE,NONE,NONE
EH5_Siemens083/jai_0001430_1834_844.png,NORM,NONE,HYPR,NONE
CDB_Sample189/jai_0000117_497_104.png,NORM,NONE,NONE,PABO
CDB_Sample125/jai_0000355_1872_181.png,NORM,NONE,NONE,NONE
EH5_Siemens003/jai_0000976_268_990.png,NORM,NONE,HYPR,NONE
CDB_Sample030/jai_0000141_1917_997.png,NORM,OVAL,NONE,NONE
CDB_Sample189/jai_0000034_819_226.png,NORM,NONE,NONE,PABO
CDB_Sample156/jai_0000349_1064_366.png,NORM,NONE,NONE,NONE
EH5_Siemens003/jai_0001394_200_197.png,NORM,NONE,TARG,NONE
EH5_Siemens003/jai_0000064_1801_886.png,NORM,NONE,HYPR,NONE
EH5_Siemens008/jai_0000022_637_1060.png,NORM,NONE,NONE,NONE
EH5_Siemens012/jai_0000487_533_1323.png,MICR,NONE,NONE,"BAST, RETI"
CDB_Sample189/jai_0000120_1642_89.png,NORM,NONE,STOM,NONE
EH5_Siemens012/jai_0000019_994_1177.png,NORM,NONE,TARG,NONE
EH5_Siemens008/jai_0000578_1265_173.png,NORM,BITE,NONE,NONE
EH5_Siemens012/jai_0001353_1286_1185.png,NORM,HELM,NONE,"BAST, HOJO"
EH5_Siemens013/jai_0000327_1752_451.png,NORM,TEAR,NONE,NONE
CDB_Sample189/jai_0000247_788_269.png,NORM,NONE,NONE,PABO
CDB_Sample156/jai_0000138_1410_910.png,NORM,ECHI,NONE,NONE
EH5_Siemens029/jai_0000695_992_464.png,NORM,NONE,NONE,NONE
CDB_Sample125/jai_0000054_1227_1339.png,NORM,NONE,NONE,MALA
EH5_Siemens012/jai_0000057_1427_1132.png,NORM,NONE,NONE,NRBC
CDB_Sample030/jai_0000277_1367_1396.png,NORM,NONE,NONE,NONE
EH5_Siemens003/jai_0000980_1303_52.png,NORM,NONE,NONE,NONE
EH5_Siemens083/jai_0000014_1859_728.png,NORM,ECHI,NONE,NONE
CDB_Sample189/jai_0000038_751_204.png,NORM,NONE,NONE,"HOJO, RETI"
EH5_Siemens013/jai_0000798_1297_295.png,NORM,OVAL,NONE,NONE
EH5_Siemens083/jai_0000016_774_1027.png,MACR,NONE,NONE,RETI
EH5_Siemens037/jai_0000092_1765_903.png,NORM,ECHI,NONE,NONE
CDB_Sample189/jai_0000119_1844_431.png,NORM,NONE,NONE,NONE
EH5_Siemens012/jai_0000130_1819_748.png,NORM,NONE,NONE,"BAST, RETI"
EH5_Siemens012/jai_0000063_305_42.png,NORM,OVAL,HYPO,NONE
EH5_Siemens012/jai_0001300_470_343.png,MICR,NONE,NONE,NONE
EH5_Siemens012/jai_0001437_654_1314.png,NORM,OVAL,NONE,"BAST, HOJO"
EH5_Siemens013/jai_0000414_70_677.png,NORM,TEAR,NONE,NONE
EH5_Siemens045/jai_0000095_866_905.png,NORM,HELM,NONE,NONE
EH5_Siemens012/jai_0000019_1844_1355.png,NORM,NONE,STOM,NONE
CDB_Sample030/jai_0000011_775_916.png,NORM,ELLI,NONE,NONE
EH5_Siemens029/jai_0000225_987_647.png,NORM,NONE,HYPR,NONE
EH5_Siemens012/jai_0000264_1196_1287.png,NORM,NONE,NONE,"BAST, HOJO, RETI"
CDB_Sample125/jai_0000059_515_613.png,NORM,NONE,NONE,MALA
CDB_Sample156/jai_0000097_1692_1283.png,NORM,ACAN,NONE,NONE
EH5_Siemens037/jai_0000657_1362_855.png,NORM,NONE,HYPO,NONE
CDB_Sample189/jai_0000163_338_604.png,NORM,HELM,NONE,NONE
CDB_Sample189/jai_0000034_947_586.png,MACR,NONE,NONE,HOJO
EH5_Siemens083/jai_0001430_1053_314.png,NORM,OVAL,NONE,NONE
EH5_Siemens083/jai_0000401_1396_163.png,NORM,NONE,NONE,NONE
EH5_Siemens013/jai_0000371_670_289.png,NORM,NONE,HYPR,NONE
EH5_Siemens029/jai_0000695_319_974.png,NORM,NONE,NONE,NONE
EH5_Siemens083/jai_0001428_1551_378.png,MICR,NONE,NONE,NONE
EH5_Siemens012/jai_0001353_1286_1185.png,NORM,HELM,NONE,"BAST, HOJO"
EH5_Siemens013/jai_0000588_202_623.png,NORM,TEAR,NONE,NONE
EH5_Siemens012/jai_0000951_513_920.png,NORM,NONE,NONE,"BAST, HOJO, RETI"
CDB_Sample125/jai_0000274_594_766.png,NORM,NONE,NONE,MALA
EH5_Siemens012/jai_0000951_513_920.png,NORM,NONE,NONE,"BAST, HOJO, RETI"
CDB_Sample030/jai_0000103_566_644.png,MICR,NONE,NONE,NONE
CDB_Sample012/jai_0000151_1703_948.png,MICR,NONE,NONE,NONE
EH5_Siemens083/jai_0001472_543_113.png,MACR,NONE,NONE,BAST
EH5_Siemens003/jai_0000278_750_257.png,NORM,NONE,NONE,NONE
EH5_Siemens083/jai_0000182_572_516.png,MICR,NONE,NONE,NONE
CDB_Sample189/jai_0000038_751_204.png,NORM,NONE,NONE,"HOJO, RETI"
CDB_Sample030/jai_0000140_913_1218.png,NORM,OVAL,NONE,NONE
EH5_Siemens029/jai_0000828_1488_1294.png,MICR,NONE,NONE,NONE
EH5_Siemens029/jai_0000133_317_1200.png,NORM,OVAL,NONE,NONE
CDB_Sample189/jai_0000165_710_1330.png,MICR,NONE,NONE,PABO
EH5_Siemens037/jai_0000481_1351_427.png,NORM,ACAN,NONE,NONE
EH5_Siemens037/jai_0000613_1112_1241.png,NORM,ECHI,NONE,NONE
EH5_Siemens029/jai_0000654_587_132.png,NORM,NONE,NONE,NONE
EH5_Siemens012/jai_0001353_1286_1185.png,NORM,HELM,NONE,"BAST, HOJO"
CDB_Sample189/jai_0000168_618_660.png,NORM,NONE,NONE,NONE
EH5_Siemens029/jai_0000439_1163_977.png,MICR,SPHE,NONE,NONE
CDB_Sample189/jai_0000245_290_415.png,NORM,SICK,NONE,NONE
CDB_Sample012/jai_0000109_925_300.png,NORM,NONE,NONE,HOJO
EH5_Siemens045/jai_0000009_211_1339.png,MICR,SCHI,NONE,NONE
CDB_Sample189/jai_0000378_1123_875.png,NORM,SICK,NONE,NONE
CDB_Sample030/jai_0000102_1702_823.png,NORM,OVAL,NONE,NONE
CDB_Sample156/jai_0000095_617_740.png,NORM,ACAN,NONE,NONE
EH5_Siemens008/jai_0001437_1110_227.png,NORM,BITE,NONE,NONE
CDB_Sample030/jai_0000103_1145_294.png,NORM,OVAL,HYPO,NONE
EH5_Siemens012/jai_0000264_1196_1287.png,NORM,NONE,NONE,"BAST, HOJO, RETI"
EH5_Siemens013/jai_0000072_318_159.png,MICR,SPHE,NONE,NONE
EH5_Siemens012/jai_0000264_507_622.png,NORM,NONE,NONE,"BAST, RETI"
CDB_Sample030/jai_0000020_1967_986.png,NORM,NONE,NONE,BAST
EH5_Siemens008/jai_0000622_1027_655.png,NORM,NONE,NONE,NONE
EH5_Siemens013/jai_0000333_490_1106.png,NORM,NONE,NONE,NONE
EH5_Siemens029/jai_0000052_1155_657.png,NORM,NONE,NONE,NONE
EH5_Siemens008/jai_0000277_192_154.png,NORM,NONE,HYPR,NONE
CDB_Sample012/jai_0000064_1785_630.png,NORM,NONE,NONE,NONE
CDB_Sample156/jai_0000350_1523_82.png,NORM,ECHI,NONE,NONE
CDB_Sample030/jai_0000148_1236_588.png,NORM,NONE,HYPO,NONE
EH5_Siemens013/jai_0000119_523_1077.png,NORM,NONE,NONE,NONE
EH5_Siemens008/jai_0001145_992_580.png,NORM,NONE,NONE,NONE
CDB_Sample012/jai_0000066_74_797.png,NORM,NONE,STOM,NONE
EH5_Siemens008/jai_0000024_1593_718.png,NORM,ECHI,NONE,NONE
CDB_Sample030/jai_0000016_1711_296.png,NORM,NONE,NONE,NONE
CDB_Sample189/jai_0000247_608_771.png,NORM,NONE,NONE,HOJO
EH5_Siemens037/jai_0000526_1879_213.png,NORM,OVAL,NONE,NONE
CDB_Sample189/jai_0000372_1154_1370.png,NORM,SICK,NONE,NONE
EH5_Siemens012/jai_0000139_490_1333.png,NORM,NONE,NONE,"BAST, RETI"
EH5_Siemens014/jai_0000068_1415_394.png,NORM,HELM,NONE,NONE
EH5_Siemens037/jai_0000395_1197_1197.png,NORM,ECHI,NONE,NONE
EH5_Siemens083/jai_0000185_364_110.png,NORM,NONE,HYPR,NONE
CDB_Sample189/jai_0000121_22_625.png,NORM,SICK,NONE,RETI
EH5_Siemens012/jai_0000057_115_1276.png,NORM,NONE,TARG,NONE
EH5_Siemens012/jai_0000044_1475_499.png,NORM,HELM,NONE,NONE
EH5_Siemens037/jai_0000400_381_291.png,NORM,OVAL,NONE,NONE
CDB_Sample156/jai_0000181_131_1150.png,NORM,NONE,NONE,HOJO
EH5_Siemens003/jai_0000876_1104_826.png,NORM,NONE,NONE,NONE
CDB_Sample012/jai_0000029_421_1262.png,NORM,NONE,NONE,NONE
EH5_Siemens037/jai_0000611_1175_373.png,NORM,NONE,NONE,NONE
CDB_Sample156/jai_0000306_985_961.png,NORM,ECHI,NONE,NONE
EH5_Siemens012/jai_0000057_1427_1132.png,NORM,NONE,NONE,NRBC
EH5_Siemens003/jai_0000747_973_586.png,NORM,NONE,NONE,NONE
CDB_Sample030/jai_0000013_1621_304.png,NORM,NONE,NONE,NONE
CDB_Sample125/jai_0000010_285_1250.png,NORM,NONE,NONE,MALA
EH5_Siemens012/jai_0001609_708_413.png,NORM,ELLI,HYPO,NONE
EH5_Siemens012/jai_0000174_221_182.png,MICR,NONE,NONE,"BAST, RETI"
EH5_Siemens012/jai_0000264_1196_1287.png,NORM,NONE,NONE,"BAST, HOJO, RETI"
CDB_Sample156/jai_0000308_1159_1283.png,NORM,NONE,NONE,NONE
EH5_Siemens013/jai_0000071_1688_616.png,NORM,OVAL,NONE,NONE
EH5_Siemens029/jai_0000695_1385_666.png,NORM,NONE,NONE,NONE
CDB_Sample125/jai_0000315_524_696.png,NORM,NONE,NONE,NONE
EH5_Siemens012/jai_0001173_1495_196.png,MICR,NONE,NONE,BAST
CDB_Sample189/jai_0000035_1175_773.png,NORM,NONE,NONE,PABO
EH5_Siemens037/jai_0000356_530_332.png,MACR,NONE,NONE,NONE
EH5_Siemens012/jai_0000063_501_931.png,NORM,NONE,HYPR,NONE
CDB_Sample012/jai_0000031_86_852.png,NORM,NONE,STOM,NONE
CDB_Sample125/jai_0000181_1874_517.png,NORM,NONE,NONE,NONE
CDB_Sample012/jai_0000197_926_629.png,NORM,NONE,STOM,NONE
CDB_Sample030/jai_0000146_1898_832.png,MICR,ELLI,HYPO,NONE
EH5_Siemens013/jai_0001193_718_248.png,NORM,TEAR,NONE,NONE
CDB_Sample156/jai_0000269_461_821.png,NORM,ECHI,NONE,NONE
CDB_Sample189/jai_0000034_527_1150.png,NORM,SICK,NONE,NONE
CDB_Sample189/jai_0000373_102_421.png,NORM,NONE,STOM,NONE
EH5_Siemens045/jai_0000186_1074_54.png,MICR,SCHI,NONE,NONE
EH5_Siemens012/jai_0000019_1159_1292.png,NORM,NONE,NONE,NONE
CDB_Sample030/jai_0000142_1393_1211.png,NORM,TEAR,NONE,NONE
EH5_Siemens012/jai_0000347_1486_1215.png,MICR,NONE,NONE,"BAST, RETI"
EH5_Siemens029/jai_0000479_1874_1095.png,NORM,NONE,NONE,NONE
EH5_Siemens012/jai_0000043_1189_192.png,MICR,SPHE,NONE,NONE
EH5_Siemens013/jai_0000333_106_878.png,NORM,NONE,NONE,NONE
EH5_Siemens012/jai_0001353_1286_1185.png,NORM,HELM,NONE,"BAST, HOJO"
EH5_Siemens029/jai_0000822_1010_1049.png,NORM,NONE,NONE,NONE
CDB_Sample125/jai_0000356_290_85.png,NORM,NONE,NONE,MALA
EH5_Siemens037/jai_0000482_1199_171.png,NORM,ECHI,NONE,NONE
EH5_Siemens045/jai_0000184_886_627.png,MICR,SCHI,NONE,NONE
EH5_Siemens012/jai_0001353_1286_1185.png,NORM,HELM,NONE,"BAST, HOJO"
EH5_Siemens029/jai_0000439_1380_420.png,MICR,NONE,NONE,NONE
EH5_Siemens008/jai_0001346_572_522.png,NORM,NONE,NONE,NONE
CDB_Sample012/jai_0000110_1792_951.png,NORM,NONE,NONE,NONE
CDB_Sample156/jai_0000309_935_73.png,NORM,ECHI,NONE,NONE
EH5_Siemens012/jai_0001268_294_1421.png,MICR,NONE,NONE,BAST
CDB_Sample189/jai_0000249_344_76.png,NORM,NONE,NONE,PABO
CDB_Sample012/jai_0000113_1624_929.png,NORM,NONE,NONE,NONE
EH5_Siemens037/jai_0000356_132_411.png,NORM,NONE,NONE,NONE
EH5_Siemens029/jai_0000871_92_37.png,NORM,ECHI,NONE,NONE
EH5_Siemens012/jai_0000951_513_920.png,NORM,NONE,NONE,"BAST, HOJO, RETI"
EH5_Siemens003/jai_0000980_1314_117.png,NORM,NONE,NONE,NONE
EH5_Siemens083/jai_0000180_174_980.png,MICR,NONE,NONE,NONE
EH5_Siemens013/jai_0000333_1753_891.png,NORM,TEAR,NONE,NONE
EH5_Siemens083/jai_0000180_1777_569.png,NORM,NONE,HYPO,"BAST, RETI"
CDB_Sample156/jai_0000178_1638_1106.png,NORM,NONE,HYPO,NONE
EH5_Siemens013/jai_0000119_1642_502.png,NORM,NONE,NONE,RETI
CDB_Sample012/jai_0000069_430_672.png,NORM,NONE,NONE,NONE
CDB_Sample189/jai_0000121_1769_584.png,MACR,NONE,NONE,NONE
EH5_Siemens012/jai_0000182_530_1077.png,NORM,NONE,NONE,NRBC
EH5_Siemens037/jai_0000009_548_1276.png,NORM,ECHI,NONE,NONE
CDB_Sample189/jai_0000121_22_625.png,NORM,SICK,NONE,RETI
CDB_Sample156/jai_0000264_434_1105.png,NORM,ECHI,NONE,NONE
CDB_Sample125/jai_0000317_1651_1193.png,NORM,ECHI,NONE,MALA
EH5_Siemens037/jai_0000142_1113_538.png,NORM,NONE,HYPR,NONE
CDB_Sample012/jai_0000196_171_1426.png,NORM,NONE,NONE,NONE
CDB_Sample156/jai_0000270_889_453.png,NORM,NONE,NONE,NONE
CDB_Sample189/jai_0000119_855_489.png,NORM,NONE,NONE,PABO
EH5_Siemens013/jai_0000074_1121_1117.png,NORM,NONE,NONE,NONE
EH5_Siemens012/jai_0000179_921_876.png,NORM,NONE,NONE,NRBC
EH5_Siemens012/jai_0000019_185_889.png,NORM,NONE,NONE,NONE
EH5_Siemens083/jai_0000356_450_1373.png,MACR,NONE,STOM,NONE
EH5_Siemens012/jai_0001525_1498_1380.png,NORM,NONE,NONE,"BAST, RETI"
CDB_Sample030/jai_0000139_38_669.png,NORM,NONE,NONE,RETI
EH5_Siemens083/jai_0000179_75_1284.png,NORM,NONE,HYPO,NONE
CDB_Sample030/jai_0000274_161_1219.png,NORM,ELLI,NONE,NONE
CDB_Sample125/jai_0000225_408_1140.png,MICR,NONE,NONE,NONE
CDB_Sample125/jai_0000054_1227_1339.png,NORM,NONE,NONE,MALA
EH5_Siemens029/jai_0000184_735_1258.png,NORM,NONE,HYPR,NONE
EH5_Siemens012/jai_0000836_982_410.png,MICR,NONE,NONE,"BAST, RETI"
EH5_Siemens013/jai_0001067_1642_1066.png,NORM,NONE,NONE,RETI
EH5_Siemens012/jai_0000059_1789_295.png,NORM,NONE,NONE,NRBC
EH5_Siemens012/jai_0000043_1910_544.png,NORM,NONE,TARG,NONE
EH5_Siemens029/jai_0000479_1410_413.png,NORM,OVAL,NONE,NONE
EH5_Siemens008/jai_0000150_170_410.png,NORM,NONE,NONE,NONE
CDB_Sample156/jai_0000605_560_77.png,NORM,NONE,NONE,NONE
EH5_Siemens083/jai_0000060_1003_1151.png,NORM,OVAL,HYPO,NONE
EH5_Siemens029/jai_0000310_1483_1108.png,NORM,NONE,NONE,NONE
EH5_Siemens041/jai_0001263_739_1063.png,NORM,HELM,NONE,NONE
CDB_Sample156/jai_0000564_858_1329.png,NORM,ECHI,NONE,NONE
CDB_Sample012/jai_0000114_693_792.png,NORM,NONE,HYPO,NONE
EH5_Siemens045/jai_0000184_886_627.png,MICR,SCHI,NONE,NONE
EH5_Siemens012/jai_0000951_513_920.png,NORM,NONE,NONE,"BAST, HOJO, RETI"
CDB_Sample189/jai_0000081_814_1276.png,NORM,NONE,NONE,NONE
CDB_Sample189/jai_0000374_1691_483.png,MICR,SPHE,NONE,NONE
CDB_Sample189/jai_0000337_798_781.png,NORM,NONE,HYPO,NONE
CDB_Sample189/jai_0000123_1918_253.png,NORM,NONE,NONE,PABO
EH5_Siemens013/jai_0000413_1395_250.png,NORM,TEAR,NONE,NONE
EH5_Siemens012/jai_0000187_1943_1429.png,NORM,OVAL,NONE,BAST
CDB_Sample030/jai_0000102_1347_301.png,NORM,OVAL,NONE,NONE
CDB_Sample189/jai_0000335_38_457.png,NORM,NONE,NONE,NONE
CDB_Sample030/jai_0000229_451_494.png,NORM,OVAL,HYPO,NONE
CDB_Sample125/jai_0000097_1270_298.png,NORM,NONE,NONE,NONE
CDB_Sample125/jai_0000183_727_899.png,NORM,NONE,NONE,MALA
EH5_Siemens045/jai_0000008_1648_1273.png,MICR,SCHI,NONE,NONE
EH5_Siemens083/jai_0000142_376_370.png,NORM,TEAR,NONE,NONE
CDB_Sample125/jai_0000274_1163_452.png,NORM,ECHI,NONE,NONE
EH5_Siemens037/jai_0000400_1594_1370.png,NORM,ACAN,NONE,NONE
EH5_Siemens083/jai_0000060_1522_762.png,NORM,NONE,HYPO,NONE
EH5_Siemens083/jai_0000060_1669_121.png,NORM,NONE,NONE,NONE
EH5_Siemens012/jai_0000044_69_126.png,NORM,NONE,NONE,NRBC
CDB_Sample156/jai_0000392_1480_1370.png,NORM,NONE,NONE,MALA
CDB_Sample189/jai_0000373_543_513.png,NORM,NONE,NONE,PABO
EH5_Siemens037/jai_0000613_505_537.png,NORM,NONE,NONE,NONE
EH5_Siemens012/jai_0000139_1226_171.png,NORM,ACAN,NONE,NONE
CDB_Sample125/jai_0000316_856_200.png,NORM,ECHI,NONE,NONE
EH5_Siemens012/jai_0000358_454_691.png,NORM,NONE,NONE,BAST
CDB_Sample030/jai_0000275_679_45.png,NORM,NONE,NONE,NONE
CDB_Sample156/jai_0000270_723_792.png,NORM,HELM,NONE,NONE
EH5_Siemens012/jai_0000951_513_920.png,NORM,NONE,NONE,"BAST, HOJO, RETI"
CDB_Sample189/jai_0000163_338_604.png,NORM,HELM,NONE,NONE
EH5_Siemens012/jai_0001268_1072_216.png,MICR,OVAL,NONE,"HOJO, RETI"
CDB_Sample189/jai_0000038_751_204.png,NORM,NONE,NONE,"HOJO, RETI"
EH5_Siemens012/jai_0000182_1498_775.png,MICR,SPHE,NONE,NONE
EH5_Siemens012/jai_0000059_1789_295.png,NORM,NONE,NONE,NRBC
EH5_Siemens003/jai_0000980_1096_756.png,MICR,NONE,NONE,NONE
CDB_Sample156/jai_0000137_1480_119.png,NORM,ECHI,NONE,NONE
CDB_Sample189/jai_0000337_1873_779.png,NORM,NONE,NONE,PABO
EH5_Siemens008/jai_0001437_841_350.png,NORM,BITE,NONE,NONE
EH5_Siemens012/jai_0001353_1286_1185.png,NORM,HELM,NONE,"BAST, HOJO"
EH5_Siemens012/jai_0000264_1196_1287.png,NORM,NONE,NONE,"BAST, HOJO, RETI"
CDB_Sample156/jai_0000179_882_838.png,NORM,ACAN,NONE,NONE
EH5_Siemens008/jai_0001178_1490_587.png,NORM,NONE,NONE,NONE
CDB_Sample012/jai_0000112_696_369.png,NORM,NONE,NONE,NONE
EH5_Siemens008/jai_0001145_411_387.png,NORM,NONE,NONE,NONE
CDB_Sample030/jai_0000146_1802_640.png,NORM,NONE,NONE,RETI
EH5_Siemens012/jai_0000836_207_898.png,NORM,NONE,NONE,NRBC
EH5_Siemens013/jai_0000798_1054_1438.png,MICR,SPHE,NONE,NONE
EH5_Siemens013/jai_0000072_318_159.png,MICR,SPHE,NONE,NONE
EH5_Siemens012/jai_0001353_1286_1185.png,NORM,HELM,NONE,"BAST, HOJO"
EH5_Siemens029/jai_0000569_301_216.png,NORM,NONE,NONE,NONE
CDB_Sample156/jai_0000522_1945_1416.png,NORM,ACAN,NONE,NONE
EH5_Siemens008/jai_0000241_244_803.png,NORM,NONE,NONE,NONE
CDB_Sample189/jai_0000038_751_204.png,NORM,NONE,NONE,"HOJO, RETI"
EH5_Siemens012/jai_0000043_1432_839.png,NORM,NONE,NONE,NRBC
EH5_Siemens083/jai_0000060_1581_981.png,MACR,NONE,NONE,NONE
CDB_Sample156/jai_0000095_617_740.png,NORM,ACAN,NONE,NONE
EH5_Siemens012/jai_0000019_343_783.png,MACR,NONE,HYPO,HOJO
CDB_Sample012/jai_0000116_72_394.png,NORM,NONE,NONE,BAST
EH5_Siemens008/jai_0001437_1110_227.png,NORM,BITE,NONE,NONE
EH5_Siemens083/jai_0001387_805_452.png,NORM,ECHI,NONE,NONE
EH5_Siemens008/jai_0001392_1499_519.png,MICR,SPHE,NONE,NONE
CDB_Sample156/jai_0000610_848_349.png,NORM,NONE,NONE,MALA
EH5_Siemens083/jai_0000185_827_1337.png,MICR,NONE,NONE,NONE
CDB_Sample189/jai_0000034_819_226.png,NORM,NONE,NONE,PABO
EH5_Siemens029/jai_0000353_625_974.png,MICR,NONE,NONE,NONE
CDB_Sample189/jai_0000377_971_811.png,NORM,NONE,NONE,NONE
EH5_Siemens012/jai_0000043_1432_839.png,NORM,NONE,NONE,NRBC
EH5_Siemens012/jai_0001353_1286_1185.png,NORM,HELM,NONE,"BAST, HOJO"
EH5_Siemens003/jai_0000278_698_140.png,NORM,NONE,NONE,NONE
EH5_Siemens012/jai_0000043_1189_192.png,MICR,SPHE,NONE,NONE
CDB_Sample189/jai_0000118_447_609.png,NORM,NONE,NONE,NONE
EH5_Siemens029/jai_0000052_803_1013.png,NORM,NONE,NONE,NONE
EH5_Siemens029/jai_0000822_1190_647.png,NORM,NONE,HYPO,NONE
EH5_Siemens013/jai_0001193_1704_684.png,NORM,ELLI,NONE,NONE
EH5_Siemens029/jai_0000479_1346_762.png,MICR,NONE,NONE,NONE
EH5_Siemens012/jai_0000192_1068_1245.png,MICR,NONE,NONE,"BAST, RETI"
EH5_Siemens012/jai_0001353_1286_1185.png,NORM,HELM,NONE,"BAST, HOJO"
CDB_Sample012/jai_0000031_890_387.png,MACR,NONE,NONE,NONE
EH5_Siemens037/jai_0000441_1585_617.png,MACR,NONE,NONE,NONE
EH5_Siemens013/jai_0001060_1923_674.png,NORM,TEAR,NONE,NONE
CDB_Sample012/jai_0000109_1022_821.png,NORM,NONE,NONE,NONE
EH5_Siemens012/jai_0000951_513_920.png,NORM,NONE,NONE,"BAST, HOJO, RETI"
EH5_Siemens012/jai_0000044_371_1384.png,NORM,OVAL,HYPR,BAST
EH5_Siemens013/jai_0000414_1134_829.png,NORM,NONE,NONE,NONE
EH5_Siemens012/jai_0001437_654_1314.png,NORM,OVAL,NONE,"BAST, HOJO"
EH5_Siemens083/jai_0000180_1664_119.png,MICR,NONE,NONE,NONE
EH5_Siemens008/jai_0000622_1174_836.png,MICR,NONE,NONE,NONE
EH5_Siemens003/jai_0000876_1295_1233.png,NORM,NONE,NONE,NONE
CDB_Sample012/jai_0000199_1639_279.png,NORM,NONE,NONE,NONE
EH5_Siemens008/jai_0000578_1349_860.png,NORM,NONE,NONE,NONE
CDB_Sample189/jai_0000249_344_76.png,NORM,NONE,NONE,PABO
EH5_Siemens029/jai_0000048_497_934.png,NORM,NONE,NONE,NONE
CDB_Sample012/jai_0000027_1250_372.png,NORM,NONE,NONE,NONE
EH5_Siemens037/jai_0000570_1475_1438.png,MICR,NONE,NONE,NONE
EH5_Siemens008/jai_0000150_45_831.png,NORM,NONE,NONE,NONE
EH5_Siemens012/jai_0000147_1776_1101.png,MICR,NONE,NONE,"BAST, RETI"
CDB_Sample189/jai_0000121_1610_560.png,NORM,NONE,NONE,PABO
EH5_Siemens008/jai_0000241_411_1430.png,MICR,NONE,NONE,NONE
EH5_Siemens012/jai_0000264_1196_1287.png,NORM,NONE,NONE,"BAST, HOJO, RETI"
EH5_Siemens083/jai_0000015_801_862.png,NORM,NONE,NONE,NONE
CDB_Sample189/jai_0000160_632_544.png,NORM,NONE,STOM,NONE
CDB_Sample156/jai_0000568_1541_743.png,NORM,ECHI,NONE,NONE
EH5_Siemens012/jai_0000264_1196_1287.png,NORM,NONE,NONE,"BAST, HOJO, RETI"
EH5_Siemens008/jai_0000241_1612_859.png,NORM,NONE,NONE,NONE
CDB_Sample189/jai_0000294_1094_594.png,NORM,NONE,NONE,RETI
EH5_Siemens029/jai_0000479_667_1311.png,NORM,NONE,NONE,NONE
EH5_Siemens014/jai_0000022_1312_819.png,NORM,BITE,NONE,NONE
CDB_Sample125/jai_0000349_117_1440.png,NORM,NONE,NONE,NONE
EH5_Siemens029/jai_0000479_342_453.png,NORM,HELM,NONE,NONE
CDB_Sample156/jai_0000392_909_626.png,NORM,ECHI,NONE,NONE
CDB_Sample125/jai_0000274_594_766.png,NORM,NONE,NONE,MALA
EH5_Siemens083/jai_0000058_1367_1063.png,MICR,NONE,NONE,NONE
CDB_Sample189/jai_0000122_1859_296.png,NORM,NONE,NONE,HOJO
EH5_Siemens012/jai_0000003_1364_1187.png,NORM,NONE,HYPR,NONE
CDB_Sample189/jai_0000246_1501_492.png,NORM,NONE,NONE,PABO
CDB_Sample030/jai_0000188_550_168.png,NORM,NONE,HYPR,NONE
EH5_Siemens012/jai_0000347_1204_1032.png,NORM,NONE,TARG,NONE
CDB_Sample012/jai_0000113_1520_960.png,NORM,NONE,STOM,NONE
EH5_Siemens012/jai_0000059_1789_295.png,NORM,NONE,NONE,NRBC
EH5_Siemens037/jai_0000482_1675_1103.png,NORM,ELLI,NONE,NONE
EH5_Siemens041/jai_0000146_505_974.png,NORM,BITE,NONE,NONE
CDB_Sample156/jai_0000521_854_704.png,NORM,ECHI,NONE,NONE
EH5_Siemens037/jai_0000009_183_310.png,NORM,ECHI,NONE,NONE
EH5_Siemens012/jai_0001173_1272_157.png,NORM,NONE,NONE,"BAST, RETI"
EH5_Siemens083/jai_0000223_448_1364.png,NORM,NONE,HYPO,NONE
CDB_Sample189/jai_0000114_356_735.png,NORM,NONE,HYPO,HOJO
EH5_Siemens012/jai_0000147_1682_374.png,NORM,NONE,NONE,NRBC
CDB_Sample030/jai_0000139_429_56.png,MICR,NONE,NONE,NONE
CDB_Sample012/jai_0000031_86_852.png,NORM,NONE,STOM,NONE
EH5_Siemens012/jai_0001477_876_585.png,NORM,NONE,NONE,BAST
CDB_Sample012/jai_0000108_642_261.png,MICR,NONE,NONE,NONE
EH5_Siemens012/jai_0000147_233_333.png,NORM,NONE,NONE,NONE
EH5_Siemens012/jai_0000187_1943_1429.png,NORM,OVAL,NONE,BAST
EH5_Siemens083/jai_0000267_1208_1405.png,NORM,NONE,HYPO,NONE
CDB_Sample030/jai_0000097_1272_1120.png,MICR,NONE,NONE,NONE
EH5_Siemens037/jai_0000656_1133_677.png,NORM,ECHI,NONE,NONE
CDB_Sample189/jai_0000249_344_76.png,NORM,NONE,NONE,PABO
EH5_Siemens008/jai_0000578_1265_173.png,NORM,BITE,NONE,NONE
CDB_Sample030/jai_0000235_453_965.png,NORM,NONE,NONE,RETI
CDB_Sample189/jai_0000116_1342_1091.png,NORM,NONE,NONE,NONE
CDB_Sample189/jai_0000161_1080_1188.png,NORM,NONE,NONE,PABO
CDB_Sample012/jai_0000111_1206_1014.png,NORM,NONE,NONE,NONE
EH5_Siemens029/jai_0000479_1116_1028.png,NORM,NONE,NONE,RETI
CDB_Sample156/jai_0000270_1632_456.png,NORM,NONE,NONE,NONE
CDB_Sample012/jai_0000114_606_1159.png,NORM,NONE,NONE,NONE
EH5_Siemens012/jai_0001353_1286_1185.png,NORM,HELM,NONE,"BAST, HOJO"
EH5_Siemens083/jai_0000064_187_608.png,MICR,NONE,NONE,NONE
EH5_Siemens012/jai_0001437_654_1314.png,NORM,OVAL,NONE,"BAST, HOJO"
EH5_Siemens029/jai_0000692_594_764.png,MICR,NONE,NONE,NONE
CDB_Sample189/jai_0000249_344_76.png,NORM,NONE,NONE,PABO
EH5_Siemens012/jai_0000951_513_920.png,NORM,NONE,NONE,"BAST, HOJO, RETI"
EH5_Siemens029/jai_0000479_1349_459.png,NORM,NONE,NONE,NONE
EH5_Siemens029/jai_0000692_670_518.png,NORM,HELM,NONE,NONE
CDB_Sample012/jai_0000199_1608_468.png,MICR,NONE,NONE,NONE
EH5_Siemens041/jai_0001306_501_1276.png,NORM,HELM,NONE,NONE
CDB_Sample012/jai_0000199_825_1414.png,NORM,NONE,NONE,NONE
EH5_Siemens003/jai_0000976_1251_1262.png,NORM,NONE,HYPR,RETI
CDB_Sample189/jai_0000122_1338_918.png,NORM,NONE,NONE,NONE
CDB_Sample189/jai_0000115_1328_266.png,NORM,SICK,NONE,NONE
CDB_Sample156/jai_0000650_805_528.png,NORM,ECHI,NONE,NONE
CDB_Sample012/jai_0000032_1674_938.png,MICR,NONE,NONE,NONE
CDB_Sample125/jai_0000317_1325_598.png,NORM,NONE,NONE,NONE
EH5_Siemens012/jai_0000951_513_920.png,NORM,NONE,NONE,"BAST, HOJO, RETI"
CDB_Sample189/jai_0000251_1641_493.png,NORM,NONE,NONE,HOJO
EH5_Siemens008/jai_0000241_1201_43.png,MICR,NONE,HYPR,NONE
CDB_Sample030/jai_0000142_970_1338.png,MICR,NONE,NONE,NONE
EH5_Siemens012/jai_0000043_1432_839.png,NORM,NONE,NONE,NRBC
EH5_Siemens013/jai_0000071_1092_316.png,NORM,TEAR,NONE,NONE
CDB_Sample030/jai_0000011_579_1045.png,MICR,NONE,NONE,NONE
EH5_Siemens012/jai_0000187_1025_815.png,NORM,NONE,NONE,NRBC
EH5_Siemens037/jai_0000655_542_1350.png,NORM,HELM,NONE,NONE
EH5_Siemens012/jai_0001353_1286_1185.png,NORM,HELM,NONE,"BAST, HOJO"
CDB_Sample030/jai_0000103_1653_1368.png,NORM,NONE,NONE,NONE
CDB_Sample156/jai_0000140_955_807.png,NORM,ECHI,NONE,NONE
CDB_Sample189/jai_0000163_1209_707.png,NORM,NONE,NONE,HOJO
CDB_Sample156/jai_0000051_1331_923.png,NORM,ECHI,NONE,NONE
EH5_Siemens012/jai_0000182_530_1077.png,NORM,NONE,NONE,NRBC
EH5_Siemens003/jai_0000278_1592_85.png,NORM,NONE,NONE,NONE
EH5_Siemens008/jai_0000751_1069_982.png,NORM,OVAL,NONE,NONE
CDB_Sample189/jai_0000164_1773_492.png,NORM,SICK,NONE,NONE
EH5_Siemens008/jai_0000150_1680_176.png,NORM,NONE,NONE,NONE
EH5_Siemens083/jai_0000058_1313_847.png,MICR,NONE,NONE,NONE
CDB_Sample156/jai_0000097_1147_372.png,NORM,NONE,NONE,MALA
EH5_Siemens012/jai_0000951_513_920.png,NORM,NONE,NONE,"BAST, HOJO, RETI"
CDB_Sample030/jai_0000147_1136_554.png,NORM,OVAL,NONE,NONE
EH5_Siemens039/jai_0000352_1667_807.png,NORM,HELM,NONE,NONE
EH5_Siemens083/jai_0000402_1113_711.png,MICR,NONE,NONE,NONE
EH5_Siemens008/jai_0000022_93_1197.png,NORM,NONE,NONE,NONE
CDB_Sample156/jai_0000350_407_650.png,NORM,ACAN,NONE,NONE
CDB_Sample189/jai_0000161_1556_854.png,NORM,NONE,NONE,PABO
CDB_Sample189/jai_0000033_1077_761.png,NORM,NONE,NONE,HOJO
CDB_Sample189/jai_0000163_1578_102.png,NORM,SICK,NONE,NONE
EH5_Siemens008/jai_0001186_283_1367.png,NORM,NONE,NONE,NONE
CDB_Sample189/jai_0000038_751_204.png,NORM,NONE,NONE,"HOJO, RETI"
CDB_Sample030/jai_0000018_848_1017.png,MICR,NONE,NONE,NONE
CDB_Sample030/jai_0000234_1167_133.png,NORM,ECHI,NONE,NONE
EH5_Siemens029/jai_0000048_968_632.png,NORM,NONE,NONE,NONE
CDB_Sample030/jai_0000142_1894_272.png,NORM,NONE,NONE,NONE
EH5_Siemens083/jai_0000356_1686_561.png,MICR,NONE,NONE,BAST
CDB_Sample030/jai_0000101_1608_410.png,NORM,NONE,HYPO,NONE
CDB_Sample189/jai_0000035_1175_773.png,NORM,NONE,NONE,PABO
CDB_Sample189/jai_0000168_575_30.png,NORM,NONE,NONE,NONE
EH5_Siemens083/jai_0000064_727_1119.png,NORM,ELLI,NONE,NONE
CDB_Sample030/jai_0000186_1924_1439.png,NORM,OVAL,HYPO,NONE
EH5_Siemens012/jai_0000019_1816_823.png,NORM,NONE,HYPO,NONE
EH5_Siemens012/jai_0000527_454_908.png,NORM,NONE,NONE,"BAST, RETI"
CDB_Sample125/jai_0000268_754_383.png,NORM,NONE,HYPO,RETI
EH5_Siemens083/jai_0000017_360_433.png,NORM,NONE,HYPO,NONE
EH5_Siemens029/jai_0000873_1546_1355.png,NORM,NONE,NONE,NONE
EH5_Siemens012/jai_0001353_1286_1185.png,NORM,HELM,NONE,"BAST, HOJO"
CDB_Sample156/jai_0000265_1856_1431.png,NORM,NONE,NONE,NONE
EH5_Siemens012/jai_0000063_1678_245.png,NORM,NONE,HYPO,NONE
EH5_Siemens045/jai_0000009_1792_609.png,MICR,SCHI,NONE,NONE
EH5_Siemens029/jai_0000052_77_676.png,NORM,TEAR,NONE,NONE
EH5_Siemens029/jai_0000828_638_37.png,NORM,NONE,NONE,NONE
EH5_Siemens003/jai_0000747_1657_231.png,NORM,NONE,NONE,NONE
EH5_Siemens012/jai_0001268_1072_216.png,MICR,OVAL,NONE,"HOJO, RETI"
CDB_Sample012/jai_0000196_202_1201.png,NORM,NONE,HYPR,NONE
EH5_Siemens037/jai_0000657_1362_788.png,NORM,ECHI,NONE,NONE
EH5_Siemens012/jai_0000217_513_1269.png,NORM,NONE,TARG,NONE
EH5_Siemens012/jai_0000951_513_920.png,NORM,NONE,NONE,"BAST, HOJO, RETI"
CDB_Sample012/jai_0000116_1188_663.png,NORM,NONE,NONE,NONE
EH5_Siemens003/jai_0000236_779_49.png,MICR,NONE,NONE,NONE
EH5_Siemens083/jai_0000017_1557_1153.png,NORM,NONE,NONE,"BAST, RETI"
EH5_Siemens037/jai_0000657_962_206.png,NORM,NONE,NONE,NONE
CDB_Sample125/jai_0000351_1532_941.png,NORM,NONE,NONE,MALA
CDB_Sample030/jai_0000060_1737_1300.png,NORM,NONE,NONE,NONE
EH5_Siemens012/jai_0001437_654_1314.png,NORM,OVAL,NONE,"BAST, HOJO"
EH5_Siemens012/jai_0000043_1432_839.png,NORM,NONE,NONE,NRBC
CDB_Sample156/jai_0000181_1522_780.png,NORM,ACAN,NONE,NONE
EH5_Siemens012/jai_0000044_69_126.png,NORM,NONE,NONE,NRBC
CDB_Sample030/jai_0000143_1030_1394.png,NORM,NONE,NONE,NONE
EH5_Siemens083/jai_0000184_605_417.png,NORM,NONE,NONE,"BAST, RETI"
EH5_Siemens008/jai_0000241_1666_1199.png,NORM,NONE,NONE,NONE
EH5_Siemens012/jai_0001268_93_73.png,MICR,NONE,NONE,BAST
EH5_Siemens013/jai_0001067_1368_471.png,NORM,NONE,NONE,RETI
EH5_Siemens037/jai_0000613_1898_622.png,NORM,ECHI,NONE,NONE
CDB_Sample012/jai_0000032_1046_404.png,NORM,NONE,NONE,NONE
CDB_Sample189/jai_0000033_988_601.png,NORM,NONE,NONE,PABO
EH5_Siemens083/jai_0000184_613_774.png,MICR,NONE,NONE,"BAST, RETI"
CDB_Sample012/jai_0000067_191_996.png,NORM,NONE,NONE,NONE
EH5_Siemens012/jai_0000264_1196_1287.png,NORM,NONE,NONE,"BAST, HOJO, RETI"
EH5_Siemens012/jai_0000057_1569_1060.png,NORM,NONE,NONE,NRBC
EH5_Siemens003/jai_0000055_902_1039.png,NORM,NONE,HYPR,NONE
EH5_Siemens012/jai_0001173_1495_196.png,MICR,NONE,NONE,BAST
EH5_Siemens012/jai_0001261_1435_477.png,NORM,NONE,NONE,"BAST, RETI"
EH5_Siemens083/jai_0001387_1671_177.png,NORM,NONE,HYPO,NONE
CDB_Sample012/jai_0000197_1260_960.png,MICR,NONE,NONE,NONE
EH5_Siemens012/jai_0000318_118_730.png,NORM,NONE,NONE,NRBC
CDB_Sample156/jai_0000140_1890_309.png,NORM,ECHI,NONE,NONE
CDB_Sample012/jai_0000153_1210_1084.png,NORM,NONE,STOM,NONE
EH5_Siemens012/jai_0000059_83_480.png,NORM,NONE,NONE,RETI
CDB_Sample012/jai_0000070_612_890.png,NORM,NONE,NONE,NONE
EH5_Siemens029/jai_0000873_291_1245.png,NORM,OVAL,NONE,NONE
EH5_Siemens029/jai_0000225_1173_996.png,NORM,ECHI,NONE,NONE
EH5_Siemens029/jai_0000395_1724_282.png,NORM,NONE,NONE,NONE
CDB_Sample030/jai_0000103_121_869.png,MICR,NONE,NONE,NONE
EH5_Siemens029/jai_0000048_1467_255.png,NORM,NONE,STOM,NONE
CDB_Sample125/jai_0000352_172_606.png,NORM,NONE,NONE,MALA
CDB_Sample030/jai_0000061_1790_631.png,NORM,NONE,NONE,NONE
EH5_Siemens012/jai_0000174_1516_582.png,NORM,NONE,HYPR,NONE
EH5_Siemens008/jai_0000595_611_85.png,NORM,NONE,NONE,NONE
CDB_Sample125/jai_0000355_610_1239.png,NORM,NONE,NONE,MALA
CDB_Sample030/jai_0000140_1409_101.png,NORM,OVAL,HYPO,NONE
EH5_Siemens037/jai_0000312_1019_1022.png,NORM,NONE,TARG,NONE
EH5_Siemens012/jai_0001173_864_994.png,NORM,NONE,HYPR,"BAST, RETI"
CDB_Sample030/jai_0000011_1816_116.png,NORM,ELLI,NONE,NONE
EH5_Siemens013/jai_0001155_713_502.png,NORM,TEAR,NONE,NONE
CDB_Sample189/jai_0000378_1193_1080.png,NORM,NONE,NONE,PABO
CDB_Sample012/jai_0000153_696_25.png,NORM,TEAR,NONE,NONE
CDB_Sample189/jai_0000119_618_363.png,NORM,NONE,NONE,HOJO
CDB_Sample012/jai_0000196_251_447.png,NORM,NONE,NONE,NONE
EH5_Siemens012/jai_0001268_1072_216.png,MICR,OVAL,NONE,"HOJO, RETI"
EH5_Siemens012/jai_0001353_1286_1185.png,NORM,HELM,NONE,"BAST, HOJO"
EH5_Siemens037/jai_0000441_668_678.png,NORM,ECHI,NONE,NONE
EH5_Siemens012/jai_0000264_1196_1287.png,NORM,NONE,NONE,"BAST, HOJO, RETI"
EH5_Siemens012/jai_0000063_491_331.png,NORM,NONE,HYPO,NONE
EH5_Siemens012/jai_0000057_1427_1132.png,NORM,NONE,NONE,NRBC
CDB_Sample156/jai_0000650_1559_1015.png,NORM,ACAN,NONE,NONE
EH5_Siemens029/jai_0000396_457_1134.png,MICR,SPHE,NONE,NONE
EH5_Siemens013/jai_0000413_590_286.png,NORM,TEAR,NONE,NONE
CDB_Sample125/jai_0000351_91_446.png,NORM,NONE,NONE,MALA
EH5_Siemens083/jai_0000185_1864_831.png,NORM,OVAL,NONE,NONE
CDB_Sample156/jai_0000568_957_1374.png,NORM,NONE,NONE,NONE
EH5_Siemens013/jai_0000889_1421_559.png,NORM,NONE,NONE,NONE
EH5_Siemens012/jai_0000905_62_1391.png,NORM,NONE,HYPR,"BAST, RETI"
CDB_Sample030/jai_0000143_450_956.png,NORM,ELLI,NONE,NONE
EH5_Siemens012/jai_0001353_1286_1185.png,NORM,HELM,NONE,"BAST, HOJO"
EH5_Siemens012/jai_0000182_642_1253.png,NORM,NONE,NONE,"BAST, RETI"
EH5_Siemens008/jai_0001610_92_564.png,NORM,BITE,NONE,NONE
CDB_Sample189/jai_0000337_1598_673.png,NORM,NONE,NONE,NONE
EH5_Siemens029/jai_0000568_1372_1161.png,NORM,NONE,NONE,NONE
CDB_Sample030/jai_0000231_1796_203.png,NORM,ELLI,NONE,NONE
EH5_Siemens041/jai_0000146_505_974.png,NORM,BITE,NONE,NONE
EH5_Siemens012/jai_0001261_1830_454.png,MICR,NONE,NONE,BAST
EH5_Siemens083/jai_0000181_1764_122.png,NORM,OVAL,HYPO,NONE
EH5_Siemens029/jai_0000568_760_571.png,NORM,NONE,NONE,NONE
CDB_Sample125/jai_0000315_93_657.png,NORM,NONE,NONE,NONE
EH5_Siemens013/jai_0000889_178_1279.png,NORM,NONE,NONE,"BAST, RETI"
EH5_Siemens029/jai_0000310_1200_1302.png,NORM,NONE,NONE,NONE
CDB_Sample156/jai_0000392_716_876.png,NORM,ACAN,NONE,NONE
CDB_Sample189/jai_0000034_690_854.png,MACR,NONE,NONE,NONE
EH5_Siemens012/jai_0000174_938_1403.png,NORM,NONE,NONE,NRBC
CDB_Sample156/jai_0000097_1234_1406.png,NORM,ECHI,NONE,NONE
EH5_Siemens012/jai_0001173_1495_196.png,MICR,NONE,NONE,BAST
EH5_Siemens013/jai_0000803_1094_923.png,NORM,NONE,NONE,RETI
EH5_Siemens037/jai_0000092_512_49.png,NORM,NONE,NONE,NONE
EH5_Siemens029/jai_0000654_712_198.png,MICR,SPHE,NONE,NONE
EH5_Siemens037/jai_0000356_1709_241.png,NORM,ECHI,NONE,NONE
EH5_Siemens013/jai_0000889_644_509.png,NORM,TEAR,NONE,NONE
EH5_Siemens037/jai_0000313_811_1011.png,NORM,NONE,NONE,NONE
CDB_Sample189/jai_0000290_472_275.png,NORM,SICK,NONE,NONE
EH5_Siemens012/jai_0000059_1789_295.png,NORM,NONE,NONE,NRBC
CDB_Sample030/jai_0000233_138_95.png,NORM,NONE,NONE,BAST
EH5_Siemens045/jai_0000011_1946_67.png,MICR,SCHI,NONE,NONE
EH5_Siemens012/jai_0000951_513_920.png,NORM,NONE,NONE,"BAST, HOJO, RETI"
CDB_Sample012/jai_0000199_995_474.png,NORM,NONE,NONE,NONE
EH5_Siemens003/jai_0000278_769_151.png,NORM,NONE,NONE,NONE
EH5_Siemens029/jai_0000569_1089_1116.png,NORM,NONE,NONE,NONE
EH5_Siemens083/jai_0000183_246_893.png,NORM,NONE,HYPO,NONE
EH5_Siemens012/jai_0001353_1286_1185.png,NORM,HELM,NONE,"BAST, HOJO"
EH5_Siemens029/jai_0000828_63_577.png,MICR,NONE,NONE,NONE
CDB_Sample189/jai_0000118_1944_415.png,NORM,NONE,NONE,NONE
CDB_Sample156/jai_0000392_1079_828.png,NORM,ECHI,NONE,NONE
EH5_Siemens037/jai_0000400_1080_436.png,NORM,ECHI,NONE,NONE
CDB_Sample125/jai_0000059_47_927.png,NORM,NONE,HYPO,NONE
EH5_Siemens013/jai_0000544_1460_1202.png,NORM,NONE,HYPR,NONE
CDB_Sample189/jai_0000372_661_55.png,NORM,NONE,NONE,NONE
EH5_Siemens012/jai_0001268_1072_216.png,MICR,OVAL,NONE,"HOJO, RETI"
CDB_Sample156/jai_0000137_1118_342.png,NORM,ECHI,NONE,NONE
EH5_Siemens037/jai_0000657_283_570.png,NORM,ECHI,NONE,NONE
EH5_Siemens013/jai_0000544_759_893.png,MICR,NONE,NONE,NONE
CDB_Sample012/jai_0000197_321_99.png,NORM,NONE,STOM,NONE
EH5_Siemens013/jai_0000588_1218_1318.png,NORM,NONE,NONE,NONE
CDB_Sample189/jai_0000038_751_204.png,NORM,NONE,NONE,"HOJO, RETI"
CDB_Sample189/jai_0000115_1480_968.png,NORM,NONE,NONE,HOJO
CDB_Sample030/jai_0000186_647_1430.png,NORM,ELLI,NONE,NONE
EH5_Siemens029/jai_0000568_1453_1106.png,NORM,OVAL,NONE,NONE
CDB_Sample156/jai_0000182_1511_1178.png,NORM,ECHI,NONE,NONE
CDB_Sample189/jai_0000115_911_1217.png,NORM,NONE,NONE,HOJO
EH5_Siemens012/jai_0001353_1286_1185.png,NORM,HELM,NONE,"BAST, HOJO"
EH5_Siemens012/jai_0000187_1025_815.png,NORM,NONE,NONE,NRBC
CDB_Sample030/jai_0000148_183_504.png,MICR,NONE,NONE,NONE
CDB_Sample189/jai_0000373_1853_1117.png,NORM,NONE,NONE,PABO
EH5_Siemens045/jai_0000137_1349_241.png,NORM,HELM,NONE,NONE
EH5_Siemens012/jai_0001268_93_73.png,MICR,NONE,NONE,BAST
EH5_Siemens041/jai_0001348_1028_436.png,NORM,HELM,NONE,NONE
EH5_Siemens012/jai_0000264_1196_1287.png,NORM,NONE,NONE,"BAST, HOJO, RETI"
CDB_Sample189/jai_0000038_751_204.png,NORM,NONE,NONE,"HOJO, RETI"
CDB_Sample156/jai_0000094_732_1119.png,NORM,ACAN,NONE,NONE
EH5_Siemens083/jai_0000356_1686_561.png,MICR,NONE,NONE,BAST
EH5_Siemens083/jai_0001472_182_465.png,NORM,NONE,STOM,RETI
EH5_Siemens012/jai_0000174_360_339.png,NORM,BITE,NONE,NONE
CDB_Sample189/jai_0000288_246_375.png,NORM,NONE,NONE,PABO
EH5_Siemens041/jai_0000144_898_554.png,NORM,HELM,NONE,NONE
EH5_Siemens029/jai_0000654_242_916.png,NORM,NONE,NONE,NONE
EH5_Siemens012/jai_0000179_921_876.png,NORM,NONE,NONE,NRBC
CDB_Sample030/jai_0000146_554_771.png,NORM,NONE,NONE,NONE
CDB_Sample189/jai_0000334_1477_346.png,NORM,NONE,NONE,NONE
EH5_Siemens037/jai_0000400_1677_942.png,NORM,ACAN,NONE,NONE
EH5_Siemens029/jai_0000828_195_478.png,NORM,NONE,NONE,BAST
EH5_Siemens083/jai_0000267_709_460.png,NORM,NONE,NONE,NONE
EH5_Siemens029/jai_0000052_873_334.png,NORM,NONE,NONE,NONE
EH5_Siemens013/jai_0000413_785_1309.png,NORM,NONE,NONE,NONE
CDB_Sample012/jai_0000156_815_959.png,NORM,NONE,NONE,"BAST, RETI"
EH5_Siemens037/jai_0000656_1553_356.png,NORM,ELLI,NONE,NONE
EH5_Siemens083/jai_0000181_1795_1012.png,NORM,OVAL,NONE,"BAST, RETI"
EH5_Siemens013/jai_0001155_809_302.png,NORM,NONE,NONE,NONE
EH5_Siemens041/jai_0000405_1641_557.png,NORM,HELM,NONE,NONE
CDB_Sample012/jai_0000070_780_302.png,NORM,NONE,NONE,"BAST, RETI"
EH5_Siemens012/jai_0001353_1286_1185.png,NORM,HELM,NONE,"BAST, HOJO"
EH5_Siemens012/jai_0001525_1498_1380.png,NORM,NONE,NONE,"BAST, RETI"
EH5_Siemens012/jai_0000147_1682_374.png,NORM,NONE,NONE,NRBC
EH5_Siemens083/jai_0000015_592_594.png,MICR,NONE,NONE,NONE
CDB_Sample156/jai_0000138_1071_783.png,NORM,ECHI,NONE,NONE
EH5_Siemens029/jai_0000873_1775_883.png,NORM,ECHI,NONE,NONE
EH5_Siemens029/jai_0000828_357_1321.png,NORM,TEAR,NONE,NONE
CDB_Sample156/jai_0000520_267_1347.png,NORM,TEAR,NONE,NONE
EH5_Siemens008/jai_0000150_55_1307.png,NORM,NONE,NONE,NONE
CDB_Sample189/jai_0000116_207_592.png,NORM,NONE,NONE,NONE
EH5_Siemens012/jai_0000951_513_920.png,NORM,NONE,NONE,"BAST, HOJO, RETI"
EH5_Siemens029/jai_0000395_1117_1172.png,NORM,NONE,NONE,NONE
EH5_Siemens012/jai_0000059_54_1105.png,NORM,NONE,TARG,NONE
CDB_Sample189/jai_0000373_627_831.png,NORM,NONE,NONE,PABO
CDB_Sample030/jai_0000273_1770_1089.png,NORM,ELLI,HYPO,NONE
EH5_Siemens037/jai_0000527_1025_451.png,NORM,ECHI,NONE,NONE
EH5_Siemens013/jai_0001155_108_1206.png,NORM,NONE,HYPR,NONE
CDB_Sample189/jai_0000119_618_363.png,NORM,NONE,NONE,HOJO
EH5_Siemens012/jai_0000264_1196_1287.png,NORM,NONE,NONE,"BAST, HOJO, RETI"
EH5_Siemens012/jai_0000303_51_290.png,NORM,NONE,HYPO,NONE
EH5_Siemens012/jai_0000182_1597_93.png,NORM,NONE,TARG,NONE
EH5_Siemens012/jai_0001353_1286_1185.png,NORM,HELM,NONE,"BAST, HOJO"
EH5_Siemens003/jai_0000278_417_352.png,NORM,NONE,NONE,NONE
EH5_Siemens012/jai_0000043_1432_839.png,NORM,NONE,NONE,NRBC
EH5_Siemens013/jai_0000803_1123_1240.png,NORM,TEAR,NONE,NONE
CDB_Sample030/jai_0000020_382_382.png,MICR,NONE,NONE,NONE
CDB_Sample030/jai_0000019_638_1251.png,NORM,NONE,NONE,NONE
CDB_Sample125/jai_0000350_1056_643.png,NORM,NONE,NONE,MALA
EH5_Siemens012/jai_0001268_1072_216.png,MICR,OVAL,NONE,"HOJO, RETI"
CDB_Sample030/jai_0000142_296_703.png,NORM,HELM,NONE,NONE
EH5_Siemens008/jai_0001145_1012_783.png,NORM,NONE,NONE,NONE
CDB_Sample030/jai_0000103_1774_1238.png,NORM,NONE,NONE,NONE
CDB_Sample012/jai_0000199_1705_1211.png,NORM,NONE,NONE,NONE
CDB_Sample125/jai_0000052_242_776.png,NORM,ECHI,NONE,NONE
EH5_Siemens083/jai_0000183_1336_130.png,NORM,NONE,NONE,NONE
EH5_Siemens013/jai_0000413_529_1168.png,MICR,NONE,NONE,NONE
EH5_Siemens012/jai_0000836_207_898.png,NORM,NONE,NONE,NRBC
CDB_Sample189/jai_0000120_1640_876.png,NORM,NONE,STOM,NONE
EH5_Siemens012/jai_0001353_1286_1185.png,NORM,HELM,NONE,"BAST, HOJO"
CDB_Sample189/jai_0000373_413_320.png,NORM,NONE,NONE,NONE
CDB_Sample030/jai_0000272_1532_1399.png,NORM,OVAL,NONE,NONE
CDB_Sample030/jai_0000096_640_358.png,NORM,ELLI,NONE,NONE
CDB_Sample125/jai_0000225_1289_496.png,NORM,NONE,NONE,MALA
CDB_Sample125/jai_0000355_568_840.png,NORM,NONE,NONE,MALA
CDB_Sample030/jai_0000100_1328_1015.png,NORM,OVAL,HYPO,NONE
EH5_Siemens003/jai_0000976_1295_1403.png,NORM,NONE,NONE,NONE
EH5_Siemens013/jai_0000758_1808_1408.png,NORM,TEAR,NONE,NONE
EH5_Siemens012/jai_0000063_525_1239.png,NORM,NONE,HYPR,NONE
EH5_Siemens029/jai_0000225_207_1072.png,NORM,TEAR,NONE,NONE
CDB_Sample030/jai_0000275_1695_1091.png,NORM,NONE,NONE,NONE
CDB_Sample030/jai_0000147_765_298.png,NORM,ELLI,NONE,NONE
EH5_Siemens012/jai_0000003_780_1009.png,NORM,NONE,TARG,NONE
CDB_Sample189/jai_0000038_751_204.png,NORM,NONE,NONE,"HOJO, RETI"
EH5_Siemens083/jai_0000016_1935_462.png,MACR,NONE,NONE,NONE
CDB_Sample125/jai_0000269_1257_384.png,NORM,OVAL,NONE,NONE
EH5_Siemens012/jai_0000147_1776_1101.png,MICR,NONE,NONE,"BAST, RETI"
CDB_Sample012/jai_0000025_781_279.png,NORM,NONE,NONE,NONE
EH5_Siemens013/jai_0001067_885_562.png,NORM,TEAR,NONE,NONE
CDB_Sample189/jai_0000288_246_375.png,NORM,NONE,NONE,PABO
EH5_Siemens003/jai_0000278_514_940.png,NORM,NONE,NONE,NONE
EH5_Siemens012/jai_0000044_69_126.png,NORM,NONE,NONE,NRBC
EH5_Siemens083/jai_0001472_488_1188.png,NORM,TEAR,NONE,NONE
EH5_Siemens029/jai_0000692_1505_593.png,NORM,NONE,NONE,BAST
CDB_Sample189/jai_0000337_1873_779.png,NORM,NONE,NONE,PABO
CDB_Sample189/jai_0000114_1423_747.png,NORM,NONE,NONE,HOJO
CDB_Sample030/jai_0000019_1664_371.png,MICR,NONE,NONE,NONE
EH5_Siemens012/jai_0000187_1025_815.png,NORM,NONE,NONE,NRBC
CDB_Sample156/jai_0000607_1424_1302.png,NORM,NONE,NONE,NONE
EH5_Siemens013/jai_0000758_1610_1242.png,NORM,NONE,NONE,NONE
EH5_Siemens083/jai_0000402_915_699.png,NORM,ECHI,NONE,NONE
CDB_Sample189/jai_0000038_751_204.png,NORM,NONE,NONE,"HOJO, RETI"
EH5_Siemens012/jai_0001353_1286_1185.png,NORM,HELM,NONE,"BAST, HOJO"
EH5_Siemens012/jai_0001261_1830_454.png,MICR,NONE,NONE,BAST
EH5_Siemens041/jai_0001350_1875_1179.png,NORM,HELM,NONE,NONE
EH5_Siemens012/jai_0001477_876_585.png,NORM,NONE,NONE,BAST
CDB_Sample189/jai_0000121_22_625.png,NORM,SICK,NONE,RETI
EH5_Siemens037/jai_0000142_289_547.png,NORM,ACAN,NONE,NONE
EH5_Siemens029/jai_0000439_1163_977.png,MICR,SPHE,NONE,NONE
EH5_Siemens083/jai_0000016_927_1075.png,NORM,NONE,NONE,NONE
EH5_Siemens037/jai_0000611_1329_945.png,NORM,ECHI,NONE,NONE
CDB_Sample189/jai_0000373_627_831.png,NORM,NONE,NONE,PABO
EH5_Siemens083/jai_0000180_1777_569.png,NORM,NONE,HYPO,"BAST, RETI"
CDB_Sample189/jai_0000335_384_802.png,NORM,NONE,NONE,HOJO
EH5_Siemens012/jai_0000187_1943_1429.png,NORM,OVAL,NONE,BAST
EH5_Siemens083/jai_0001428_1342_1299.png,MACR,NONE,NONE,RETI
EH5_Siemens083/jai_0000060_1286_914.png,NORM,NONE,NONE,RETI
CDB_Sample189/jai_0000335_384_802.png,NORM,NONE,NONE,HOJO
EH5_Siemens037/jai_0000312_1905_378.png,MICR,SCHI,NONE,NONE
CDB_Sample125/jai_0000181_469_304.png,NORM,NONE,NONE,NONE
CDB_Sample030/jai_0000233_1326_1417.png,NORM,ELLI,NONE,NONE
EH5_Siemens012/jai_0000318_118_730.png,NORM,NONE,NONE,NRBC
CDB_Sample030/jai_0000233_1309_546.png,NORM,NONE,NONE,NONE
CDB_Sample189/jai_0000035_1565_1109.png,NORM,SICK,NONE,NONE
CDB_Sample012/jai_0000194_1443_90.png,NORM,NONE,NONE,NONE
EH5_Siemens012/jai_0000836_207_898.png,NORM,NONE,NONE,NRBC
EH5_Siemens012/jai_0000264_1196_1287.png,NORM,NONE,NONE,"BAST, HOJO, RETI"
EH5_Siemens012/jai_0000836_207_898.png,NORM,NONE,NONE,NRBC
CDB_Sample125/jai_0000274_993_754.png,NORM,NONE,HYPO,RETI
CDB_Sample189/jai_0000038_751_204.png,NORM,NONE,NONE,"HOJO, RETI"
EH5_Siemens012/jai_0000003_1716_1128.png,NORM,NONE,STOM,NONE
CDB_Sample126/jai_0000105_573_1442.png,NORM,NONE,NONE,NONE
CDB_Sample189/jai_0000115_1328_266.png,NORM,SICK,NONE,NONE
CDB_Sample012/jai_0000105_1269_1376.png,MICR,NONE,NONE,NONE
EH5_Siemens029/jai_0000184_1697_800.png,NORM,TEAR,NONE,NONE
EH5_Siemens012/jai_0000139_706_1271.png,NORM,OVAL,HYPO,NONE
EH5_Siemens045/jai_0000097_125_1102.png,NORM,HELM,NONE,NONE
CDB_Sample156/jai_0000565_410_482.png,NORM,NONE,NONE,NONE
EH5_Siemens012/jai_0000834_965_1452.png,NORM,ELLI,NONE,NONE
EH5_Siemens013/jai_0000327_1939_939.png,NORM,NONE,NONE,RETI
CDB_Sample030/jai_0000140_1925_372.png,NORM,TEAR,NONE,NONE
EH5_Siemens083/jai_0000181_964_1083.png,NORM,ECHI,NONE,NONE
EH5_Siemens083/jai_0000402_1688_631.png,NORM,OVAL,HYPO,NONE
EH5_Siemens037/jai_0000527_1684_313.png,NORM,NONE,NONE,NONE
EH5_Siemens083/jai_0000142_405_168.png,NORM,NONE,HYPO,NONE
EH5_Siemens083/jai_0000182_1761_937.png,NORM,NONE,HYPO,NONE
CDB_Sample189/jai_0000160_270_1010.png,NORM,NONE,NONE,HOJO
EH5_Siemens012/jai_0001437_654_1314.png,NORM,OVAL,NONE,"BAST, HOJO"
CDB_Sample125/jai_0000180_330_684.png,NORM,NONE,NONE,MALA
EH5_Siemens083/jai_0000060_1849_961.png,NORM,NONE,NONE,NONE
CDB_Sample030/jai_0000231_1586_1184.png,MICR,NONE,NONE,NONE
EH5_Siemens037/jai_0000482_941_421.png,NORM,NONE,NONE,NONE
CDB_Sample030/jai_0000274_161_1219.png,NORM,ELLI,NONE,NONE
EH5_Siemens037/jai_0000613_159_711.png,NORM,NONE,HYPO,NONE
CDB_Sample189/jai_0000160_100_960.png,NORM,NONE,NONE,RETI
EH5_Siemens037/jai_0000481_1273_395.png,NORM,ECHI,NONE,NONE
CDB_Sample189/jai_0000038_751_204.png,NORM,NONE,NONE,"HOJO, RETI"
EH5_Siemens045/jai_0000187_789_417.png,NORM,HELM,NONE,NONE
CDB_Sample030/jai_0000231_738_728.png,NORM,OVAL,NONE,NONE
CDB_Sample189/jai_0000293_1806_1398.png,NORM,SICK,NONE,NONE
EH5_Siemens012/jai_0000182_793_93.png,NORM,NONE,HYPO,NONE
EH5_Siemens037/jai_0000482_913_596.png,NORM,ECHI,NONE,NONE
EH5_Siemens083/jai_0000060_307_892.png,NORM,OVAL,HYPO,NONE
CDB_Sample189/jai_0000123_1918_253.png,NORM,NONE,NONE,PABO
EH5_Siemens012/jai_0000179_921_876.png,NORM,NONE,NONE,NRBC
CDB_Sample156/jai_0000310_1443_880.png,NORM,NONE,NONE,NONE
EH5_Siemens013/jai_0001155_510_996.png,NORM,NONE,NONE,RETI
EH5_Siemens012/jai_0001353_1286_1185.png,NORM,HELM,NONE,"BAST, HOJO"
EH5_Siemens012/jai_0001512_779_1122.png,NORM,NONE,NONE,NRBC
CDB_Sample125/jai_0000272_473_870.png,NORM,NONE,NONE,MALA
EH5_Siemens012/jai_0001268_1072_216.png,MICR,OVAL,NONE,"HOJO, RETI"
CDB_Sample030/jai_0000018_1652_74.png,MICR,TEAR,NONE,NONE
CDB_Sample012/jai_0000193_834_1298.png,MICR,NONE,NONE,NONE
CDB_Sample012/jai_0000027_588_506.png,MICR,NONE,NONE,NONE
CDB_Sample189/jai_0000337_667_933.png,NORM,NONE,NONE,RETI
EH5_Siemens003/jai_0000747_1239_289.png,NORM,NONE,NONE,NONE
EH5_Siemens012/jai_0000264_1196_1287.png,NORM,NONE,NONE,"BAST, HOJO, RETI"
EH5_Siemens013/jai_0000413_554_345.png,NORM,TEAR,NONE,NONE
EH5_Siemens012/jai_0001353_1286_1185.png,NORM,HELM,NONE,"BAST, HOJO"
EH5_Siemens012/jai_0001353_1286_1185.png,NORM,HELM,NONE,"BAST, HOJO"
EH5_Siemens083/jai_0000101_717_379.png,NORM,NONE,NONE,NONE
CDB_Sample030/jai_0000146_1171_1325.png,MICR,NONE,NONE,NONE
EH5_Siemens037/jai_0000482_921_221.png,NORM,OVAL,NONE,NONE
CDB_Sample030/jai_0000231_92_1129.png,NORM,NONE,NONE,NONE
EH5_Siemens012/jai_0000003_1292_1239.png,NORM,NONE,TARG,NONE
EH5_Siemens012/jai_0000063_279_200.png,MACR,NONE,NONE,NONE
CDB_Sample189/jai_0000248_1301_74.png,NORM,SICK,NONE,NONE
CDB_Sample189/jai_0000288_246_375.png,NORM,NONE,NONE,PABO
EH5_Siemens083/jai_0001387_1689_645.png,NORM,NONE,NONE,NONE
EH5_Siemens012/jai_0000043_86_1253.png,NORM,NONE,NONE,BAST
EH5_Siemens037/jai_0000356_681_373.png,NORM,ECHI,NONE,NONE
EH5_Siemens037/jai_0000611_1277_1332.png,NORM,ECHI,NONE,NONE
EH5_Siemens012/jai_0000046_1119_1120.png,NORM,NONE,STOM,NONE
EH5_Siemens013/jai_0000889_660_1008.png,NORM,TEAR,NONE,NONE
EH5_Siemens012/jai_0000147_430_1079.png,NORM,NONE,HYPO,NONE
EH5_Siemens083/jai_0000183_408_122.png,NORM,TEAR,NONE,NONE
CDB_Sample125/jai_0000271_621_309.png,NORM,NONE,NONE,MALA
CDB_Sample189/jai_0000165_547_873.png,NORM,NONE,NONE,PABO
EH5_Siemens012/jai_0000264_1196_1287.png,NORM,NONE,NONE,"BAST, HOJO, RETI"
CDB_Sample189/jai_0000115_911_1217.png,NORM,NONE,NONE,HOJO
EH5_Siemens012/jai_0000019_1558_435.png,NORM,NONE,HYPO,NONE
CDB_Sample030/jai_0000012_225_1220.png,NORM,NONE,NONE,NONE
EH5_Siemens013/jai_0001114_445_446.png,MICR,NONE,NONE,NONE
EH5_Siemens041/jai_0000144_668_889.png,MICR,SCHI,NONE,NONE
CDB_Sample189/jai_0000291_688_1429.png,NORM,SICK,NONE,NONE
EH5_Siemens029/jai_0000395_994_958.png,NORM,NONE,NONE,NONE
EH5_Siemens012/jai_0000139_490_1333.png,NORM,NONE,NONE,"BAST, RETI"
EH5_Siemens041/jai_0000357_1343_1239.png,NORM,HELM,NONE,NONE
CDB_Sample189/jai_0000114_478_823.png,NORM,NONE,HYPO,PABO
CDB_Sample125/jai_0000275_1765_499.png,NORM,ECHI,NONE,NONE
CDB_Sample125/jai_0000182_1671_972.png,NORM,NONE,NONE,MALA
CDB_Sample125/jai_0000317_1651_1193.png,NORM,ECHI,NONE,MALA
EH5_Siemens012/jai_0000951_513_920.png,NORM,NONE,NONE,"BAST, HOJO, RETI"
EH5_Siemens037/jai_0000441_233_651.png,NORM,NONE,HYPO,NONE
CDB_Sample030/jai_0000103_584_1427.png,NORM,NONE,NONE,NONE
EH5_Siemens012/jai_0001437_654_1314.png,NORM,OVAL,NONE,"BAST, HOJO"
CDB_Sample030/jai_0000061_525_961.png,NORM,ELLI,NONE,NONE
CDB_Sample189/jai_0000160_798_498.png,NORM,NONE,STOM,NONE
EH5_Siemens037/jai_0000313_1231_165.png,NORM,NONE,NONE,NONE
EH5_Siemens012/jai_0000951_513_920.png,NORM,NONE,NONE,"BAST, HOJO, RETI"
EH5_Siemens012/jai_0000059_1789_295.png,NORM,NONE,NONE,NRBC
EH5_Siemens029/jai_0000695_1111_1026.png,NORM,OVAL,NONE,NONE
CDB_Sample189/jai_0000161_1556_854.png,NORM,NONE,NONE,PABO
CDB_Sample125/jai_0000057_265_122.png,MICR,NONE,NONE,NONE
CDB_Sample189/jai_0000120_824_1249.png,NORM,NONE,NONE,RETI
EH5_Siemens037/jai_0000399_1172_752.png,NORM,NONE,TARG,NONE
EH5_Siemens029/jai_0000822_1961_422.png,NORM,NONE,NONE,NONE
CDB_Sample125/jai_0000356_690_1377.png,NORM,NONE,NONE,MALA
CDB_Sample030/jai_0000146_688_1095.png,NORM,NONE,HYPR,NONE
EH5_Siemens013/jai_0000327_623_1080.png,NORM,TEAR,NONE,NONE
EH5_Siemens013/jai_0001067_1810_142.png,NORM,TEAR,NONE,NONE
EH5_Siemens029/jai_0000695_402_77.png,NORM,NONE,NONE,NONE
CDB_Sample189/jai_0000381_192_214.png,NORM,SICK,NONE,NONE
CDB_Sample189/jai_0000033_1651_1223.png,NORM,NONE,NONE,HOJO
CDB_Sample030/jai_0000275_1494_1218.png,NORM,NONE,NONE,RETI
EH5_Siemens012/jai_0001609_1420_692.png,NORM,NONE,HYPR,"BAST, RETI"
EH5_Siemens013/jai_0000413_58_840.png,NORM,NONE,HYPO,NONE
EH5_Siemens083/jai_0001387_272_1226.png,NORM,ECHI,NONE,NONE
EH5_Siemens083/jai_0000182_1365_263.png,NORM,OVAL,NONE,NONE
EH5_Siemens012/jai_0001437_654_1314.png,NORM,OVAL,NONE,"BAST, HOJO"
EH5_Siemens029/jai_0000871_1279_791.png,NORM,OVAL,NONE,NONE
EH5_Siemens012/jai_0001353_1286_1185.png,NORM,HELM,NONE,"BAST, HOJO"
CDB_Sample030/jai_0000229_1374_245.png,NORM,OVAL,NONE,NONE
EH5_Siemens003/jai_0000980_1612_974.png,MICR,NONE,NONE,NONE
EH5_Siemens083/jai_0000179_1862_726.png,NORM,NONE,HYPR,NONE
CDB_Sample189/jai_0000115_1096_985.png,NORM,NONE,NONE,RETI
CDB_Sample189/jai_0000038_751_204.png,NORM,NONE,NONE,"HOJO, RETI"
CDB_Sample189/jai_0000249_578_314.png,MICR,NONE,NONE,NONE
EH5_Siemens083/jai_0000179_1687_859.png,NORM,NONE,HYPO,NONE
CDB_Sample030/jai_0000099_592_1208.png,MICR,NONE,NONE,NONE
EH5_Siemens003/jai_0000980_1187_45.png,NORM,NONE,NONE,NONE
CDB_Sample156/jai_0000650_1422_990.png,NORM,NONE,NONE,NONE
EH5_Siemens029/jai_0000225_1493_317.png,MICR,NONE,NONE,NONE
CDB_Sample125/jai_0000010_47_1218.png,NORM,NONE,NONE,MALA
CDB_Sample125/jai_0000182_1927_145.png,NORM,NONE,NONE,MALA
CDB_Sample189/jai_0000378_1635_917.png,NORM,NONE,HYPO,NONE
EH5_Siemens012/jai_0000147_459_1393.png,NORM,OVAL,HYPO,NONE
CDB_Sample030/jai_0000100_449_738.png,MICR,NONE,NONE,NONE
EH5_Siemens012/jai_0001512_779_1122.png,NORM,NONE,NONE,NRBC
CDB_Sample030/jai_0000020_618_1011.png,NORM,ELLI,NONE,NONE
EH5_Siemens012/jai_0000174_780_231.png,NORM,NONE,TARG,NONE
CDB_Sample156/jai_0000309_910_1048.png,NORM,ECHI,NONE,NONE
EH5_Siemens083/jai_0000183_1646_960.png,NORM,NONE,NONE,"BAST, RETI"
CDB_Sample189/jai_0000119_855_489.png,NORM,NONE,NONE,PABO
EH5_Siemens013/jai_0000333_1604_1194.png,NORM,NONE,NONE,NONE
CDB_Sample189/jai_0000333_157_1384.png,NORM,NONE,NONE,HOJO
EH5_Siemens012/jai_0001437_654_1314.png,NORM,OVAL,NONE,"BAST, HOJO"
EH5_Siemens012/jai_0000264_1196_1287.png,NORM,NONE,NONE,"BAST, HOJO, RETI"
EH5_Siemens012/jai_0000951_513_920.png,NORM,NONE,NONE,"BAST, HOJO, RETI"
EH5_Siemens012/jai_0001338_741_506.png,NORM,NONE,HYPO,NONE
CDB_Sample189/jai_0000374_1804_336.png,NORM,NONE,NONE,NONE
EH5_Siemens013/jai_0000417_1357_1080.png,NORM,NONE,NONE,NONE
EH5_Siemens003/jai_0000976_1672_650.png,MICR,NONE,NONE,NONE
EH5_Siemens083/jai_0000179_1352_682.png,NORM,NONE,HYPO,NONE
EH5_Siemens013/jai_0000417_975_1024.png,NORM,NONE,NONE,NONE
EH5_Siemens037/jai_0000481_1197_731.png,NORM,NONE,NONE,NONE
EH5_Siemens012/jai_0000951_513_920.png,NORM,NONE,NONE,"BAST, HOJO, RETI"
CDB_Sample125/jai_0000226_1850_616.png,NORM,NONE,NONE,NONE
CDB_Sample189/jai_0000038_751_204.png,NORM,NONE,NONE,"HOJO, RETI"
EH5_Siemens012/jai_0001256_755_1091.png,NORM,NONE,NONE,BAST
CDB_Sample012/jai_0000194_795_646.png,MICR,NONE,NONE,NONE
EH5_Siemens029/jai_0000655_1259_1301.png,MACR,NONE,HYPO,NONE
EH5_Siemens013/jai_0000371_1581_1097.png,NORM,OVAL,NONE,NONE
CDB_Sample012/jai_0000030_275_951.png,NORM,NONE,NONE,NONE
CDB_Sample030/jai_0000147_685_888.png,NORM,NONE,NONE,RETI
CDB_Sample030/jai_0000231_677_677.png,NORM,NONE,NONE,NONE
EH5_Siemens083/jai_0000142_1285_256.png,MICR,NONE,NONE,NONE
CDB_Sample012/jai_0000114_1066_581.png,NORM,NONE,NONE,NONE
EH5_Siemens029/jai_0000873_877_733.png,NORM,NONE,NONE,NONE
EH5_Siemens012/jai_0001353_1286_1185.png,NORM,HELM,NONE,"BAST, HOJO"
CDB_Sample156/jai_0000349_881_1055.png,NORM,NONE,NONE,NONE
CDB_Sample189/jai_0000118_1067_77.png,NORM,ECHI,NONE,NONE
EH5_Siemens083/jai_0001430_723_1229.png,NORM,NONE,HYPO,NONE
CDB_Sample156/jai_0000307_888_110.png,NORM,NONE,NONE,NONE
EH5_Siemens083/jai_0000016_423_719.png,NORM,NONE,HYPO,NONE
CDB_Sample030/jai_0000189_1354_653.png,NORM,ELLI,NONE,NONE
EH5_Siemens013/jai_0000327_1273_407.png,NORM,TEAR,NONE,NONE
EH5_Siemens003/jai_0000980_1230_669.png,NORM,NONE,HYPR,NONE
EH5_Siemens012/jai_0000147_1776_1101.png,MICR,NONE,NONE,"BAST, RETI"
CDB_Sample156/jai_0000095_617_740.png,NORM,ACAN,NONE,NONE
EH5_Siemens013/jai_0000371_1147_1118.png,NORM,TEAR,NONE,NONE
CDB_Sample012/jai_0000031_1666_720.png,NORM,NONE,STOM,NONE
CDB_Sample189/jai_0000337_1873_779.png,NORM,NONE,NONE,PABO
EH5_Siemens037/jai_0000655_1813_68.png,NORM,ECHI,NONE,NONE
EH5_Siemens012/jai_0000179_956_1205.png,NORM,NONE,HYPO,NONE
EH5_Siemens012/jai_0000057_620_260.png,NORM,NONE,NONE,NONE
CDB_Sample030/jai_0000231_1104_137.png,NORM,OVAL,NONE,NONE
EH5_Siemens012/jai_0000046_321_800.png,NORM,NONE,NONE,NRBC
CDB_Sample030/jai_0000233_1565_1028.png,NORM,NONE,NONE,NONE
EH5_Siemens008/jai_0000578_1265_173.png,NORM,BITE,NONE,NONE
EH5_Siemens003/jai_0000224_429_331.png,NORM,NONE,NONE,HOJO
CDB_Sample030/jai_0000277_1159_1412.png,MICR,NONE,NONE,NONE
EH5_Siemens029/jai_0000822_1331_1196.png,NORM,NONE,NONE,NONE
EH5_Siemens012/jai_0001353_1286_1185.png,NORM,HELM,NONE,"BAST, HOJO"
CDB_Sample125/jai_0000053_619_1361.png,NORM,NONE,NONE,BAST
CDB_Sample189/jai_0000247_788_269.png,NORM,NONE,NONE,PABO
EH5_Siemens037/jai_0000656_534_503.png,NORM,ACAN,NONE,NONE
EH5_Siemens012/jai_0000046_321_800.png,NORM,NONE,NONE,NRBC
EH5_Siemens029/jai_0000525_401_269.png,NORM,NONE,NONE,NONE
CDB_Sample012/jai_0000116_1617_897.png,MACR,NONE,HYPO,NONE
CDB_Sample030/jai_0000019_1624_641.png,NORM,NONE,NONE,NONE
EH5_Siemens008/jai_0001437_841_350.png,NORM,BITE,NONE,NONE
EH5_Siemens029/jai_0000396_233_1144.png,MICR,NONE,NONE,NONE
EH5_Siemens083/jai_0001430_510_1212.png,MACR,NONE,STOM,NONE
CDB_Sample012/jai_0000026_68_514.png,MICR,NONE,NONE,NONE
EH5_Siemens008/jai_0001186_378_1016.png,NORM,NONE,NONE,NONE
EH5_Siemens029/jai_0000133_729_749.png,MICR,NONE,NONE,NONE
CDB_Sample030/jai_0000145_195_391.png,NORM,OVAL,NONE,NONE
EH5_Siemens012/jai_0000182_227_975.png,MICR,NONE,NONE,"BAST, RETI"
EH5_Siemens013/jai_0000588_336_1131.png,NORM,NONE,NONE,NONE
CDB_Sample030/jai_0000148_209_218.png,NORM,ELLI,NONE,NONE
CDB_Sample189/jai_0000123_1918_253.png,NORM,NONE,NONE,PABO
EH5_Siemens037/jai_0000358_594_539.png,NORM,ECHI,NONE,NONE
CDB_Sample156/jai_0000265_1426_179.png,NORM,NONE,NONE,NONE
CDB_Sample125/jai_0000010_1673_1163.png,MICR,SPHE,NONE,NONE
EH5_Siemens012/jai_0000147_744_309.png,NORM,NONE,TARG,NONE
EH5_Siemens012/jai_0001300_1842_710.png,NORM,NONE,TARG,NONE
EH5_Siemens012/jai_0000059_1915_181.png,NORM,NONE,TARG,NONE
CDB_Sample030/jai_0000186_1138_356.png,NORM,NONE,HYPO,NONE
EH5_Siemens008/jai_0000449_90_1197.png,NORM,NONE,STOM,NONE
CDB_Sample189/jai_0000335_384_802.png,NORM,NONE,NONE,HOJO
CDB_Sample030/jai_0000103_1095_634.png,NORM,NONE,NONE,NONE
EH5_Siemens012/jai_0001437_654_1314.png,NORM,OVAL,NONE,"BAST, HOJO"
CDB_Sample012/jai_0000027_710_98.png,MICR,NONE,NONE,NONE
EH5_Siemens008/jai_0000277_485_1323.png,MICR,SPHE,NONE,NONE
EH5_Siemens037/jai_0000313_23_1380.png,MACR,NONE,NONE,NONE
EH5_Siemens012/jai_0000003_1247_345.png,NORM,NONE,HYPO,NONE
CDB_Sample125/jai_0000354_1060_1048.png,NORM,NONE,NONE,MALA
CDB_Sample030/jai_0000185_201_1359.png,NORM,NONE,HYPO,NONE
EH5_Siemens013/jai_0000072_855_1343.png,NORM,TEAR,NONE,NONE
EH5_Siemens029/jai_0000310_1164_1051.png,NORM,NONE,NONE,NONE
EH5_Siemens012/jai_0001268_294_1421.png,MICR,NONE,NONE,BAST
EH5_Siemens013/jai_0001114_1438_580.png,NORM,TEAR,NONE,NONE
CDB_Sample156/jai_0000610_33_103.png,NORM,NONE,NONE,NONE
EH5_Siemens008/jai_0001350_991_905.png,NORM,NONE,NONE,NONE
EH5_Siemens083/jai_0000017_1557_1153.png,NORM,NONE,NONE,"BAST, RETI"
EH5_Siemens012/jai_0000044_1513_58.png,MICR,SCHI,NONE,NONE
EH5_Siemens012/jai_0000136_1272_692.png,NORM,NONE,HYPO,NONE
CDB_Sample125/jai_0000094_222_998.png,NORM,ECHI,NONE,NONE
CDB_Sample125/jai_0000268_498_270.png,NORM,NONE,NONE,MALA
CDB_Sample189/jai_0000290_472_275.png,NORM,SICK,NONE,NONE
EH5_Siemens083/jai_0001428_211_416.png,NORM,ECHI,NONE,NONE
CDB_Sample012/jai_0000155_1277_542.png,NORM,NONE,NONE,NONE
EH5_Siemens003/jai_0000064_1821_947.png,NORM,NONE,NONE,NONE
CDB_Sample012/jai_0000107_434_607.png,NORM,NONE,NONE,HOJO
CDB_Sample030/jai_0000184_346_851.png,NORM,OVAL,HYPO,NONE
CDB_Sample189/jai_0000247_788_269.png,NORM,NONE,NONE,PABO
EH5_Siemens013/jai_0000889_178_1279.png,NORM,NONE,NONE,"BAST, RETI"
EH5_Siemens012/jai_0000003_660_213.png,NORM,NONE,NONE,"BAST, RETI"
CDB_Sample189/jai_0000121_1610_560.png,NORM,NONE,NONE,PABO
CDB_Sample156/jai_0000351_107_493.png,NORM,ECHI,NONE,NONE
EH5_Siemens029/jai_0000655_732_1154.png,NORM,ECHI,NONE,NONE
EH5_Siemens029/jai_0000568_1011_633.png,NORM,HELM,NONE,NONE
EH5_Siemens012/jai_0001268_1072_216.png,MICR,OVAL,NONE,"HOJO, RETI"
EH5_Siemens083/jai_0001430_561_1409.png,NORM,OVAL,HYPO,NONE
CDB_Sample156/jai_0000394_84_475.png,NORM,ECHI,NONE,NONE
CDB_Sample189/jai_0000288_793_1061.png,NORM,NONE,NONE,RETI
EH5_Siemens012/jai_0000187_607_933.png,NORM,NONE,TARG,NONE
EH5_Siemens039/jai_0000188_1200_698.png,NORM,HELM,NONE,NONE
EH5_Siemens029/jai_0000225_951_770.png,NORM,NONE,NONE,NONE
EH5_Siemens012/jai_0000318_436_1286.png,NORM,NONE,STOM,NONE
EH5_Siemens012/jai_0001477_876_585.png,NORM,NONE,NONE,BAST
CDB_Sample189/jai_0000118_363_380.png,NORM,SICK,NONE,NONE
EH5_Siemens037/jai_0000653_1009_364.png,NORM,NONE,TARG,NONE
EH5_Siemens012/jai_0000264_1196_1287.png,NORM,NONE,NONE,"BAST, HOJO, RETI"
EH5_Siemens083/jai_0001472_543_113.png,MACR,NONE,NONE,BAST
CDB_Sample012/jai_0000198_381_1269.png,NORM,NONE,NONE,NONE
EH5_Siemens012/jai_0000951_513_920.png,NORM,NONE,NONE,"BAST, HOJO, RETI"
EH5_Siemens083/jai_0000060_390_34.png,NORM,NONE,HYPO,NONE
EH5_Siemens012/jai_0000836_982_410.png,MICR,NONE,NONE,"BAST, RETI"
EH5_Siemens012/jai_0001535_787_177.png,NORM,OVAL,HYPO,NONE
EH5_Siemens008/jai_0000188_947_1054.png,NORM,NONE,NONE,NONE
CDB_Sample189/jai_0000288_246_375.png,NORM,NONE,NONE,PABO
EH5_Siemens037/jai_0000395_1626_556.png,NORM,ECHI,NONE,NONE
CDB_Sample189/jai_0000115_1183_460.png,NORM,SICK,NONE,NONE
EH5_Siemens008/jai_0001186_1374_1094.png,NORM,NONE,NONE,NONE
EH5_Siemens012/jai_0000179_921_876.png,NORM,NONE,NONE,NRBC
EH5_Siemens012/jai_0001338_1549_880.png,NORM,NONE,STOM,NONE
EH5_Siemens029/jai_0000048_1586_1125.png,NORM,NONE,NONE,NONE
CDB_Sample189/jai_0000040_1825_70.png,NORM,ECHI,NONE,NONE
CDB_Sample189/jai_0000374_343_288.png,NORM,NONE,NONE,NONE
EH5_Siemens008/jai_0000449_90_1197.png,NORM,NONE,STOM,NONE
EH5_Siemens012/jai_0001268_1072_216.png,MICR,OVAL,NONE,"HOJO, RETI"
EH5_Siemens083/jai_0000309_585_487.png,NORM,NONE,HYPO,RETI
CDB_Sample012/jai_0000070_1549_789.png,NORM,NONE,NONE,NONE
CDB_Sample030/jai_0000145_1507_128.png,NORM,OVAL,NONE,NONE
CDB_Sample030/jai_0000185_1460_701.png,NORM,TEAR,NONE,NONE
CDB_Sample156/jai_0000564_1431_1101.png,NORM,NONE,NONE,NONE
EH5_Siemens012/jai_0000825_720_955.png,NORM,NONE,NONE,"BAST, RETI"
EH5_Siemens008/jai_0000621_1175_302.png,NORM,NONE,NONE,NONE
EH5_Siemens083/jai_0000180_1762_297.png,MACR,NONE,HYPR,NONE
EH5_Siemens012/jai_0000187_1142_768.png,NORM,NONE,HYPO,NONE
EH5_Siemens012/jai_0000951_513_920.png,NORM,NONE,NONE,"BAST, HOJO, RETI"
EH5_Siemens012/jai_0000043_86_1253.png,NORM,NONE,NONE,BAST
EH5_Siemens012/jai_0001353_1286_1185.png,NORM,HELM,NONE,"BAST, HOJO"
EH5_Siemens037/jai_0000441_1353_1263.png,NORM,ECHI,NONE,NONE
EH5_Siemens029/jai_0000184_1065_1312.png,MICR,NONE,NONE,NONE
CDB_Sample125/jai_0000225_1386_926.png,NORM,NONE,NONE,MALA
EH5_Siemens083/jai_0000183_762_244.png,MICR,NONE,NONE,NONE
EH5_Siemens012/jai_0000147_1838_69.png,NORM,NONE,HYPO,NONE
CDB_Sample156/jai_0000181_148_735.png,NORM,ACAN,NONE,NONE
CDB_Sample189/jai_0000035_1565_1109.png,NORM,SICK,NONE,NONE
CDB_Sample156/jai_0000392_422_1019.png,NORM,ACAN,NONE,NONE
EH5_Siemens041/jai_0000188_1681_418.png,NORM,BITE,NONE,NONE
CDB_Sample189/jai_0000116_1886_291.png,NORM,NONE,NONE,RETI
EH5_Siemens003/jai_0000242_611_1064.png,NORM,NONE,HYPR,NONE
EH5_Siemens012/jai_0001353_1286_1185.png,NORM,HELM,NONE,"BAST, HOJO"
EH5_Siemens012/jai_0001268_1072_216.png,MICR,OVAL,NONE,"HOJO, RETI"
EH5_Siemens012/jai_0000147_1682_374.png,NORM,NONE,NONE,NRBC
EH5_Siemens012/jai_0000182_1702_598.png,MICR,NONE,HYPO,NONE
CDB_Sample125/jai_0000272_1838_307.png,NORM,NONE,NONE,NONE
EH5_Siemens013/jai_0000847_139_1331.png,NORM,NONE,NONE,NONE
CDB_Sample189/jai_0000038_751_204.png,NORM,NONE,NONE,"HOJO, RETI"
EH5_Siemens012/jai_0000187_1596_942.png,NORM,NONE,HYPO,NONE
CDB_Sample189/jai_0000379_1437_1319.png,NORM,NONE,NONE,NONE
EH5_Siemens012/jai_0000264_1196_1287.png,NORM,NONE,NONE,"BAST, HOJO, RETI"
EH5_Siemens037/jai_0000356_530_332.png,MACR,NONE,NONE,NONE
EH5_Siemens012/jai_0000789_1232_498.png,NORM,NONE,HYPO,NONE
EH5_Siemens012/jai_0000264_1196_1287.png,NORM,NONE,NONE,"BAST, HOJO, RETI"
EH5_Siemens012/jai_0000059_563_1374.png,MICR,NONE,NONE,NONE
EH5_Siemens029/jai_0000048_1582_1228.png,NORM,NONE,NONE,NONE
EH5_Siemens012/jai_0000044_69_126.png,NORM,NONE,NONE,NRBC
EH5_Siemens012/jai_0000951_513_920.png,NORM,NONE,NONE,"BAST, HOJO, RETI"
EH5_Siemens083/jai_0000179_172_642.png,NORM,ECHI,NONE,NONE
CDB_Sample030/jai_0000061_1648_162.png,NORM,NONE,NONE,NONE
EH5_Siemens012/jai_0001126_684_1296.png,NORM,ACAN,NONE,NONE
EH5_Siemens012/jai_0001268_1072_216.png,MICR,OVAL,NONE,"HOJO, RETI"
EH5_Siemens008/jai_0000241_1394_316.png,NORM,NONE,NONE,NONE
EH5_Siemens029/jai_0000655_677_455.png,NORM,NONE,NONE,NONE
EH5_Siemens029/jai_0000695_1748_1419.png,NORM,NONE,NONE,NONE
EH5_Siemens029/jai_0000052_942_687.png,NORM,NONE,NONE,NONE
EH5_Siemens008/jai_0001392_1107_1377.png,NORM,NONE,NONE,NONE
EH5_Siemens041/jai_0000317_1128_732.png,NORM,HELM,NONE,NONE
CDB_Sample189/jai_0000116_469_810.png,NORM,SICK,NONE,NONE
EH5_Siemens083/jai_0001387_303_729.png,NORM,NONE,NONE,NONE
EH5_Siemens045/jai_0000013_1092_1117.png,MICR,SCHI,NONE,NONE
CDB_Sample189/jai_0000246_1501_492.png,NORM,NONE,NONE,PABO
EH5_Siemens045/jai_0000008_687_666.png,MICR,SCHI,NONE,NONE
CDB_Sample189/jai_0000372_1154_1370.png,NORM,SICK,NONE,NONE
CDB_Sample125/jai_0000180_1765_507.png,NORM,ECHI,NONE,NONE
EH5_Siemens012/jai_0000057_1265_428.png,NORM,NONE,TARG,NONE
EH5_Siemens012/jai_0000951_513_920.png,NORM,NONE,NONE,"BAST, HOJO, RETI"
EH5_Siemens029/jai_0000822_917_490.png,NORM,NONE,NONE,NONE
CDB_Sample156/jai_0000140_578_1188.png,NORM,ECHI,NONE,NONE
EH5_Siemens008/jai_0000595_637_330.png,NORM,NONE,NONE,NONE
EH5_Siemens012/jai_0000951_513_920.png,NORM,NONE,NONE,"BAST, HOJO, RETI"
CDB_Sample125/jai_0000059_622_709.png,NORM,NONE,NONE,NONE
CDB_Sample125/jai_0000051_892_607.png,NORM,NONE,NONE,MALA
CDB_Sample189/jai_0000247_608_771.png,NORM,NONE,NONE,HOJO
EH5_Siemens012/jai_0000057_1569_1060.png,NORM,NONE,NONE,NRBC
CDB_Sample012/jai_0000156_815_959.png,NORM,NONE,NONE,"BAST, RETI"
CDB_Sample012/jai_0000066_962_49.png,NORM,NONE,NONE,NONE
EH5_Siemens012/jai_0001353_1286_1185.png,NORM,HELM,NONE,"BAST, HOJO"
EH5_Siemens029/jai_0000048_1956_578.png,NORM,NONE,NONE,NONE
CDB_Sample030/jai_0000274_732_1129.png,MICR,NONE,NONE,NONE
CDB_Sample012/jai_0000067_1808_1131.png,NORM,NONE,HYPO,NONE
CDB_Sample189/jai_0000114_356_735.png,NORM,NONE,HYPO,HOJO
CDB_Sample125/jai_0000094_1275_1080.png,NORM,NONE,NONE,NONE
CDB_Sample189/jai_0000038_751_204.png,NORM,NONE,NONE,"HOJO, RETI"
EH5_Siemens008/jai_0000277_1053_1254.png,NORM,NONE,NONE,NONE
EH5_Siemens083/jai_0000184_677_900.png,NORM,NONE,HYPO,NONE
CDB_Sample125/jai_0000054_186_180.png,NORM,ECHI,NONE,NONE
CDB_Sample030/jai_0000097_920_729.png,MICR,NONE,NONE,NONE
CDB_Sample125/jai_0000058_596_678.png,NORM,NONE,NONE,MALA
EH5_Siemens029/jai_0000133_1784_1295.png,NORM,HELM,NONE,NONE
EH5_Siemens012/jai_0000951_513_920.png,NORM,NONE,NONE,"BAST, HOJO, RETI"
CDB_Sample125/jai_0000264_1242_1132.png,NORM,NONE,NONE,NONE
EH5_Siemens029/jai_0000439_463_918.png,MICR,NONE,NONE,NONE
CDB_Sample125/jai_0000349_876_924.png,NORM,NONE,NONE,MALA
EH5_Siemens083/jai_0000184_613_774.png,MICR,NONE,NONE,"BAST, RETI"
EH5_Siemens012/jai_0001437_654_1314.png,NORM,OVAL,NONE,"BAST, HOJO"
EH5_Siemens008/jai_0001437_109_1239.png,NORM,NONE,NONE,NONE
EH5_Siemens029/jai_0000569_956_493.png,MICR,NONE,NONE,NONE
CDB_Sample189/jai_0000034_1653_196.png,NORM,NONE,NONE,NONE
CDB_Sample156/jai_0000051_1266_38.png,NORM,TEAR,NONE,NONE
EH5_Siemens012/jai_0001268_1072_216.png,MICR,OVAL,NONE,"HOJO, RETI"
CDB_Sample189/jai_0000118_363_380.png,NORM,SICK,NONE,NONE
EH5_Siemens083/jai_0000223_259_1324.png,MICR,NONE,NONE,NONE
EH5_Siemens013/jai_0000417_615_635.png,NORM,TEAR,NONE,NONE
CDB_Sample030/jai_0000233_138_95.png,NORM,NONE,NONE,BAST
EH5_Siemens003/jai_0000278_31_580.png,NORM,NONE,NONE,NONE
CDB_Sample012/jai_0000110_56_506.png,NORM,NONE,NONE,NONE
EH5_Siemens029/jai_0000568_548_558.png,NORM,NONE,NONE,NONE
CDB_Sample125/jai_0000274_594_766.png,NORM,NONE,NONE,MALA
EH5_Siemens012/jai_0001603_102_646.png,MICR,NONE,NONE,BAST
EH5_Siemens037/jai_0000135_1049_1198.png,MACR,NONE,HYPR,NONE
EH5_Siemens029/jai_0000133_557_121.png,NORM,NONE,NONE,NONE
EH5_Siemens008/jai_0000583_1616_1067.png,NORM,NONE,NONE,NONE
CDB_Sample030/jai_0000272_1761_833.png,NORM,NONE,NONE,NONE
EH5_Siemens003/jai_0000158_1153_1430.png,NORM,NONE,HYPR,NONE
CDB_Sample030/jai_0000146_1454_876.png,NORM,ELLI,NONE,NONE
EH5_Siemens008/jai_0001437_841_350.png,NORM,BITE,NONE,NONE
EH5_Siemens029/jai_0000310_329_280.png,MICR,NONE,NONE,NONE
EH5_Siemens083/jai_0000223_1001_437.png,NORM,NONE,HYPO,NONE
EH5_Siemens029/jai_0000048_80_1155.png,MICR,SPHE,NONE,NONE
EH5_Siemens083/jai_0000058_1859_154.png,NORM,NONE,NONE,NONE
EH5_Siemens003/jai_0000980_1155_1107.png,NORM,NONE,NONE,NONE
EH5_Siemens037/jai_0000142_1044_258.png,NORM,NONE,NONE,HOJO
CDB_Sample156/jai_0000094_1019_747.png,NORM,NONE,NONE,NONE
EH5_Siemens083/jai_0000180_225_221.png,NORM,ECHI,NONE,NONE
EH5_Siemens012/jai_0000264_1196_1287.png,NORM,NONE,NONE,"BAST, HOJO, RETI"
EH5_Siemens083/jai_0000182_69_900.png,MICR,NONE,NONE,NONE
EH5_Siemens083/jai_0000356_1861_883.png,NORM,NONE,NONE,NONE
EH5_Siemens008/jai_0000021_395_1035.png,MICR,NONE,NONE,NONE
CDB_Sample125/jai_0000269_1723_806.png,NORM,NONE,NONE,NONE
CDB_Sample125/jai_0000059_1154_945.png,NORM,ECHI,NONE,MALA
EH5_Siemens008/jai_0000362_1224_1040.png,NORM,NONE,NONE,NONE
CDB_Sample126/jai_0000107_1401_1370.png,NORM,NONE,NONE,NONE
EH5_Siemens045/jai_0000102_662_789.png,MICR,SCHI,NONE,NONE
CDB_Sample030/jai_0000101_636_854.png,MICR,NONE,HYPR,NONE
EH5_Siemens013/jai_0000803_1064_554.png,NORM,TEAR,NONE,NONE
EH5_Siemens037/jai_0000570_1036_1416.png,NORM,NONE,NONE,NONE
EH5_Siemens083/jai_0000182_1252_949.png,NORM,HELM,NONE,NONE
EH5_Siemens008/jai_0000277_681_315.png,NORM,NONE,NONE,NONE
CDB_Sample012/jai_0000070_514_979.png,NORM,NONE,NONE,NONE
CDB_Sample189/jai_0000119_618_363.png,NORM,NONE,NONE,HOJO
EH5_Siemens013/jai_0001155_59_930.png,NORM,TEAR,NONE,NONE
EH5_Siemens008/jai_0000021_1959_105.png,NORM,NONE,NONE,NONE
CDB_Sample030/jai_0000061_1401_338.png,MICR,NONE,NONE,NONE
EH5_Siemens012/jai_0000059_1789_295.png,NORM,NONE,NONE,NRBC
EH5_Siemens012/jai_0000057_1427_1132.png,NORM,NONE,NONE,NRBC
EH5_Siemens012/jai_0001268_1072_216.png,MICR,OVAL,NONE,"HOJO, RETI"
CDB_Sample030/jai_0000185_650_1179.png,NORM,TEAR,NONE,NONE
EH5_Siemens012/jai_0000046_321_800.png,NORM,NONE,NONE,NRBC
EH5_Siemens012/jai_0000347_1486_1215.png,MICR,NONE,NONE,"BAST, RETI"
CDB_Sample189/jai_0000119_855_489.png,NORM,NONE,NONE,PABO
CDB_Sample189/jai_0000161_1080_1188.png,NORM,NONE,NONE,PABO
CDB_Sample156/jai_0000268_272_867.png,NORM,NONE,NONE,NONE
CDB_Sample189/jai_0000117_497_104.png,NORM,NONE,NONE,PABO
EH5_Siemens012/jai_0000836_982_410.png,MICR,NONE,NONE,"BAST, RETI"
EH5_Siemens029/jai_0000692_676_252.png,MICR,NONE,NONE,NONE
CDB_Sample156/jai_0000270_1285_251.png,NORM,NONE,NONE,NONE
CDB_Sample189/jai_0000168_1623_806.png,NORM,NONE,NONE,HOJO
EH5_Siemens029/jai_0000822_1588_488.png,MICR,SPHE,NONE,NONE
EH5_Siemens003/jai_0000947_887_1144.png,NORM,NONE,NONE,NONE
EH5_Siemens008/jai_0000621_37_791.png,NORM,NONE,NONE,NONE
EH5_Siemens003/jai_0000158_511_666.png,NORM,NONE,STOM,NONE
EH5_Siemens008/jai_0000362_718_777.png,NORM,NONE,NONE,NONE
EH5_Siemens029/jai_0000439_1964_747.png,NORM,ECHI,NONE,NONE
CDB_Sample125/jai_0000315_1104_557.png,NORM,NONE,NONE,MALA
CDB_Sample030/jai_0000101_689_270.png,NORM,TEAR,NONE,NONE
EH5_Siemens012/jai_0000182_78_449.png,NORM,NONE,HYPO,NONE
CDB_Sample012/jai_0000155_891_745.png,NORM,NONE,NONE,NONE
CDB_Sample125/jai_0000351_997_448.png,MACR,NONE,NONE,NONE
CDB_Sample012/jai_0000106_1519_468.png,NORM,NONE,NONE,NONE
EH5_Siemens083/jai_0000179_1283_1217.png,NORM,ECHI,NONE,NONE
EH5_Siemens039/jai_0000188_848_401.png,NORM,HELM,NONE,NONE
CDB_Sample125/jai_0000356_1418_1366.png,MICR,NONE,NONE,NONE
CDB_Sample125/jai_0000316_201_85.png,NORM,NONE,NONE,MALA
CDB_Sample189/jai_0000247_1596_502.png,NORM,NONE,NONE,NONE
EH5_Siemens037/jai_0000441_922_1261.png,NORM,NONE,NONE,NONE
CDB_Sample125/jai_0000055_162_1302.png,MACR,NONE,HYPO,NONE
EH5_Siemens012/jai_0001268_1072_216.png,MICR,OVAL,NONE,"HOJO, RETI"
EH5_Siemens012/jai_0000951_513_920.png,NORM,NONE,NONE,"BAST, HOJO, RETI"
CDB_Sample030/jai_0000277_1909_424.png,NORM,NONE,NONE,RETI
EH5_Siemens037/jai_0000570_1439_389.png,NORM,NONE,NONE,RETI
EH5_Siemens029/jai_0000184_1009_1040.png,NORM,NONE,NONE,NONE
EH5_Siemens012/jai_0000951_513_920.png,NORM,NONE,NONE,"BAST, HOJO, RETI"
EH5_Siemens013/jai_0001155_1708_614.png,NORM,TEAR,NONE,NONE
CDB_Sample012/jai_0000116_533_1366.png,NORM,NONE,NONE,NONE
CDB_Sample189/jai_0000038_751_204.png,NORM,NONE,NONE,"HOJO, RETI"
EH5_Siemens012/jai_0000836_207_898.png,NORM,NONE,NONE,NRBC
EH5_Siemens012/jai_0000264_507_622.png,NORM,NONE,NONE,"BAST, RETI"
CDB_Sample012/jai_0000155_206_689.png,NORM,NONE,NONE,NONE
EH5_Siemens012/jai_0001084_976_493.png,MICR,SCHI,NONE,NONE
EH5_Siemens012/jai_0000057_1569_1060.png,NORM,NONE,NONE,NRBC
EH5_Siemens013/jai_0000072_54_403.png,NORM,NONE,NONE,NONE
CDB_Sample125/jai_0000268_1972_1136.png,NORM,NONE,NONE,MALA
CDB_Sample189/jai_0000038_751_204.png,NORM,NONE,NONE,"HOJO, RETI"
CDB_Sample030/jai_0000141_341_684.png,MICR,NONE,NONE,NONE
EH5_Siemens012/jai_0000264_1196_1287.png,NORM,NONE,NONE,"BAST, HOJO, RETI"
CDB_Sample030/jai_0000146_862_1249.png,NORM,NONE,NONE,NONE
EH5_Siemens012/jai_0001126_684_1296.png,NORM,ACAN,NONE,NONE
CDB_Sample189/jai_0000038_751_204.png,NORM,NONE,NONE,"HOJO, RETI"
CDB_Sample156/jai_0000610_1132_1167.png,NORM,NONE,NONE,MALA
CDB_Sample030/jai_0000274_879_547.png,NORM,NONE,NONE,NONE
CDB_Sample125/jai_0000266_1891_55.png,NORM,NONE,HYPR,NONE
CDB_Sample189/jai_0000117_497_104.png,NORM,NONE,NONE,PABO
EH5_Siemens083/jai_0000401_1651_203.png,NORM,TEAR,NONE,NONE
EH5_Siemens083/jai_0000017_1557_1153.png,NORM,NONE,NONE,"BAST, RETI"
EH5_Siemens012/jai_0001353_1286_1185.png,NORM,HELM,NONE,"BAST, HOJO"
EH5_Siemens013/jai_0000074_1023_964.png,NORM,TEAR,NONE,NONE
CDB_Sample030/jai_0000018_86_39.png,NORM,NONE,NONE,NONE
EH5_Siemens013/jai_0000544_1394_853.png,NORM,TEAR,NONE,NONE
CDB_Sample030/jai_0000146_973_339.png,MICR,NONE,NONE,NONE
EH5_Siemens012/jai_0000182_1901_1098.png,MACR,NONE,HYPO,"BAST, RETI"
EH5_Siemens083/jai_0000060_1286_914.png,NORM,NONE,NONE,RETI
EH5_Siemens013/jai_0000158_1453_570.png,NORM,NONE,NONE,NONE
CDB_Sample030/jai_0000233_540_49.png,NORM,OVAL,HYPO,NONE
EH5_Siemens013/jai_0001067_959_847.png,MICR,NONE,NONE,NONE
EH5_Siemens012/jai_0000264_1196_1287.png,NORM,NONE,NONE,"BAST, HOJO, RETI"
EH5_Siemens012/jai_0000059_1658_1150.png,NORM,NONE,HYPO,NONE
EH5_Siemens045/jai_0000185_1032_383.png,MICR,SCHI,NONE,NONE
EH5_Siemens012/jai_0000655_1314_126.png,MICR,SCHI,NONE,NONE
EH5_Siemens037/jai_0000611_1881_721.png,NORM,ACAN,NONE,NONE
EH5_Siemens045/jai_0000186_1249_692.png,NORM,BITE,NONE,NONE
EH5_Siemens045/jai_0000136_1603_555.png,NORM,HELM,NONE,NONE
CDB_Sample189/jai_0000161_1184_648.png,NORM,NONE,NONE,NONE
CDB_Sample125/jai_0000315_1104_557.png,NORM,NONE,NONE,MALA
CDB_Sample189/jai_0000334_472_416.png,NORM,NONE,HYPO,PABO
EH5_Siemens012/jai_0000147_525_693.png,NORM,NONE,NONE,NONE
CDB_Sample030/jai_0000096_640_358.png,NORM,ELLI,NONE,NONE
CDB_Sample189/jai_0000114_1933_872.png,NORM,NONE,NONE,HOJO
EH5_Siemens012/jai_0000192_826_1181.png,NORM,NONE,HYPO,"BAST, RETI"
EH5_Siemens012/jai_0001353_1286_1185.png,NORM,HELM,NONE,"BAST, HOJO"
CDB_Sample125/jai_0000004_1634_183.png,NORM,HELM,NONE,NONE
CDB_Sample189/jai_0000038_751_204.png,NORM,NONE,NONE,"HOJO, RETI"
CDB_Sample189/jai_0000035_1565_1109.png,NORM,SICK,NONE,NONE
EH5_Siemens012/jai_0000059_236_1137.png,NORM,NONE,HYPO,NONE
EH5_Siemens012/jai_0000951_513_920.png,NORM,NONE,NONE,"BAST, HOJO, RETI"
CDB_Sample189/jai_0000372_1046_379.png,NORM,TEAR,NONE,NONE
EH5_Siemens013/jai_0001114_967_148.png,MICR,NONE,NONE,NONE
EH5_Siemens037/jai_0000655_1563_795.png,MICR,NONE,NONE,NONE
EH5_Siemens008/jai_0001392_1499_519.png,MICR,SPHE,NONE,NONE
EH5_Siemens013/jai_0000969_1122_1087.png,MICR,NONE,NONE,NONE
CDB_Sample189/jai_0000038_751_204.png,NORM,NONE,NONE,"HOJO, RETI"
EH5_Siemens012/jai_0000318_601_1354.png,NORM,NONE,TARG,NONE
CDB_Sample189/jai_0000373_1853_1117.png,NORM,NONE,NONE,PABO
CDB_Sample189/jai_0000168_1713_1379.png,NORM,NONE,NONE,HOJO
EH5_Siemens012/jai_0000147_381_1229.png,NORM,NONE,HYPR,NONE
EH5_Siemens083/jai_0000016_1532_1068.png,NORM,NONE,HYPR,NONE
EH5_Siemens029/jai_0000695_1319_805.png,MICR,NONE,NONE,NONE
EH5_Siemens012/jai_0001268_1072_216.png,MICR,OVAL,NONE,"HOJO, RETI"
EH5_Siemens029/jai_0000225_1826_157.png,NORM,NONE,NONE,NONE
EH5_Siemens013/jai_0001064_1053_1285.png,NORM,NONE,STOM,NONE
CDB_Sample125/jai_0000314_1707_940.png,NORM,NONE,NONE,NONE
CDB_Sample189/jai_0000114_478_823.png,NORM,NONE,HYPO,PABO
CDB_Sample030/jai_0000232_172_1026.png,NORM,OVAL,NONE,NONE
EH5_Siemens012/jai_0001477_753_715.png,NORM,NONE,NONE,"BAST, RETI"
CDB_Sample012/jai_0000070_896_675.png,NORM,TEAR,NONE,NONE
EH5_Siemens012/jai_0000136_1811_605.png,NORM,NONE,TARG,NONE
EH5_Siemens003/jai_0000976_135_656.png,MICR,NONE,NONE,NONE
EH5_Siemens041/jai_0000357_1343_1239.png,NORM,HELM,NONE,NONE
CDB_Sample125/jai_0000181_709_701.png,NORM,NONE,NONE,NONE
CDB_Sample189/jai_0000038_751_204.png,NORM,NONE,NONE,"HOJO, RETI"
CDB_Sample189/jai_0000161_1480_272.png,NORM,NONE,NONE,HOJO
CDB_Sample030/jai_0000234_242_85.png,NORM,NONE,NONE,NONE
CDB_Sample030/jai_0000231_973_484.png,NORM,NONE,HYPR,NONE
EH5_Siemens012/jai_0000139_1314_103.png,NORM,NONE,TARG,NONE
EH5_Siemens037/jai_0000656_1659_636.png,NORM,NONE,NONE,NONE
EH5_Siemens029/jai_0000398_1472_1292.png,NORM,NONE,NONE,NONE
CDB_Sample030/jai_0000233_138_95.png,NORM,NONE,NONE,BAST
EH5_Siemens012/jai_0001353_1286_1185.png,NORM,HELM,NONE,"BAST, HOJO"
EH5_Siemens029/jai_0000525_863_1161.png,NORM,NONE,NONE,NONE
EH5_Siemens012/jai_0001353_1286_1185.png,NORM,HELM,NONE,"BAST, HOJO"
EH5_Siemens012/jai_0001512_564_319.png,NORM,NONE,TARG,BAST
EH5_Siemens012/jai_0000173_117_1120.png,NORM,NONE,HYPO,NONE
EH5_Siemens013/jai_0000417_1699_186.png,NORM,TEAR,NONE,NONE
EH5_Siemens012/jai_0000951_513_920.png,NORM,NONE,NONE,"BAST, HOJO, RETI"
EH5_Siemens003/jai_0000265_573_1385.png,NORM,NONE,NONE,HOJO
EH5_Siemens013/jai_0001067_274_662.png,MICR,NONE,NONE,NONE
CDB_Sample189/jai_0000034_819_226.png,NORM,NONE,NONE,PABO
EH5_Siemens012/jai_0000063_1521_650.png,MACR,NONE,HYPO,NONE
CDB_Sample030/jai_0000235_1431_358.png,NORM,NONE,NONE,NONE
EH5_Siemens008/jai_0000287_1215_691.png,MICR,SPHE,NONE,NONE
EH5_Siemens013/jai_0001155_1604_638.png,MICR,NONE,NONE,NONE
CDB_Sample030/jai_0000144_405_523.png,NORM,NONE,NONE,RETI
EH5_Siemens012/jai_0001353_1286_1185.png,NORM,HELM,NONE,"BAST, HOJO"
EH5_Siemens012/jai_0000951_513_920.png,NORM,NONE,NONE,"BAST, HOJO, RETI"
EH5_Siemens037/jai_0000570_1238_69.png,NORM,NONE,TARG,NONE
CDB_Sample156/jai_0000392_716_876.png,NORM,ACAN,NONE,NONE
EH5_Siemens037/jai_0000399_689_700.png,NORM,ECHI,NONE,NONE
CDB_Sample012/jai_0000155_214_1089.png,NORM,TEAR,NONE,NONE
EH5_Siemens037/jai_0000568_1142_1349.png,NORM,NONE,NONE,NONE
EH5_Siemens012/jai_0000046_321_800.png,NORM,NONE,NONE,NRBC
CDB_Sample030/jai_0000019_1795_958.png,NORM,NONE,NONE,NONE
EH5_Siemens012/jai_0000951_513_920.png,NORM,NONE,NONE,"BAST, HOJO, RETI"
CDB_Sample189/jai_0000038_751_204.png,NORM,NONE,NONE,"HOJO, RETI"
CDB_Sample030/jai_0000234_100_1302.png,NORM,NONE,NONE,NONE
CDB_Sample189/jai_0000248_1301_74.png,NORM,SICK,NONE,NONE
CDB_Sample189/jai_0000120_1642_89.png,NORM,NONE,STOM,NONE
EH5_Siemens012/jai_0000277_1361_1070.png,NORM,NONE,NONE,RETI
EH5_Siemens029/jai_0000225_1866_1413.png,NORM,NONE,NONE,NONE
EH5_Siemens008/jai_0000277_794_1082.png,MICR,SPHE,NONE,NONE
CDB_Sample012/jai_0000111_74_45.png,MICR,NONE,NONE,NONE
EH5_Siemens003/jai_0000980_1191_115.png,NORM,NONE,NONE,NONE
EH5_Siemens029/jai_0000653_1501_777.png,NORM,NONE,NONE,NONE
EH5_Siemens012/jai_0000046_1438_394.png,NORM,ACAN,NONE,NONE
CDB_Sample156/jai_0000269_152_898.png,NORM,NONE,NONE,NONE
CDB_Sample189/jai_0000246_1501_492.png,NORM,NONE,NONE,PABO
CDB_Sample030/jai_0000231_1762_1233.png,NORM,OVAL,NONE,NONE
EH5_Siemens012/jai_0000147_972_832.png,MICR,NONE,NONE,BAST
CDB_Sample125/jai_0000226_761_1371.png,NORM,NONE,NONE,NONE
EH5_Siemens012/jai_0001437_654_1314.png,NORM,OVAL,NONE,"BAST, HOJO"
CDB_Sample189/jai_0000376_841_107.png,NORM,NONE,NONE,HOJO
CDB_Sample189/jai_0000373_627_831.png,NORM,NONE,NONE,PABO
EH5_Siemens008/jai_0000595_801_1390.png,NORM,NONE,NONE,NONE
EH5_Siemens045/jai_0000011_1496_1233.png,MICR,SCHI,NONE,NONE
EH5_Siemens012/jai_0000951_513_920.png,NORM,NONE,NONE,"BAST, HOJO, RETI"
EH5_Siemens012/jai_0000264_1196_1287.png,NORM,NONE,NONE,"BAST, HOJO, RETI"
EH5_Siemens008/jai_0000621_371_1337.png,NORM,NONE,NONE,NONE
EH5_Siemens008/jai_0000621_1286_1112.png,NORM,NONE,NONE,NONE
EH5_Siemens083/jai_0000060_1565_633.png,NORM,OVAL,HYPR,NONE
CDB_Sample156/jai_0000178_1018_456.png,NORM,ECHI,NONE,NONE
CDB_Sample012/jai_0000156_1696_1281.png,NORM,NONE,NONE,NONE
CDB_Sample030/jai_0000017_642_109.png,NORM,NONE,NONE,HOJO
CDB_Sample030/jai_0000274_1057_553.png,MICR,SPHE,NONE,NONE
EH5_Siemens012/jai_0001353_1286_1185.png,NORM,HELM,NONE,"BAST, HOJO"
EH5_Siemens012/jai_0000655_732_889.png,MICR,NONE,NONE,"BAST, RETI"
CDB_Sample189/jai_0000038_751_204.png,NORM,NONE,NONE,"HOJO, RETI"
EH5_Siemens029/jai_0000828_606_323.png,NORM,NONE,NONE,NONE
EH5_Siemens039/jai_0000352_1667_807.png,NORM,HELM,NONE,NONE
CDB_Sample125/jai_0000272_1760_130.png,MICR,SCHI,NONE,NONE
CDB_Sample189/jai_0000034_848_1294.png,NORM,SICK,NONE,NONE
CDB_Sample012/jai_0000105_1120_1354.png,NORM,NONE,NONE,NONE
CDB_Sample030/jai_0000227_160_834.png,NORM,NONE,HYPO,NONE
EH5_Siemens013/jai_0000413_453_1180.png,MICR,NONE,NONE,NONE
EH5_Siemens012/jai_0000264_1196_1287.png,NORM,NONE,NONE,"BAST, HOJO, RETI"
CDB_Sample030/jai_0000232_263_1172.png,NORM,OVAL,HYPO,NONE
EH5_Siemens029/jai_0000654_1549_137.png,NORM,NONE,NONE,NONE
EH5_Siemens083/jai_0000401_877_697.png,MICR,NONE,NONE,NONE
EH5_Siemens008/jai_0001437_1110_227.png,NORM,BITE,NONE,NONE
CDB_Sample189/jai_0000168_715_253.png,NORM,NONE,NONE,RETI
CDB_Sample156/jai_0000266_1908_419.png,NORM,ECHI,NONE,NONE
CDB_Sample012/jai_0000117_239_429.png,NORM,NONE,NONE,NONE
CDB_Sample030/jai_0000272_340_463.png,NORM,NONE,HYPR,NONE
EH5_Siemens008/jai_0001392_1499_519.png,MICR,SPHE,NONE,NONE
EH5_Siemens037/jai_0000611_795_540.png,NORM,ECHI,NONE,NONE
EH5_Siemens012/jai_0001268_93_73.png,MICR,NONE,NONE,BAST
EH5_Siemens029/jai_0000353_620_1166.png,NORM,NONE,NONE,NONE
EH5_Siemens041/jai_0001306_501_1276.png,NORM,HELM,NONE,NONE
CDB_Sample030/jai_0000141_311_194.png,MICR,NONE,NONE,NONE
CDB_Sample189/jai_0000333_1349_958.png,NORM,NONE,NONE,NONE
CDB_Sample125/jai_0000268_1972_1136.png,NORM,NONE,NONE,MALA
CDB_Sample030/jai_0000235_33_409.png,NORM,NONE,HYPO,NONE
EH5_Siemens012/jai_0000182_404_1409.png,NORM,NONE,TARG,NONE
EH5_Siemens012/jai_0000836_1669_206.png,MICR,NONE,HYPO,NONE
EH5_Siemens012/jai_0000277_729_830.png,NORM,NONE,HYPO,RETI
EH5_Siemens012/jai_0000063_104_469.png,NORM,NONE,TARG,NONE
EH5_Siemens012/jai_0000264_1196_1287.png,NORM,NONE,NONE,"BAST, HOJO, RETI"
EH5_Siemens029/jai_0000440_429_110.png,NORM,HELM,NONE,NONE
EH5_Siemens083/jai_0000142_855_526.png,NORM,NONE,NONE,NONE
CDB_Sample156/jai_0000095_1101_361.png,NORM,ACAN,NONE,NONE
CDB_Sample156/jai_0000268_1429_583.png,NORM,ECHI,NONE,NONE
EH5_Siemens037/jai_0000483_1910_42.png,NORM,OVAL,NONE,NONE
EH5_Siemens083/jai_0001472_1669_1109.png,NORM,NONE,NONE,RETI
CDB_Sample156/jai_0000350_1194_1372.png,NORM,TEAR,NONE,NONE
EH5_Siemens012/jai_0001353_1286_1185.png,NORM,HELM,NONE,"BAST, HOJO"
EH5_Siemens013/jai_0000327_198_78.png,MICR,SPHE,NONE,NONE
EH5_Siemens012/jai_0000264_1196_1287.png,NORM,NONE,NONE,"BAST, HOJO, RETI"
CDB_Sample030/jai_0000272_1964_599.png,MICR,NONE,NONE,NONE
EH5_Siemens029/jai_0000822_776_1144.png,NORM,NONE,NONE,NONE
EH5_Siemens029/jai_0000395_733_1098.png,MICR,NONE,NONE,NONE
EH5_Siemens012/jai_0000147_1639_1371.png,NORM,NONE,HYPO,NONE
CDB_Sample189/jai_0000379_1255_143.png,NORM,NONE,NONE,RETI
EH5_Siemens012/jai_0000130_1819_748.png,NORM,NONE,NONE,"BAST, RETI"
EH5_Siemens029/jai_0000310_1391_1277.png,NORM,NONE,NONE,NONE
EH5_Siemens012/jai_0000046_321_800.png,NORM,NONE,NONE,NRBC
EH5_Siemens045/jai_0000189_499_40.png,NORM,HELM,NONE,NONE
EH5_Siemens083/jai_0000184_753_473.png,MICR,SCHI,NONE,NONE
CDB_Sample156/jai_0000610_848_349.png,NORM,NONE,NONE,MALA
EH5_Siemens037/jai_0000142_985_503.png,NORM,ELLI,NONE,NONE
CDB_Sample189/jai_0000374_313_607.png,MICR,NONE,NONE,NONE
EH5_Siemens029/jai_0000395_199_138.png,MICR,NONE,NONE,NONE
EH5_Siemens003/jai_0000224_429_331.png,NORM,NONE,NONE,HOJO
EH5_Siemens012/jai_0000187_1037_279.png,NORM,NONE,NONE,NONE
CDB_Sample030/jai_0000020_1912_1030.png,NORM,TEAR,NONE,NONE
EH5_Siemens013/jai_0000371_833_698.png,NORM,TEAR,NONE,NONE
EH5_Siemens083/jai_0000182_903_1113.png,NORM,OVAL,NONE,NONE
EH5_Siemens012/jai_0001173_1495_196.png,MICR,NONE,NONE,BAST
EH5_Siemens029/jai_0000569_382_495.png,NORM,NONE,HYPR,NONE
CDB_Sample189/jai_0000288_193_617.png,NORM,NONE,NONE,HOJO
EH5_Siemens029/jai_0000822_1091_833.png,NORM,NONE,NONE,NONE
CDB_Sample156/jai_0000307_1070_389.png,NORM,ECHI,NONE,NONE
EH5_Siemens083/jai_0000142_871_1034.png,NORM,NONE,NONE,NONE
EH5_Siemens029/jai_0000310_763_140.png,NORM,NONE,NONE,NONE
EH5_Siemens029/jai_0000353_1714_860.png,NORM,NONE,NONE,NONE
CDB_Sample156/jai_0000610_539_128.png,NORM,ACAN,NONE,NONE
CDB_Sample012/jai_0000113_712_371.png,NORM,TEAR,NONE,NONE
EH5_Siemens012/jai_0000019_1255_100.png,NORM,NONE,NONE,"BAST, RETI"
CDB_Sample156/jai_0000095_406_319.png,NORM,NONE,NONE,NONE
EH5_Siemens008/jai_0001145_907_124.png,NORM,NONE,NONE,NONE
CDB_Sample030/jai_0000013_282_1299.png,NORM,NONE,NONE,NONE
EH5_Siemens012/jai_0000130_1819_748.png,NORM,NONE,NONE,"BAST, RETI"
EH5_Siemens029/jai_0000052_1520_702.png,NORM,ECHI,NONE,NONE
EH5_Siemens013/jai_0001060_1631_592.png,MICR,NONE,NONE,NONE
EH5_Siemens045/jai_0000011_798_873.png,NORM,HELM,NONE,NONE
CDB_Sample189/jai_0000121_1610_560.png,NORM,NONE,NONE,PABO
EH5_Siemens012/jai_0000059_240_1293.png,NORM,NONE,NONE,NONE
EH5_Siemens003/jai_0000006_949_450.png,MICR,SPHE,NONE,NONE
CDB_Sample189/jai_0000120_880_600.png,NORM,NONE,NONE,NONE
CDB_Sample030/jai_0000143_450_956.png,NORM,ELLI,NONE,NONE
CDB_Sample030/jai_0000103_662_402.png,NORM,NONE,NONE,NONE
EH5_Siemens037/jai_0000613_116_77.png,NORM,NONE,HYPO,NONE
CDB_Sample030/jai_0000096_716_309.png,NORM,NONE,NONE,NONE
CDB_Sample012/jai_0000109_925_300.png,NORM,NONE,NONE,HOJO
EH5_Siemens029/jai_0000398_1252_1047.png,NORM,NONE,NONE,RETI
CDB_Sample189/jai_0000166_315_1033.png,NORM,NONE,TARG,NONE
EH5_Siemens012/jai_0000057_1427_1132.png,NORM,NONE,NONE,NRBC
EH5_Siemens012/jai_0000182_499_1430.png,NORM,NONE,NONE,NONE
EH5_Siemens012/jai_0000303_64_613.png,NORM,NONE,NONE,NRBC
EH5_Siemens013/jai_0001193_1342_1276.png,NORM,NONE,HYPR,NONE
EH5_Siemens083/jai_0001428_950_663.png,MACR,NONE,HYPR,NONE
CDB_Sample189/jai_0000038_751_204.png,NORM,NONE,NONE,"HOJO, RETI"
EH5_Siemens012/jai_0001268_1072_216.png,MICR,OVAL,NONE,"HOJO, RETI"
EH5_Siemens029/jai_0000871_1403_1433.png,NORM,NONE,NONE,NONE
EH5_Siemens012/jai_0000139_490_1333.png,NORM,NONE,NONE,"BAST, RETI"
CDB_Sample012/jai_0000067_1259_1074.png,NORM,NONE,NONE,NONE
EH5_Siemens012/jai_0000044_69_126.png,NORM,NONE,NONE,NRBC
EH5_Siemens008/jai_0000287_124_212.png,NORM,NONE,NONE,NONE
EH5_Siemens029/jai_0000654_1812_1172.png,MICR,SPHE,NONE,NONE
EH5_Siemens012/jai_0001338_1597_390.png,NORM,NONE,TARG,NONE
CDB_Sample030/jai_0000061_525_961.png,NORM,ELLI,NONE,NONE
CDB_Sample012/jai_0000067_1723_581.png,MACR,NONE,NONE,NONE
CDB_Sample125/jai_0000355_134_997.png,NORM,NONE,NONE,MALA
EH5_Siemens013/jai_0000803_484_984.png,MACR,NONE,NONE,NONE
EH5_Siemens012/jai_0000179_921_876.png,NORM,NONE,NONE,NRBC
EH5_Siemens012/jai_0000951_513_920.png,NORM,NONE,NONE,"BAST, HOJO, RETI"
CDB_Sample030/jai_0000146_442_488.png,NORM,NONE,HYPO,NONE
EH5_Siemens012/jai_0000003_1496_139.png,NORM,NONE,NONE,NONE
EH5_Siemens013/jai_0000803_287_924.png,NORM,TEAR,NONE,NONE
EH5_Siemens013/jai_0000327_95_953.png,NORM,TEAR,NONE,NONE
EH5_Siemens012/jai_0001353_1286_1185.png,NORM,HELM,NONE,"BAST, HOJO"
EH5_Siemens083/jai_0000060_1605_398.png,MICR,ELLI,NONE,NONE
EH5_Siemens008/jai_0000241_109_795.png,NORM,NONE,NONE,NONE
CDB_Sample189/jai_0000079_1180_1001.png,MICR,NONE,NONE,NONE
EH5_Siemens012/jai_0000139_1226_171.png,NORM,ACAN,NONE,NONE
CDB_Sample030/jai_0000146_180_1185.png,MICR,SPHE,NONE,NONE
CDB_Sample156/jai_0000095_504_1298.png,NORM,NONE,NONE,NONE
CDB_Sample156/jai_0000266_1490_416.png,NORM,ACAN,NONE,NONE
EH5_Siemens029/jai_0000653_1289_998.png,MICR,NONE,NONE,NONE
EH5_Siemens008/jai_0000578_1265_173.png,NORM,BITE,NONE,NONE
EH5_Siemens029/jai_0000692_529_1263.png,NORM,TEAR,NONE,NONE
EH5_Siemens037/jai_0000657_734_621.png,MICR,NONE,NONE,NONE
EH5_Siemens041/jai_0000188_803_982.png,MICR,SCHI,NONE,NONE
CDB_Sample156/jai_0000266_1341_1254.png,NORM,NONE,NONE,NONE
EH5_Siemens008/jai_0001349_1506_1102.png,NORM,NONE,NONE,NONE
CDB_Sample156/jai_0000605_923_998.png,NORM,NONE,NONE,NONE
EH5_Siemens029/jai_0000569_1327_1003.png,MICR,NONE,NONE,NONE
EH5_Siemens012/jai_0000019_1638_570.png,NORM,NONE,NONE,NONE
EH5_Siemens029/jai_0000396_457_1134.png,MICR,SPHE,NONE,NONE
CDB_Sample189/jai_0000040_632_563.png,NORM,NONE,NONE,RETI
EH5_Siemens012/jai_0000059_1806_1005.png,MICR,NONE,NONE,NONE
CDB_Sample030/jai_0000099_1879_1081.png,NORM,OVAL,NONE,NONE
CDB_Sample030/jai_0000014_1601_709.png,NORM,NONE,NONE,NONE
CDB_Sample125/jai_0000224_1224_993.png,NORM,NONE,NONE,MALA
EH5_Siemens012/jai_0000046_563_627.png,NORM,NONE,HYPO,NONE
CDB_Sample189/jai_0000033_1277_554.png,NORM,NONE,NONE,PABO
CDB_Sample125/jai_0000356_1678_1408.png,MICR,SPHE,NONE,NONE
EH5_Siemens029/jai_0000440_495_193.png,NORM,TEAR,NONE,NONE
EH5_Siemens029/jai_0000479_785_1099.png,NORM,NONE,NONE,NONE
EH5_Siemens029/jai_0000396_416_403.png,MICR,TEAR,NONE,NONE
EH5_Siemens037/jai_0000611_852_1293.png,NORM,NONE,NONE,NONE
CDB_Sample030/jai_0000234_1655_1020.png,NORM,OVAL,NONE,NONE
CDB_Sample156/jai_0000095_808_1077.png,NORM,ECHI,NONE,NONE
CDB_Sample030/jai_0000233_138_95.png,NORM,NONE,NONE,BAST
EH5_Siemens008/jai_0001437_841_350.png,NORM,BITE,NONE,NONE
EH5_Siemens083/jai_0000223_164_359.png,MICR,SCHI,NONE,NONE
EH5_Siemens029/jai_0000133_386_1431.png,NORM,NONE,NONE,NONE
CDB_Sample189/jai_0000119_400_1066.png,NORM,NONE,NONE,HOJO
EH5_Siemens029/jai_0000828_1010_638.png,NORM,NONE,NONE,NONE
CDB_Sample125/jai_0000183_1258_1388.png,NORM,NONE,NONE,MALA
CDB_Sample189/jai_0000168_1623_806.png,NORM,NONE,NONE,HOJO
CDB_Sample030/jai_0000061_769_1318.png,NORM,NONE,NONE,RETI
EH5_Siemens013/jai_0000327_198_78.png,MICR,SPHE,NONE,NONE
EH5_Siemens083/jai_0000017_1557_1153.png,NORM,NONE,NONE,"BAST, RETI"
EH5_Siemens045/jai_0000007_471_736.png,NORM,HELM,NONE,NONE
EH5_Siemens029/jai_0000396_1857_912.png,MICR,NONE,NONE,NONE
EH5_Siemens083/jai_0000179_939_1153.png,NORM,NONE,HYPR,NONE
EH5_Siemens012/jai_0001256_755_1091.png,NORM,NONE,NONE,BAST
EH5_Siemens083/jai_0001428_1772_986.png,NORM,NONE,NONE,NONE
EH5_Siemens012/jai_0000044_371_1384.png,NORM,OVAL,HYPR,BAST
EH5_Siemens012/jai_0000951_513_920.png,NORM,NONE,NONE,"BAST, HOJO, RETI"
EH5_Siemens083/jai_0001387_1008_56.png,MACR,NONE,HYPR,NONE
EH5_Siemens008/jai_0000150_1138_897.png,NORM,NONE,HYPR,NONE
CDB_Sample189/jai_0000245_1621_1131.png,NORM,NONE,STOM,NONE
CDB_Sample030/jai_0000018_1931_291.png,NORM,ELLI,NONE,NONE
EH5_Siemens029/jai_0000653_1879_567.png,NORM,NONE,NONE,NONE
CDB_Sample125/jai_0000273_660_1337.png,MICR,NONE,NONE,NONE
CDB_Sample012/jai_0000197_926_629.png,NORM,NONE,STOM,NONE
CDB_Sample030/jai_0000144_249_477.png,MICR,NONE,NONE,NONE
CDB_Sample030/jai_0000057_1797_1199.png,NORM,OVAL,NONE,NONE
EH5_Siemens012/jai_0001485_1216_408.png,NORM,NONE,HYPO,NONE
CDB_Sample189/jai_0000038_751_204.png,NORM,NONE,NONE,"HOJO, RETI"
CDB_Sample012/jai_0000195_1433_1273.png,NORM,NONE,NONE,NONE
CDB_Sample012/jai_0000146_1003_1386.png,NORM,NONE,STOM,NONE
CDB_Sample189/jai_0000380_707_1239.png,NORM,NONE,HYPO,NONE
CDB_Sample125/jai_0000053_619_1361.png,NORM,NONE,NONE,BAST
CDB_Sample156/jai_0000650_948_1280.png,NORM,ECHI,NONE,NONE
EH5_Siemens012/jai_0001603_102_646.png,MICR,NONE,NONE,BAST
CDB_Sample125/jai_0000263_1917_792.png,NORM,NONE,NONE,RETI
CDB_Sample189/jai_0000378_1193_1080.png,NORM,NONE,NONE,PABO
CDB_Sample189/jai_0000248_1301_74.png,NORM,SICK,NONE,NONE
EH5_Siemens012/jai_0000043_1432_839.png,NORM,NONE,NONE,NRBC
CDB_Sample030/jai_0000189_393_465.png,NORM,OVAL,NONE,NONE
EH5_Siemens012/jai_0001268_1072_216.png,MICR,OVAL,NONE,"HOJO, RETI"
EH5_Siemens029/jai_0000871_1871_344.png,MICR,SPHE,NONE,NONE
EH5_Siemens013/jai_0000119_822_1309.png,NORM,NONE,NONE,NONE
CDB_Sample189/jai_0000340_1836_525.png,NORM,NONE,NONE,RETI
CDB_Sample030/jai_0000144_1114_1242.png,MICR,NONE,NONE,NONE
CDB_Sample189/jai_0000251_606_322.png,NORM,NONE,HYPO,NONE
EH5_Siemens029/jai_0000479_1010_336.png,NORM,NONE,HYPR,NONE
CDB_Sample125/jai_0000266_337_845.png,NORM,NONE,NONE,MALA
CDB_Sample012/jai_0000068_271_1028.png,NORM,NONE,NONE,NONE
EH5_Siemens012/jai_0001268_1072_216.png,MICR,OVAL,NONE,"HOJO, RETI"
CDB_Sample189/jai_0000038_751_204.png,NORM,NONE,NONE,"HOJO, RETI"
EH5_Siemens003/jai_0000980_1677_295.png,NORM,NONE,NONE,NONE
EH5_Siemens029/jai_0000479_641_176.png,NORM,NONE,NONE,NONE
EH5_Siemens012/jai_0000347_1486_1215.png,MICR,NONE,NONE,"BAST, RETI"
EH5_Siemens083/jai_0000184_1521_1008.png,MICR,SCHI,NONE,NONE
EH5_Siemens083/jai_0000185_1043_288.png,NORM,NONE,NONE,"BAST, RETI"
EH5_Siemens037/jai_0000527_805_1083.png,NORM,NONE,NONE,NONE
EH5_Siemens012/jai_0001512_779_1122.png,NORM,NONE,NONE,NRBC
EH5_Siemens029/jai_0000052_1724_1446.png,NORM,TEAR,NONE,NONE
CDB_Sample189/jai_0000373_543_513.png,NORM,NONE,NONE,PABO
CDB_Sample030/jai_0000020_1967_986.png,NORM,NONE,NONE,BAST
EH5_Siemens013/jai_0000803_1192_698.png,MICR,NONE,NONE,NONE
EH5_Siemens012/jai_0000059_549_940.png,MICR,NONE,NONE,NONE
EH5_Siemens029/jai_0000568_1356_1380.png,NORM,ECHI,NONE,NONE
CDB_Sample012/jai_0000067_1835_903.png,MICR,NONE,NONE,NONE
EH5_Siemens008/jai_0001612_361_453.png,NORM,ECHI,NONE,NONE
EH5_Siemens003/jai_0000976_422_1043.png,NORM,NONE,HYPR,RETI
EH5_Siemens037/jai_0000483_941_521.png,NORM,NONE,NONE,NONE
EH5_Siemens083/jai_0000016_701_183.png,NORM,NONE,NONE,NONE
EH5_Siemens037/jai_0000400_1466_71.png,NORM,ECHI,NONE,NONE
EH5_Siemens012/jai_0000063_1661_554.png,NORM,NONE,HYPO,NONE
EH5_Siemens012/jai_0000147_536_411.png,NORM,NONE,NONE,NONE
CDB_Sample030/jai_0000056_1849_1084.png,NORM,NONE,HYPR,NONE
EH5_Siemens012/jai_0001477_876_585.png,NORM,NONE,NONE,BAST
CDB_Sample030/jai_0000062_674_200.png,NORM,NONE,HYPR,NONE
EH5_Siemens012/jai_0000303_64_613.png,NORM,NONE,NONE,NRBC
EH5_Siemens083/jai_0000142_1829_1163.png,NORM,ECHI,NONE,NONE
EH5_Siemens083/jai_0000184_1355_1079.png,MICR,OVAL,NONE,NONE
EH5_Siemens012/jai_0001268_1072_216.png,MICR,OVAL,NONE,"HOJO, RETI"
CDB_Sample189/jai_0000033_1651_1223.png,NORM,NONE,NONE,HOJO
EH5_Siemens041/jai_0000188_1681_418.png,NORM,BITE,NONE,NONE
CDB_Sample030/jai_0000020_1558_535.png,NORM,NONE,HYPO,NONE
CDB_Sample156/jai_0000096_1555_770.png,NORM,NONE,NONE,NONE
CDB_Sample189/jai_0000079_1296_1294.png,NORM,SICK,NONE,NONE
CDB_Sample012/jai_0000197_817_855.png,NORM,NONE,NONE,RETI
EH5_Siemens003/jai_0000278_1603_692.png,NORM,NONE,NONE,NONE
CDB_Sample156/jai_0000140_1425_1316.png,NORM,ECHI,NONE,NONE
EH5_Siemens008/jai_0000021_155_1351.png,MICR,NONE,HYPR,NONE
EH5_Siemens083/jai_0000060_414_861.png,NORM,NONE,NONE,NONE
EH5_Siemens012/jai_0001353_1286_1185.png,NORM,HELM,NONE,"BAST, HOJO"
CDB_Sample125/jai_0000268_1730_225.png,NORM,NONE,NONE,MALA
CDB_Sample189/jai_0000249_344_76.png,NORM,NONE,NONE,PABO
CDB_Sample030/jai_0000014_281_1321.png,NORM,TEAR,NONE,NONE
CDB_Sample189/jai_0000119_855_489.png,NORM,NONE,NONE,PABO
EH5_Siemens012/jai_0000951_513_920.png,NORM,NONE,NONE,"BAST, HOJO, RETI"
EH5_Siemens008/jai_0000287_1798_1279.png,NORM,NONE,NONE,NONE
EH5_Siemens012/jai_0000019_1241_462.png,NORM,NONE,NONE,NONE
CDB_Sample189/jai_0000248_1680_1434.png,NORM,NONE,NONE,NONE
EH5_Siemens008/jai_0001253_429_110.png,NORM,NONE,TARG,NONE
EH5_Siemens012/jai_0001437_654_1314.png,NORM,OVAL,NONE,"BAST, HOJO"
CDB_Sample030/jai_0000231_1291_360.png,MICR,SPHE,NONE,NONE
EH5_Siemens012/jai_0000043_908_1424.png,NORM,NONE,NONE,NRBC
EH5_Siemens083/jai_0000401_1160_299.png,NORM,NONE,NONE,NONE
EH5_Siemens012/jai_0001173_1495_196.png,MICR,NONE,NONE,BAST
CDB_Sample030/jai_0000227_1385_512.png,MICR,NONE,NONE,NONE
CDB_Sample012/jai_0000116_1696_562.png,NORM,TEAR,NONE,NONE
CDB_Sample030/jai_0000096_96_1420.png,MICR,NONE,NONE,NONE
EH5_Siemens029/jai_0000479_1246_434.png,NORM,TEAR,NONE,NONE
EH5_Siemens013/jai_0000371_264_1084.png,NORM,NONE,NONE,NONE
CDB_Sample012/jai_0000063_1958_991.png,NORM,TEAR,NONE,NONE
CDB_Sample030/jai_0000147_762_1059.png,NORM,TEAR,NONE,NONE
EH5_Siemens012/jai_0001437_654_1314.png,NORM,OVAL,NONE,"BAST, HOJO"
CDB_Sample156/jai_0000182_889_621.png,NORM,ECHI,NONE,NONE
EH5_Siemens012/jai_0000057_1427_1132.png,NORM,NONE,NONE,NRBC
EH5_Siemens029/jai_0000052_1078_1179.png,NORM,NONE,NONE,NONE
EH5_Siemens012/jai_0000063_869_244.png,NORM,NONE,TARG,NONE
EH5_Siemens037/jai_0000009_70_583.png,NORM,OVAL,HYPO,NONE
EH5_Siemens008/jai_0000287_1275_415.png,NORM,NONE,NONE,NONE
EH5_Siemens012/jai_0001437_654_1314.png,NORM,OVAL,NONE,"BAST, HOJO"
EH5_Siemens013/jai_0001193_1568_1216.png,NORM,TEAR,NONE,NONE
CDB_Sample030/jai_0000020_1967_986.png,NORM,NONE,NONE,BAST
EH5_Siemens012/jai_0000264_1196_1287.png,NORM,NONE,NONE,"BAST, HOJO, RETI"
EH5_Siemens013/jai_0000119_389_788.png,NORM,NONE,NONE,NONE
CDB_Sample030/jai_0000146_1898_832.png,MICR,ELLI,HYPO,NONE
EH5_Siemens013/jai_0001155_1741_498.png,NORM,TEAR,NONE,NONE
EH5_Siemens012/jai_0000043_908_1424.png,NORM,NONE,NONE,NRBC
CDB_Sample189/jai_0000122_1859_296.png,NORM,NONE,NONE,HOJO
EH5_Siemens083/jai_0000184_840_529.png,MICR,NONE,NONE,NONE
EH5_Siemens037/jai_0000570_1603_401.png,NORM,ECHI,NONE,NONE
CDB_Sample156/jai_0000181_1808_1374.png,NORM,NONE,NONE,NONE
CDB_Sample125/jai_0000271_1415_703.png,NORM,NONE,NONE,MALA
CDB_Sample125/jai_0000273_1356_866.png,NORM,NONE,NONE,MALA
CDB_Sample030/jai_0000188_1423_1155.png,NORM,NONE,NONE,RETI
EH5_Siemens012/jai_0000059_264_706.png,NORM,NONE,NONE,NONE
EH5_Siemens012/jai_0000182_530_1077.png,NORM,NONE,NONE,NRBC
EH5_Siemens037/jai_0000655_375_1131.png,NORM,NONE,NONE,NONE
EH5_Siemens012/jai_0000527_454_908.png,NORM,NONE,NONE,"BAST, RETI"
EH5_Siemens013/jai_0000371_286_322.png,NORM,TEAR,NONE,NONE
EH5_Siemens029/jai_0000310_1792_1116.png,NORM,NONE,NONE,NONE
CDB_Sample125/jai_0000055_162_1302.png,MACR,NONE,HYPO,NONE
CDB_Sample030/jai_0000103_602_906.png,MICR,NONE,NONE,NONE
CDB_Sample156/jai_0000565_829_997.png,NORM,ECHI,NONE,NONE
CDB_Sample030/jai_0000185_1435_1351.png,NORM,TEAR,NONE,NONE
EH5_Siemens037/jai_0000657_270_1181.png,NORM,NONE,TARG,NONE
CDB_Sample156/jai_0000266_1490_416.png,NORM,ACAN,NONE,NONE
EH5_Siemens012/jai_0000264_1196_1287.png,NORM,NONE,NONE,"BAST, HOJO, RETI"
CDB_Sample012/jai_0000114_566_908.png,NORM,NONE,NONE,NONE
CDB_Sample156/jai_0000264_952_1347.png,NORM,NONE,NONE,NONE
CDB_Sample125/jai_0000096_1094_38.png,NORM,NONE,NONE,MALA
CDB_Sample189/jai_0000245_510_986.png,NORM,NONE,NONE,NONE
CDB_Sample012/jai_0000026_103_292.png,NORM,NONE,NONE,NONE
CDB_Sample030/jai_0000142_296_703.png,NORM,HELM,NONE,NONE
EH5_Siemens037/jai_0000653_53_1198.png,MACR,NONE,NONE,NONE
EH5_Siemens012/jai_0000059_1789_295.png,NORM,NONE,NONE,NRBC
EH5_Siemens013/jai_0000969_983_1062.png,NORM,NONE,HYPR,NONE
EH5_Siemens037/jai_0000527_1217_151.png,NORM,ACAN,NONE,NONE
CDB_Sample125/jai_0000224_1705_259.png,NORM,NONE,NONE,NONE
CDB_Sample125/jai_0000274_1517_1276.png,MICR,NONE,NONE,NONE
EH5_Siemens012/jai_0000046_321_800.png,NORM,NONE,NONE,NRBC
EH5_Siemens012/jai_0000043_908_1424.png,NORM,NONE,NONE,NRBC
EH5_Siemens013/jai_0000158_1754_1305.png,NORM,TEAR,NONE,NONE
CDB_Sample030/jai_0000143_891_1281.png,NORM,TEAR,NONE,NONE
CDB_Sample030/jai_0000017_886_45.png,NORM,ECHI,NONE,NONE
EH5_Siemens013/jai_0000588_1244_445.png,NORM,NONE,NONE,RETI
CDB_Sample125/jai_0000271_682_640.png,NORM,NONE,NONE,MALA
EH5_Siemens012/jai_0000043_908_1424.png,NORM,NONE,NONE,NRBC
EH5_Siemens029/jai_0000871_121_264.png,NORM,TEAR,NONE,NONE
EH5_Siemens083/jai_0000180_1154_704.png,NORM,NONE,HYPO,NONE
CDB_Sample189/jai_0000245_290_415.png,NORM,SICK,NONE,NONE
CDB_Sample012/jai_0000031_1666_720.png,NORM,NONE,STOM,NONE
EH5_Siemens029/jai_0000479_1972_65.png,MACR,NONE,NONE,NONE
CDB_Sample125/jai_0000050_1234_892.png,NORM,NONE,HYPR,NONE
EH5_Siemens045/jai_0000186_1249_692.png,NORM,BITE,NONE,NONE
CDB_Sample189/jai_0000122_1859_296.png,NORM,NONE,NONE,HOJO
CDB_Sample189/jai_0000375_1728_1009.png,MICR,NONE,NONE,NONE
CDB_Sample189/jai_0000246_1195_211.png,NORM,SICK,NONE,NONE
CDB_Sample125/jai_0000095_684_329.png,NORM,NONE,NONE,MALA
EH5_Siemens037/jai_0000142_894_1060.png,NORM,ACAN,NONE,NONE
CDB_Sample012/jai_0000106_609_1318.png,MICR,NONE,NONE,NONE
CDB_Sample030/jai_0000061_515_525.png,MICR,NONE,NONE,NONE
CDB_Sample125/jai_0000010_1748_300.png,NORM,NONE,NONE,MALA
CDB_Sample012/jai_0000150_1151_639.png,NORM,NONE,NONE,NONE
EH5_Siemens083/jai_0001430_701_1445.png,NORM,NONE,HYPO,NONE
EH5_Siemens012/jai_0001268_1072_216.png,MICR,OVAL,NONE,"HOJO, RETI"
CDB_Sample012/jai_0000070_456_987.png,NORM,NONE,NONE,NONE
CDB_Sample189/jai_0000115_1183_460.png,NORM,SICK,NONE,NONE
CDB_Sample030/jai_0000229_1466_611.png,NORM,OVAL,NONE,NONE
CDB_Sample156/jai_0000138_695_1089.png,NORM,ECHI,NONE,NONE
CDB_Sample125/jai_0000009_983_1424.png,NORM,OVAL,NONE,NONE
EH5_Siemens029/jai_0000695_1346_85.png,NORM,NONE,NONE,NONE
CDB_Sample189/jai_0000034_75_159.png,NORM,SICK,NONE,NONE
EH5_Siemens083/jai_0001472_1308_478.png,NORM,ACAN,NONE,NONE
EH5_Siemens013/jai_0000071_611_341.png,MICR,NONE,NONE,NONE
EH5_Siemens029/jai_0000133_721_511.png,NORM,NONE,NONE,NONE
CDB_Sample030/jai_0000062_706_1256.png,NORM,NONE,NONE,NONE
EH5_Siemens012/jai_0000179_921_876.png,NORM,NONE,NONE,NRBC
EH5_Siemens013/jai_0000847_1250_917.png,NORM,TEAR,NONE,NONE
EH5_Siemens013/jai_0000544_1516_851.png,NORM,NONE,NONE,NONE
CDB_Sample156/jai_0000650_1243_993.png,NORM,ECHI,NONE,NONE
EH5_Siemens012/jai_0000390_1773_1214.png,MICR,NONE,NONE,BAST
CDB_Sample189/jai_0000034_819_226.png,NORM,NONE,NONE,PABO
CDB_Sample189/jai_0000035_1565_1109.png,NORM,SICK,NONE,NONE
EH5_Siemens008/jai_0001437_1110_227.png,NORM,BITE,NONE,NONE
CDB_Sample012/jai_0000066_437_403.png,NORM,NONE,NONE,NONE
EH5_Siemens083/jai_0001387_1169_295.png,NORM,NONE,HYPO,NONE
EH5_Siemens013/jai_0000588_1291_1383.png,NORM,TEAR,NONE,NONE
CDB_Sample030/jai_0000100_57_1369.png,NORM,NONE,HYPO,NONE
EH5_Siemens029/jai_0000052_448_536.png,NORM,HELM,NONE,NONE
EH5_Siemens083/jai_0001428_549_354.png,NORM,NONE,HYPO,NONE
EH5_Siemens029/jai_0000133_99_538.png,MICR,NONE,NONE,NONE
EH5_Siemens029/jai_0000052_1241_1231.png,NORM,NONE,NONE,NONE
EH5_Siemens083/jai_0000182_1211_388.png,NORM,NONE,HYPR,NONE
EH5_Siemens012/jai_0000187_1295_423.png,NORM,ECHI,NONE,NONE
CDB_Sample030/jai_0000012_1360_1399.png,NORM,NONE,HYPR,NONE
EH5_Siemens039/jai_0000188_848_401.png,NORM,HELM,NONE,NONE
EH5_Siemens029/jai_0000873_1302_987.png,NORM,NONE,NONE,NONE
EH5_Siemens083/jai_0000014_1565_648.png,NORM,NONE,TARG,NONE
EH5_Siemens083/jai_0000014_237_698.png,NORM,NONE,HYPR,NONE
EH5_Siemens029/jai_0000396_457_1134.png,MICR,SPHE,NONE,NONE
CDB_Sample030/jai_0000015_1748_144.png,NORM,ECHI,NONE,NONE
EH5_Siemens012/jai_0000187_1589_1275.png,NORM,NONE,NONE,NONE
EH5_Siemens013/jai_0001114_1241_165.png,MICR,NONE,NONE,NONE
EH5_Siemens013/jai_0000413_1699_1198.png,MACR,NONE,NONE,NONE
EH5_Siemens012/jai_0000264_1196_1287.png,NORM,NONE,NONE,"BAST, HOJO, RETI"
EH5_Siemens029/jai_0000395_22_129.png,MACR,NONE,NONE,RETI
EH5_Siemens029/jai_0000695_160_364.png,NORM,NONE,NONE,NONE
EH5_Siemens029/jai_0000568_1946_1022.png,NORM,NONE,NONE,NONE
CDB_Sample125/jai_0000096_1094_38.png,NORM,NONE,NONE,MALA
CDB_Sample156/jai_0000392_1480_1370.png,NORM,NONE,NONE,MALA
CDB_Sample189/jai_0000376_1053_905.png,NORM,NONE,NONE,RETI
EH5_Siemens013/jai_0000333_760_538.png,NORM,TEAR,NONE,NONE
EH5_Siemens012/jai_0000179_921_876.png,NORM,NONE,NONE,NRBC
EH5_Siemens008/jai_0000751_766_1044.png,NORM,NONE,HYPO,NONE
EH5_Siemens008/jai_0001222_895_274.png,NORM,NONE,NONE,NONE
EH5_Siemens003/jai_0000224_429_331.png,NORM,NONE,NONE,HOJO
EH5_Siemens008/jai_0000838_1152_627.png,NORM,HELM,NONE,NONE
EH5_Siemens012/jai_0000179_921_876.png,NORM,NONE,NONE,NRBC
CDB_Sample125/jai_0000273_340_651.png,NORM,NONE,NONE,MALA
EH5_Siemens012/jai_0000019_1769_869.png,NORM,NONE,NONE,NONE
EH5_Siemens008/jai_0000097_598_257.png,NORM,OVAL,NONE,NONE
CDB_Sample030/jai_0000013_1360_472.png,NORM,NONE,TARG,NONE
EH5_Siemens037/jai_0000657_1839_274.png,NORM,ACAN,NONE,NONE
CDB_Sample012/jai_0000030_1875_275.png,NORM,NONE,NONE,NONE
CDB_Sample189/jai_0000162_1355_1268.png,NORM,NONE,NONE,HOJO
EH5_Siemens012/jai_0000655_1314_126.png,MICR,SCHI,NONE,NONE
EH5_Siemens012/jai_0000347_1486_1215.png,MICR,NONE,NONE,"BAST, RETI"
CDB_Sample189/jai_0000250_697_693.png,NORM,NONE,NONE,RETI
CDB_Sample030/jai_0000186_1352_1110.png,NORM,NONE,NONE,NONE
CDB_Sample012/jai_0000197_642_723.png,MICR,NONE,NONE,NONE
EH5_Siemens029/jai_0000653_1261_1129.png,NORM,TEAR,HYPO,NONE
EH5_Siemens012/jai_0000182_530_1077.png,NORM,NONE,NONE,NRBC
EH5_Siemens013/jai_0001067_549_810.png,NORM,TEAR,NONE,NONE
EH5_Siemens012/jai_0000174_360_339.png,NORM,BITE,NONE,NONE
CDB_Sample030/jai_0000277_1157_786.png,NORM,OVAL,HYPO,NONE
CDB_Sample189/jai_0000114_1787_644.png,NORM,OVAL,HYPO,PABO
CDB_Sample030/jai_0000273_982_1192.png,MICR,NONE,NONE,NONE
CDB_Sample012/jai_0000032_296_1388.png,NORM,NONE,NONE,NONE
EH5_Siemens003/jai_0000278_579_1258.png,NORM,NONE,NONE,NONE
EH5_Siemens083/jai_0001472_543_113.png,MACR,NONE,NONE,BAST
EH5_Siemens037/jai_0000657_1308_1328.png,NORM,ECHI,NONE,NONE
EH5_Siemens003/jai_0000976_1223_463.png,MICR,NONE,NONE,NONE
CDB_Sample125/jai_0000052_1449_61.png,NORM,NONE,HYPR,NONE
EH5_Siemens012/jai_0000951_513_920.png,NORM,NONE,NONE,"BAST, HOJO, RETI"
EH5_Siemens045/jai_0000184_1650_237.png,NORM,BITE,NONE,NONE
CDB_Sample125/jai_0000265_827_386.png,NORM,NONE,NONE,MALA
EH5_Siemens029/jai_0000822_1588_488.png,MICR,SPHE,NONE,NONE
EH5_Siemens012/jai_0000057_1427_1132.png,NORM,NONE,NONE,NRBC
CDB_Sample156/jai_0000310_1922_944.png,NORM,NONE,NONE,NONE
EH5_Siemens012/jai_0001268_1072_216.png,MICR,OVAL,NONE,"HOJO, RETI"
EH5_Siemens012/jai_0001353_1286_1185.png,NORM,HELM,NONE,"BAST, HOJO"
EH5_Siemens083/jai_0000098_116_360.png,NORM,ECHI,NONE,NONE
CDB_Sample125/jai_0000263_627_1144.png,NORM,NONE,NONE,MALA
CDB_Sample189/jai_0000038_751_204.png,NORM,NONE,NONE,"HOJO, RETI"
EH5_Siemens037/jai_0000570_1439_389.png,NORM,NONE,NONE,RETI
EH5_Siemens012/jai_0000264_1196_1287.png,NORM,NONE,NONE,"BAST, HOJO, RETI"
EH5_Siemens029/jai_0000439_1081_709.png,NORM,NONE,NONE,HOJO
EH5_Siemens045/jai_0000009_1339_1417.png,MICR,SCHI,NONE,NONE
EH5_Siemens012/jai_0000527_454_908.png,NORM,NONE,NONE,"BAST, RETI"
CDB_Sample125/jai_0000351_1532_941.png,NORM,NONE,NONE,MALA
EH5_Siemens012/jai_0000527_454_908.png,NORM,NONE,NONE,"BAST, RETI"
CDB_Sample012/jai_0000146_1143_907.png,NORM,NONE,NONE,NONE
EH5_Siemens008/jai_0000024_1709_1120.png,NORM,OVAL,NONE,NONE
EH5_Siemens029/jai_0000695_1221_718.png,NORM,OVAL,NONE,NONE
EH5_Siemens012/jai_0001166_576_1304.png,NORM,NONE,NONE,"BAST, RETI"
EH5_Siemens041/jai_0000146_505_974.png,NORM,BITE,NONE,NONE
EH5_Siemens008/jai_0000277_566_312.png,NORM,NONE,NONE,NONE
EH5_Siemens012/jai_0001353_1286_1185.png,NORM,HELM,NONE,"BAST, HOJO"
CDB_Sample156/jai_0000094_256_558.png,NORM,ECHI,NONE,NONE
EH5_Siemens037/jai_0000142_686_575.png,NORM,ACAN,NONE,NONE
CDB_Sample189/jai_0000372_586_835.png,NORM,SICK,NONE,NONE
EH5_Siemens012/jai_0000139_1436_643.png,NORM,NONE,NONE,"BAST, RETI"
EH5_Siemens037/jai_0000568_1513_350.png,NORM,NONE,NONE,HOJO
CDB_Sample125/jai_0000274_1403_976.png,NORM,NONE,NONE,NONE
CDB_Sample125/jai_0000275_1835_705.png,NORM,NONE,NONE,NONE
CDB_Sample030/jai_0000234_65_1142.png,NORM,ELLI,NONE,NONE
EH5_Siemens012/jai_0001353_1286_1185.png,NORM,HELM,NONE,"BAST, HOJO"
EH5_Siemens029/jai_0000569_645_1019.png,NORM,NONE,HYPO,NONE
EH5_Siemens012/jai_0001437_654_1314.png,NORM,OVAL,NONE,"BAST, HOJO"
EH5_Siemens012/jai_0001261_1830_454.png,MICR,NONE,NONE,BAST
EH5_Siemens008/jai_0000148_1239_959.png,NORM,NONE,NONE,NONE
EH5_Siemens012/jai_0000951_513_920.png,NORM,NONE,NONE,"BAST, HOJO, RETI"
EH5_Siemens012/jai_0001477_876_585.png,NORM,NONE,NONE,BAST
EH5_Siemens012/jai_0000057_1569_1060.png,NORM,NONE,NONE,NRBC
CDB_Sample125/jai_0000185_967_1052.png,MICR,NONE,NONE,NONE
EH5_Siemens041/jai_0000317_1128_732.png,NORM,HELM,NONE,NONE
CDB_Sample030/jai_0000184_177_1224.png,MICR,NONE,NONE,NONE
EH5_Siemens083/jai_0000183_1646_960.png,NORM,NONE,NONE,"BAST, RETI"
CDB_Sample125/jai_0000051_132_627.png,NORM,NONE,NONE,MALA
CDB_Sample125/jai_0000349_935_742.png,NORM,NONE,NONE,NONE
CDB_Sample030/jai_0000020_1967_986.png,NORM,NONE,NONE,BAST
CDB_Sample125/jai_0000183_995_648.png,NORM,NONE,NONE,MALA
EH5_Siemens083/jai_0000184_1007_490.png,NORM,OVAL,NONE,NONE
CDB_Sample030/jai_0000020_527_1363.png,NORM,NONE,NONE,NONE
EH5_Siemens003/jai_0000980_1518_143.png,NORM,OVAL,NONE,NONE
EH5_Siemens029/jai_0000828_742_272.png,NORM,OVAL,NONE,NONE
EH5_Siemens003/jai_0000744_930_1141.png,MACR,NONE,NONE,RETI
CDB_Sample125/jai_0000273_828_81.png,NORM,NONE,NONE,MALA
EH5_Siemens012/jai_0001485_60_1140.png,NORM,NONE,HYPO,NONE
EH5_Siemens012/jai_0001268_294_1421.png,MICR,NONE,NONE,BAST
EH5_Siemens029/jai_0000440_1079_819.png,MACR,NONE,HYPR,NONE
EH5_Siemens012/jai_0000951_513_920.png,NORM,NONE,NONE,"BAST, HOJO, RETI"
CDB_Sample125/jai_0000274_170_1000.png,NORM,ECHI,NONE,RETI
EH5_Siemens012/jai_0000527_58_691.png,NORM,NONE,NONE,"BAST, RETI"
EH5_Siemens012/jai_0000046_1795_1420.png,NORM,NONE,HYPO,NONE
EH5_Siemens029/jai_0000568_258_752.png,NORM,OVAL,NONE,NONE
EH5_Siemens012/jai_0000057_1427_1132.png,NORM,NONE,NONE,NRBC
CDB_Sample012/jai_0000105_515_765.png,MICR,NONE,NONE,NONE
EH5_Siemens008/jai_0000150_154_1133.png,NORM,NONE,NONE,NONE
CDB_Sample125/jai_0000054_1227_1339.png,NORM,NONE,NONE,MALA
EH5_Siemens083/jai_0000181_1795_1012.png,NORM,OVAL,NONE,"BAST, RETI"
CDB_Sample189/jai_0000114_1787_644.png,NORM,OVAL,HYPO,PABO
CDB_Sample189/jai_0000374_1691_483.png,MICR,SPHE,NONE,NONE
EH5_Siemens012/jai_0001353_1286_1185.png,NORM,HELM,NONE,"BAST, HOJO"
EH5_Siemens029/jai_0000692_1907_1058.png,NORM,NONE,NONE,NONE
EH5_Siemens012/jai_0001268_1072_216.png,MICR,OVAL,NONE,"HOJO, RETI"
CDB_Sample125/jai_0000224_739_954.png,MACR,NONE,HYPR,NONE
EH5_Siemens013/jai_0000071_385_456.png,NORM,NONE,NONE,NONE
CDB_Sample125/jai_0000014_202_1032.png,NORM,NONE,NONE,MALA
EH5_Siemens012/jai_0000174_360_339.png,NORM,BITE,NONE,NONE
EH5_Siemens012/jai_0000951_513_920.png,NORM,NONE,NONE,"BAST, HOJO, RETI"
EH5_Siemens012/jai_0001609_708_413.png,NORM,ELLI,HYPO,NONE
CDB_Sample189/jai_0000250_538_679.png,NORM,NONE,NONE,NONE
CDB_Sample030/jai_0000227_929_402.png,NORM,ELLI,NONE,NONE
CDB_Sample189/jai_0000372_1154_1370.png,NORM,SICK,NONE,NONE
EH5_Siemens003/jai_0000980_1368_30.png,NORM,NONE,NONE,NONE
EH5_Siemens008/jai_0000150_436_1406.png,NORM,NONE,NONE,NONE
CDB_Sample030/jai_0000277_1440_589.png,MICR,NONE,NONE,NONE
EH5_Siemens013/jai_0000417_544_1396.png,NORM,NONE,NONE,NONE
CDB_Sample189/jai_0000294_1519_1392.png,NORM,NONE,TARG,NONE
EH5_Siemens012/jai_0000147_1432_1165.png,NORM,NONE,HYPO,NONE
CDB_Sample012/jai_0000198_606_420.png,NORM,NONE,NONE,RETI
CDB_Sample189/jai_0000038_751_204.png,NORM,NONE,NONE,"HOJO, RETI"
EH5_Siemens012/jai_0000187_1025_815.png,NORM,NONE,NONE,NRBC
EH5_Siemens012/jai_0001512_564_319.png,NORM,NONE,TARG,BAST
CDB_Sample125/jai_0000268_1730_225.png,NORM,NONE,NONE,MALA
CDB_Sample125/jai_0000266_1531_722.png,NORM,NONE,NONE,MALA
EH5_Siemens037/jai_0000570_319_265.png,NORM,OVAL,NONE,NONE
EH5_Siemens083/jai_0000180_1777_569.png,NORM,NONE,HYPO,"BAST, RETI"
CDB_Sample189/jai_0000035_1565_1109.png,NORM,SICK,NONE,NONE
EH5_Siemens012/jai_0000147_1682_374.png,NORM,NONE,NONE,NRBC
CDB_Sample012/jai_0000031_119_342.png,NORM,NONE,NONE,NONE
CDB_Sample012/jai_0000149_500_172.png,NORM,NONE,NONE,NONE
EH5_Siemens083/jai_0000014_1365_347.png,NORM,OVAL,HYPO,NONE
EH5_Siemens012/jai_0001603_102_646.png,MICR,NONE,NONE,BAST
CDB_Sample012/jai_0000031_271_541.png,NORM,NONE,NONE,NONE
EH5_Siemens012/jai_0001173_1495_196.png,MICR,NONE,NONE,BAST
EH5_Siemens083/jai_0000356_404_902.png,NORM,NONE,NONE,NONE
CDB_Sample030/jai_0000012_1590_1100.png,NORM,NONE,NONE,NONE
CDB_Sample189/jai_0000118_161_1156.png,NORM,NONE,STOM,NONE
EH5_Siemens008/jai_0000150_180_1231.png,NORM,NONE,HYPO,NONE
EH5_Siemens012/jai_0000264_1196_1287.png,NORM,NONE,NONE,"BAST, HOJO, RETI"
EH5_Siemens083/jai_0000142_1526_592.png,NORM,NONE,HYPO,NONE
CDB_Sample030/jai_0000143_1328_1265.png,NORM,OVAL,NONE,NONE
EH5_Siemens037/jai_0000441_1909_927.png,NORM,NONE,NONE,NONE
EH5_Siemens012/jai_0001268_1072_216.png,MICR,OVAL,NONE,"HOJO, RETI"
EH5_Siemens045/jai_0000184_1650_237.png,NORM,BITE,NONE,NONE
EH5_Siemens083/jai_0001430_301_903.png,NORM,ELLI,NONE,NONE
EH5_Siemens029/jai_0000439_1240_914.png,NORM,NONE,HYPO,NONE
CDB_Sample189/jai_0000038_751_204.png,NORM,NONE,NONE,"HOJO, RETI"
CDB_Sample125/jai_0000264_1370_1081.png,NORM,ECHI,NONE,NONE
EH5_Siemens083/jai_0000179_976_409.png,NORM,NONE,HYPR,NONE
EH5_Siemens012/jai_0001437_654_1314.png,NORM,OVAL,NONE,"BAST, HOJO"
EH5_Siemens083/jai_0000267_1230_656.png,NORM,OVAL,HYPO,NONE
CDB_Sample125/jai_0000094_227_554.png,NORM,NONE,NONE,MALA
CDB_Sample012/jai_0000193_1772_832.png,NORM,NONE,STOM,NONE
CDB_Sample189/jai_0000164_623_1243.png,NORM,NONE,HYPO,NONE
EH5_Siemens012/jai_0000318_118_730.png,NORM,NONE,NONE,NRBC
EH5_Siemens012/jai_0000264_1196_1287.png,NORM,NONE,NONE,"BAST, HOJO, RETI"
CDB_Sample012/jai_0000031_915_508.png,MICR,NONE,NONE,NONE
CDB_Sample189/jai_0000373_627_831.png,NORM,NONE,NONE,PABO
CDB_Sample125/jai_0000317_1368_1152.png,NORM,NONE,HYPO,NONE
CDB_Sample189/jai_0000038_751_204.png,NORM,NONE,NONE,"HOJO, RETI"
CDB_Sample189/jai_0000034_819_226.png,NORM,NONE,NONE,PABO
CDB_Sample012/jai_0000028_1056_945.png,NORM,NONE,STOM,NONE
EH5_Siemens012/jai_0000829_422_804.png,NORM,NONE,HYPO,NONE
EH5_Siemens012/jai_0000059_496_480.png,NORM,NONE,HYPO,NONE
EH5_Siemens012/jai_0001353_1286_1185.png,NORM,HELM,NONE,"BAST, HOJO"
EH5_Siemens014/jai_0000106_1266_277.png,NORM,HELM,NONE,NONE
CDB_Sample030/jai_0000018_1747_1273.png,NORM,NONE,NONE,NONE
EH5_Siemens012/jai_0001353_1286_1185.png,NORM,HELM,NONE,"BAST, HOJO"
EH5_Siemens012/jai_0001568_1832_517.png,MICR,NONE,HYPO,NONE
CDB_Sample125/jai_0000010_503_1372.png,MICR,NONE,NONE,NONE
CDB_Sample156/jai_0000138_999_746.png,NORM,NONE,NONE,NONE
EH5_Siemens012/jai_0001268_1072_216.png,MICR,OVAL,NONE,"HOJO, RETI"
EH5_Siemens013/jai_0000074_1154_589.png,NORM,TEAR,NONE,NONE
EH5_Siemens012/jai_0000043_1457_1137.png,NORM,NONE,HYPR,NONE
CDB_Sample030/jai_0000013_434_1227.png,MICR,SPHE,NONE,NONE
EH5_Siemens012/jai_0001268_1072_216.png,MICR,OVAL,NONE,"HOJO, RETI"
CDB_Sample125/jai_0000265_1969_502.png,NORM,NONE,NONE,MALA
CDB_Sample189/jai_0000035_1175_773.png,NORM,NONE,NONE,PABO
CDB_Sample125/jai_0000268_754_383.png,NORM,NONE,HYPO,RETI
EH5_Siemens029/jai_0000479_826_362.png,MICR,NONE,NONE,NONE
CDB_Sample030/jai_0000142_447_764.png,NORM,TEAR,NONE,NONE
EH5_Siemens012/jai_0001525_1498_1380.png,NORM,NONE,NONE,"BAST, RETI"
CDB_Sample012/jai_0000105_456_1276.png,NORM,NONE,NONE,NONE
EH5_Siemens012/jai_0000390_1773_1214.png,MICR,NONE,NONE,BAST
CDB_Sample189/jai_0000373_627_831.png,NORM,NONE,NONE,PABO
EH5_Siemens037/jai_0000657_102_148.png,NORM,NONE,NONE,NONE
EH5_Siemens012/jai_0000192_826_1181.png,NORM,NONE,HYPO,"BAST, RETI"
EH5_Siemens037/jai_0000135_175_592.png,NORM,ECHI,NONE,NONE
CDB_Sample156/jai_0000395_95_723.png,NORM,NONE,NONE,NONE
CDB_Sample030/jai_0000017_465_1147.png,MICR,NONE,HYPO,NONE
CDB_Sample189/jai_0000165_131_239.png,NORM,NONE,NONE,RETI
CDB_Sample012/jai_0000199_87_555.png,MICR,NONE,NONE,NONE
EH5_Siemens029/jai_0000133_1332_1256.png,MICR,NONE,NONE,NONE
EH5_Siemens012/jai_0000951_513_920.png,NORM,NONE,NONE,"BAST, HOJO, RETI"
EH5_Siemens083/jai_0000060_1521_234.png,MICR,NONE,NONE,NONE
EH5_Siemens045/jai_0000102_662_789.png,MICR,SCHI,NONE,NONE
EH5_Siemens037/jai_0000399_1153_980.png,NORM,NONE,NONE,NONE
CDB_Sample030/jai_0000185_1406_823.png,MICR,NONE,NONE,NONE
EH5_Siemens037/jai_0000395_465_1229.png,NORM,NONE,NONE,HOJO
EH5_Siemens012/jai_0000003_1153_413.png,NORM,NONE,TARG,NONE
CDB_Sample030/jai_0000139_54_340.png,NORM,TEAR,NONE,NONE
EH5_Siemens083/jai_0000179_625_951.png,NORM,NONE,NONE,NONE
EH5_Siemens029/jai_0000828_1512_987.png,NORM,NONE,NONE,NONE
EH5_Siemens012/jai_0000836_207_898.png,NORM,NONE,NONE,NRBC
EH5_Siemens012/jai_0001268_1072_216.png,MICR,OVAL,NONE,"HOJO, RETI"
EH5_Siemens012/jai_0000046_1305_487.png,NORM,NONE,NONE,RETI
CDB_Sample189/jai_0000115_1007_246.png,NORM,SICK,NONE,NONE
CDB_Sample156/jai_0000395_1276_243.png,MICR,NONE,NONE,NONE
CDB_Sample156/jai_0000270_852_1364.png,NORM,NONE,NONE,NONE
EH5_Siemens029/jai_0000828_35_1367.png,NORM,NONE,HYPO,NONE
CDB_Sample030/jai_0000056_854_393.png,NORM,NONE,NONE,NONE
EH5_Siemens012/jai_0000147_1682_374.png,NORM,NONE,NONE,NRBC
CDB_Sample030/jai_0000101_1467_313.png,NORM,NONE,HYPO,NONE
EH5_Siemens008/jai_0000024_1245_692.png,NORM,NONE,NONE,NONE
CDB_Sample030/jai_0000232_773_1403.png,NORM,ACAN,NONE,NONE
CDB_Sample189/jai_0000372_1154_1370.png,NORM,SICK,NONE,NONE
CDB_Sample030/jai_0000142_296_703.png,NORM,HELM,NONE,NONE
CDB_Sample189/jai_0000038_751_204.png,NORM,NONE,NONE,"HOJO, RETI"
CDB_Sample030/jai_0000189_87_1349.png,NORM,NONE,HYPR,NONE
EH5_Siemens012/jai_0000063_1456_858.png,NORM,NONE,NONE,NONE
EH5_Siemens013/jai_0000333_144_1042.png,NORM,NONE,NONE,NONE
EH5_Siemens012/jai_0000318_1812_1018.png,NORM,NONE,TARG,NONE
EH5_Siemens012/jai_0001437_654_1314.png,NORM,OVAL,NONE,"BAST, HOJO"
CDB_Sample125/jai_0000059_1154_945.png,NORM,ECHI,NONE,MALA
EH5_Siemens083/jai_0000402_239_1130.png,MICR,NONE,NONE,NONE
EH5_Siemens037/jai_0000009_1285_804.png,NORM,OVAL,NONE,NONE
CDB_Sample156/jai_0000306_1671_993.png,NORM,ECHI,NONE,NONE
EH5_Siemens029/jai_0000692_95_529.png,NORM,OVAL,NONE,NONE
CDB_Sample030/jai_0000057_1606_506.png,MICR,SPHE,NONE,NONE
EH5_Siemens037/jai_0000009_508_742.png,NORM,NONE,NONE,HOJO
EH5_Siemens013/jai_0000333_421_709.png,NORM,TEAR,NONE,NONE
EH5_Siemens008/jai_0001394_151_1199.png,NORM,NONE,NONE,NONE
EH5_Siemens012/jai_0001353_1286_1185.png,NORM,HELM,NONE,"BAST, HOJO"
EH5_Siemens012/jai_0000003_1711_973.png,NORM,NONE,HYPR,NONE
EH5_Siemens037/jai_0000009_1146_547.png,NORM,ECHI,NONE,NONE
EH5_Siemens012/jai_0001437_654_1314.png,NORM,OVAL,NONE,"BAST, HOJO"
CDB_Sample189/jai_0000033_1651_1223.png,NORM,NONE,NONE,HOJO
EH5_Siemens012/jai_0000182_156_1113.png,NORM,NONE,HYPO,NONE
EH5_Siemens029/jai_0000479_1963_694.png,NORM,NONE,NONE,NONE
EH5_Siemens008/jai_0001178_302_549.png,NORM,NONE,NONE,NONE
EH5_Siemens012/jai_0000059_1789_295.png,NORM,NONE,NONE,NRBC
EH5_Siemens013/jai_0000889_671_1314.png,NORM,OVAL,NONE,NONE
CDB_Sample156/jai_0000520_787_707.png,NORM,ECHI,NONE,NONE
CDB_Sample125/jai_0000226_900_235.png,NORM,NONE,NONE,MALA
CDB_Sample125/jai_0000355_1662_125.png,NORM,NONE,NONE,MALA
EH5_Siemens012/jai_0000277_726_1095.png,NORM,NONE,TARG,NONE
EH5_Siemens037/jai_0000399_715_1265.png,NORM,ACAN,NONE,NONE
CDB_Sample189/jai_0000114_478_823.png,NORM,NONE,HYPO,PABO
EH5_Siemens029/jai_0000873_1221_811.png,NORM,NONE,NONE,NONE
EH5_Siemens012/jai_0001353_1286_1185.png,NORM,HELM,NONE,"BAST, HOJO"
CDB_Sample189/jai_0000246_627_1140.png,NORM,SICK,NONE,NONE
EH5_Siemens083/jai_0000013_1687_325.png,NORM,NONE,HYPO,NONE
CDB_Sample012/jai_0000067_249_1035.png,MICR,NONE,NONE,NONE
EH5_Siemens045/jai_0000184_1650_237.png,NORM,BITE,NONE,NONE
EH5_Siemens012/jai_0001353_1286_1185.png,NORM,HELM,NONE,"BAST, HOJO"
EH5_Siemens029/jai_0000873_1213_896.png,MICR,NONE,HYPO,NONE
CDB_Sample189/jai_0000163_1297_301.png,NORM,NONE,HYPO,NONE
EH5_Siemens012/jai_0001300_33_44.png,NORM,NONE,TARG,NONE
EH5_Siemens012/jai_0000303_1012_994.png,NORM,NONE,TARG,NONE
CDB_Sample189/jai_0000334_472_416.png,NORM,NONE,HYPO,PABO
CDB_Sample125/jai_0000008_734_615.png,NORM,NONE,NONE,NONE
EH5_Siemens029/jai_0000828_403_1364.png,NORM,NONE,NONE,NONE
CDB_Sample012/jai_0000067_531_968.png,MICR,NONE,NONE,NONE
CDB_Sample030/jai_0000148_1958_687.png,NORM,ELLI,NONE,NONE
CDB_Sample189/jai_0000114_478_823.png,NORM,NONE,HYPO,PABO
CDB_Sample012/jai_0000026_315_742.png,NORM,NONE,HYPR,NONE
CDB_Sample012/jai_0000192_922_890.png,NORM,NONE,NONE,NONE
CDB_Sample156/jai_0000096_1651_950.png,NORM,ECHI,NONE,NONE
EH5_Siemens013/jai_0000969_30_260.png,NORM,TEAR,NONE,NONE
EH5_Siemens029/jai_0000654_363_644.png,NORM,HELM,NONE,NONE
EH5_Siemens083/jai_0000181_920_526.png,NORM,OVAL,NONE,NONE
EH5_Siemens037/jai_0000656_320_23.png,NORM,NONE,TARG,NONE
CDB_Sample125/jai_0000097_827_661.png,NORM,NONE,NONE,NONE
EH5_Siemens003/jai_0000227_234_990.png,NORM,NONE,NONE,HOJO
CDB_Sample030/jai_0000146_1290_769.png,NORM,NONE,NONE,NONE
EH5_Siemens012/jai_0001353_1286_1185.png,NORM,HELM,NONE,"BAST, HOJO"
EH5_Siemens012/jai_0000951_513_920.png,NORM,NONE,NONE,"BAST, HOJO, RETI"
EH5_Siemens012/jai_0001437_654_1314.png,NORM,OVAL,NONE,"BAST, HOJO"
EH5_Siemens012/jai_0001353_1286_1185.png,NORM,HELM,NONE,"BAST, HOJO"
CDB_Sample030/jai_0000235_1906_89.png,NORM,OVAL,NONE,NONE
CDB_Sample125/jai_0000183_727_899.png,NORM,NONE,NONE,MALA
EH5_Siemens012/jai_0001437_654_1314.png,NORM,OVAL,NONE,"BAST, HOJO"
CDB_Sample189/jai_0000033_674_837.png,NORM,NONE,NONE,HOJO
CDB_Sample189/jai_0000165_710_1330.png,MICR,NONE,NONE,PABO
CDB_Sample189/jai_0000162_1355_1268.png,NORM,NONE,NONE,HOJO
EH5_Siemens008/jai_0001610_1445_1350.png,NORM,OVAL,NONE,NONE
EH5_Siemens013/jai_0000158_1788_152.png,NORM,NONE,NONE,NONE
CDB_Sample156/jai_0000140_776_974.png,NORM,ECHI,NONE,NONE
EH5_Siemens012/jai_0000019_1221_1342.png,NORM,NONE,HYPO,NONE
CDB_Sample156/jai_0000349_1744_1087.png,NORM,NONE,NONE,NONE
CDB_Sample030/jai_0000232_1171_1102.png,NORM,TEAR,NONE,NONE
EH5_Siemens012/jai_0000044_371_1384.png,NORM,OVAL,HYPR,BAST
EH5_Siemens012/jai_0000318_1742_866.png,NORM,NONE,HYPO,NONE
EH5_Siemens003/jai_0000782_606_1441.png,NORM,NONE,NONE,NONE
CDB_Sample189/jai_0000079_150_711.png,NORM,NONE,HYPO,NONE
CDB_Sample030/jai_0000139_523_1165.png,NORM,OVAL,NONE,NONE
EH5_Siemens012/jai_0001353_1286_1185.png,NORM,HELM,NONE,"BAST, HOJO"
EH5_Siemens012/jai_0000395_1004_511.png,NORM,NONE,NONE,BAST
EH5_Siemens008/jai_0000959_1622_1456.png,NORM,ECHI,NONE,NONE
CDB_Sample156/jai_0000307_1236_1341.png,NORM,NONE,NONE,NONE
EH5_Siemens029/jai_0000828_195_478.png,NORM,NONE,NONE,BAST
EH5_Siemens013/jai_0000417_67_1233.png,NORM,NONE,NONE,NONE
EH5_Siemens083/jai_0000101_30_1279.png,NORM,NONE,HYPO,NONE
EH5_Siemens003/jai_0000236_1192_771.png,NORM,NONE,NONE,NONE
EH5_Siemens012/jai_0000019_504_642.png,NORM,NONE,TARG,NONE
CDB_Sample030/jai_0000274_1813_259.png,NORM,NONE,NONE,NONE
EH5_Siemens012/jai_0000179_877_629.png,NORM,NONE,TARG,NONE
EH5_Siemens029/jai_0000395_228_1414.png,NORM,NONE,NONE,NONE
EH5_Siemens012/jai_0000995_442_1239.png,MICR,NONE,NONE,BAST
EH5_Siemens037/jai_0000399_1943_74.png,NORM,ECHI,NONE,NONE
CDB_Sample012/jai_0000199_229_752.png,NORM,NONE,NONE,NONE
CDB_Sample125/jai_0000054_1158_1340.png,NORM,NONE,NONE,NONE
EH5_Siemens012/jai_0000044_69_126.png,NORM,NONE,NONE,NRBC
EH5_Siemens012/jai_0001514_830_856.png,NORM,NONE,HYPR,"BAST, RETI"
EH5_Siemens012/jai_0000059_243_311.png,NORM,NONE,HYPO,NONE
CDB_Sample189/jai_0000038_751_204.png,NORM,NONE,NONE,"HOJO, RETI"
EH5_Siemens045/jai_0000010_1679_1291.png,MICR,SCHI,NONE,NONE
EH5_Siemens012/jai_0001512_564_319.png,NORM,NONE,TARG,BAST
CDB_Sample030/jai_0000272_1720_217.png,MICR,SPHE,NONE,NONE
CDB_Sample189/jai_0000161_1080_1188.png,NORM,NONE,NONE,PABO
CDB_Sample125/jai_0000273_785_238.png,NORM,NONE,NONE,MALA
CDB_Sample012/jai_0000067_1898_858.png,NORM,NONE,NONE,NONE
CDB_Sample125/jai_0000315_1207_440.png,NORM,NONE,NONE,NONE
EH5_Siemens012/jai_0001437_654_1314.png,NORM,OVAL,NONE,"BAST, HOJO"
EH5_Siemens008/jai_0001186_1032_705.png,NORM,NONE,NONE,NONE
CDB_Sample125/jai_0000272_159_258.png,NORM,NONE,TARG,RETI
CDB_Sample125/jai_0000183_339_340.png,NORM,NONE,NONE,MALA
EH5_Siemens083/jai_0000181_709_1186.png,MACR,NONE,HYPR,NONE
EH5_Siemens008/jai_0001657_1423_1311.png,NORM,ECHI,NONE,NONE
EH5_Siemens012/jai_0001166_576_1304.png,NORM,NONE,NONE,"BAST, RETI"
CDB_Sample189/jai_0000376_841_107.png,NORM,NONE,NONE,HOJO
EH5_Siemens029/jai_0000479_685_622.png,NORM,NONE,NONE,NONE
EH5_Siemens037/jai_0000135_1053_362.png,NORM,ECHI,NONE,NONE
CDB_Sample189/jai_0000377_676_1157.png,NORM,NONE,NONE,NONE
EH5_Siemens008/jai_0000024_302_1157.png,NORM,NONE,NONE,NONE
CDB_Sample189/jai_0000120_973_784.png,NORM,NONE,NONE,HOJO
EH5_Siemens029/jai_0000654_1246_842.png,NORM,NONE,HYPO,NONE
CDB_Sample125/jai_0000268_1528_1166.png,NORM,NONE,NONE,MALA
CDB_Sample189/jai_0000247_478_840.png,NORM,NONE,NONE,NONE
EH5_Siemens041/jai_0000231_872_1284.png,MICR,SCHI,NONE,NONE
EH5_Siemens029/jai_0000695_546_653.png,MICR,NONE,NONE,NONE
CDB_Sample030/jai_0000148_1355_288.png,NORM,TEAR,NONE,NONE
EH5_Siemens037/jai_0000009_159_64.png,MACR,NONE,NONE,NONE
CDB_Sample030/jai_0000146_1898_832.png,MICR,ELLI,HYPO,NONE
EH5_Siemens029/jai_0000440_1192_610.png,NORM,NONE,HYPR,NONE
EH5_Siemens012/jai_0000347_1486_1215.png,MICR,NONE,NONE,"BAST, RETI"
EH5_Siemens008/jai_0001437_841_350.png,NORM,BITE,NONE,NONE
CDB_Sample030/jai_0000056_509_39.png,NORM,OVAL,NONE,NONE
EH5_Siemens012/jai_0000951_513_920.png,NORM,NONE,NONE,"BAST, HOJO, RETI"
EH5_Siemens029/jai_0000440_544_357.png,MICR,SPHE,NONE,NONE
CDB_Sample030/jai_0000014_1354_1044.png,MICR,NONE,HYPO,NONE
EH5_Siemens008/jai_0001610_92_564.png,NORM,BITE,NONE,NONE
CDB_Sample189/jai_0000293_1806_1398.png,NORM,SICK,NONE,NONE
EH5_Siemens008/jai_0000578_1265_173.png,NORM,BITE,NONE,NONE
EH5_Siemens012/jai_0001353_1286_1185.png,NORM,HELM,NONE,"BAST, HOJO"
EH5_Siemens083/jai_0000267_1111_1383.png,MICR,NONE,NONE,NONE
CDB_Sample156/jai_0000051_1927_218.png,NORM,ECHI,NONE,NONE
CDB_Sample189/jai_0000289_1400_447.png,NORM,ELLI,NONE,NONE
EH5_Siemens003/jai_0000980_1575_199.png,NORM,NONE,NONE,NONE
EH5_Siemens012/jai_0000182_1119_766.png,NORM,NONE,HYPO,NONE
CDB_Sample189/jai_0000114_478_823.png,NORM,NONE,HYPO,PABO
EH5_Siemens045/jai_0000184_1650_237.png,NORM,BITE,NONE,NONE
CDB_Sample156/jai_0000266_1936_161.png,NORM,ACAN,NONE,NONE
EH5_Siemens029/jai_0000396_370_668.png,NORM,TEAR,NONE,NONE
CDB_Sample189/jai_0000038_751_204.png,NORM,NONE,NONE,"HOJO, RETI"
EH5_Siemens012/jai_0000147_676_722.png,NORM,NONE,HYPO,NONE
CDB_Sample189/jai_0000114_1787_644.png,NORM,OVAL,HYPO,PABO
EH5_Siemens012/jai_0001353_1286_1185.png,NORM,HELM,NONE,"BAST, HOJO"
CDB_Sample189/jai_0000248_1594_596.png,NORM,SICK,NONE,NONE
CDB_Sample156/jai_0000392_1480_1370.png,NORM,NONE,NONE,MALA
CDB_Sample189/jai_0000033_1277_554.png,NORM,NONE,NONE,PABO
EH5_Siemens012/jai_0001268_1072_216.png,MICR,OVAL,NONE,"HOJO, RETI"
CDB_Sample189/jai_0000115_1328_266.png,NORM,SICK,NONE,NONE
CDB_Sample189/jai_0000038_751_204.png,NORM,NONE,NONE,"HOJO, RETI"
CDB_Sample030/jai_0000100_1970_1038.png,MICR,NONE,NONE,NONE
EH5_Siemens037/jai_0000009_1637_691.png,MICR,NONE,NONE,NONE
CDB_Sample156/jai_0000096_586_173.png,NORM,ECHI,NONE,NONE
EH5_Siemens083/jai_0000185_1877_1421.png,NORM,NONE,HYPO,NONE
CDB_Sample125/jai_0000224_1664_597.png,NORM,NONE,HYPO,NONE
EH5_Siemens003/jai_0000980_1567_1243.png,NORM,NONE,NONE,NONE
EH5_Siemens083/jai_0000058_688_658.png,NORM,NONE,HYPO,NONE
EH5_Siemens012/jai_0000003_1736_123.png,NORM,NONE,TARG,NONE
CDB_Sample125/jai_0000053_344_253.png,NORM,NONE,HYPO,NONE
EH5_Siemens003/jai_0000278_44_1080.png,NORM,NONE,NONE,NONE
CDB_Sample189/jai_0000290_472_275.png,NORM,SICK,NONE,NONE
EH5_Siemens083/jai_0001472_543_113.png,MACR,NONE,NONE,BAST
CDB_Sample012/jai_0000064_56_1433.png,NORM,NONE,NONE,NONE
CDB_Sample012/jai_0000032_1140_480.png,NORM,NONE,NONE,NONE
EH5_Siemens013/jai_0000544_1233_978.png,NORM,NONE,NONE,NONE
CDB_Sample156/jai_0000097_1957_1242.png,NORM,ECHI,NONE,NONE
EH5_Siemens029/jai_0000828_195_478.png,NORM,NONE,NONE,BAST
EH5_Siemens083/jai_0000184_1521_1008.png,MICR,SCHI,NONE,NONE
EH5_Siemens012/jai_0000264_1196_1287.png,NORM,NONE,NONE,"BAST, HOJO, RETI"
EH5_Siemens045/jai_0000186_946_1194.png,MICR,SCHI,NONE,NONE
EH5_Siemens012/jai_0000057_1569_1060.png,NORM,NONE,NONE,NRBC
EH5_Siemens008/jai_0001437_841_350.png,NORM,BITE,NONE,NONE
EH5_Siemens012/jai_0000174_938_1403.png,NORM,NONE,NONE,NRBC
EH5_Siemens012/jai_0001353_1286_1185.png,NORM,HELM,NONE,"BAST, HOJO"
CDB_Sample012/jai_0000032_554_458.png,NORM,NONE,NONE,NONE
EH5_Siemens003/jai_0000663_799_134.png,NORM,NONE,NONE,NONE
EH5_Siemens008/jai_0000578_1275_637.png,NORM,NONE,NONE,NONE
EH5_Siemens012/jai_0000057_951_210.png,NORM,ECHI,HYPO,NONE
CDB_Sample012/jai_0000031_1934_689.png,MACR,NONE,NONE,NONE
EH5_Siemens029/jai_0000695_233_471.png,NORM,NONE,HYPO,NONE
EH5_Siemens012/jai_0000264_1196_1287.png,NORM,NONE,NONE,"BAST, HOJO, RETI"
CDB_Sample189/jai_0000378_1193_1080.png,NORM,NONE,NONE,PABO
CDB_Sample030/jai_0000097_1616_491.png,NORM,TEAR,NONE,NONE
EH5_Siemens029/jai_0000225_821_734.png,NORM,NONE,HYPO,NONE
CDB_Sample156/jai_0000566_1962_367.png,NORM,ECHI,NONE,NONE
EH5_Siemens012/jai_0000019_956_1247.png,NORM,NONE,NONE,"BAST, RETI"
EH5_Siemens037/jai_0000092_458_1305.png,NORM,NONE,NONE,NONE
CDB_Sample156/jai_0000566_1297_1293.png,NORM,ECHI,NONE,NONE
CDB_Sample125/jai_0000010_1942_230.png,NORM,HELM,NONE,NONE
EH5_Siemens003/jai_0000278_365_822.png,MACR,NONE,NONE,NONE
EH5_Siemens012/jai_0001173_1495_196.png,MICR,NONE,NONE,BAST
CDB_Sample012/jai_0000063_1270_616.png,NORM,NONE,NONE,RETI
CDB_Sample125/jai_0000180_355_290.png,NORM,NONE,NONE,MALA
EH5_Siemens029/jai_0000653_548_46.png,NORM,NONE,NONE,NONE
CDB_Sample189/jai_0000377_1325_1277.png,NORM,NONE,NONE,RETI
CDB_Sample189/jai_0000374_1691_483.png,MICR,SPHE,NONE,NONE
EH5_Siemens012/jai_0000043_908_1424.png,NORM,NONE,NONE,NRBC
EH5_Siemens083/jai_0001472_543_113.png,MACR,NONE,NONE,BAST
EH5_Siemens008/jai_0000578_1704_550.png,NORM,NONE,NONE,NONE
EH5_Siemens012/jai_0000044_69_126.png,NORM,NONE,NONE,NRBC
EH5_Siemens041/jai_0000188_1681_418.png,NORM,BITE,NONE,NONE
CDB_Sample189/jai_0000033_674_837.png,NORM,NONE,NONE,HOJO
EH5_Siemens041/jai_0000187_1819_1116.png,MICR,SCHI,NONE,NONE
EH5_Siemens013/jai_0001114_50_392.png,NORM,TEAR,NONE,NONE
EH5_Siemens012/jai_0000264_1794_1018.png,NORM,NONE,NONE,RETI
EH5_Siemens029/jai_0000395_1896_745.png,NORM,NONE,NONE,NONE
CDB_Sample012/jai_0000156_815_959.png,NORM,NONE,NONE,"BAST, RETI"
CDB_Sample030/jai_0000232_241_717.png,MICR,NONE,NONE,NONE
EH5_Siemens083/jai_0001472_543_113.png,MACR,NONE,NONE,BAST
EH5_Siemens012/jai_0000303_64_613.png,NORM,NONE,NONE,NRBC
EH5_Siemens083/jai_0000180_880_835.png,NORM,NONE,TARG,NONE
EH5_Siemens083/jai_0000098_618_1146.png,NORM,NONE,HYPO,NONE
CDB_Sample125/jai_0000274_1463_1027.png,NORM,ECHI,NONE,NONE
CDB_Sample030/jai_0000018_1714_663.png,NORM,NONE,NONE,NONE
CDB_Sample030/jai_0000231_507_235.png,NORM,TEAR,NONE,NONE
EH5_Siemens012/jai_0000825_720_955.png,NORM,NONE,NONE,"BAST, RETI"
EH5_Siemens012/jai_0001268_294_1421.png,MICR,NONE,NONE,BAST
EH5_Siemens013/jai_0000327_768_1351.png,NORM,NONE,HYPO,NONE
CDB_Sample189/jai_0000288_246_375.png,NORM,NONE,NONE,PABO
EH5_Siemens013/jai_0001060_275_715.png,MICR,NONE,NONE,NONE
EH5_Siemens008/jai_0000241_208_601.png,NORM,NONE,NONE,NONE
EH5_Siemens029/jai_0000695_1813_1332.png,NORM,TEAR,HYPO,NONE
EH5_Siemens013/jai_0000413_978_1037.png,MICR,NONE,NONE,NONE
EH5_Siemens012/jai_0000063_47_1028.png,NORM,NONE,NONE,RETI
EH5_Siemens029/jai_0000052_1365_1178.png,NORM,NONE,NONE,NONE
CDB_Sample125/jai_0000272_1627_1342.png,MACR,NONE,HYPO,NONE
CDB_Sample012/jai_0000026_1734_1285.png,NORM,NONE,NONE,NONE
EH5_Siemens012/jai_0001256_755_1091.png,NORM,NONE,NONE,BAST
EH5_Siemens029/jai_0000439_1669_667.png,MICR,NONE,NONE,NONE
EH5_Siemens037/jai_0000356_447_23.png,NORM,NONE,NONE,NONE
CDB_Sample030/jai_0000014_72_93.png,MICR,SCHI,NONE,NONE
EH5_Siemens013/jai_0000327_1342_1400.png,NORM,NONE,NONE,NONE
EH5_Siemens029/jai_0000440_1076_277.png,NORM,NONE,NONE,NONE
EH5_Siemens012/jai_0000264_1196_1287.png,NORM,NONE,NONE,"BAST, HOJO, RETI"
EH5_Siemens029/jai_0000439_1517_220.png,NORM,NONE,NONE,HOJO
CDB_Sample030/jai_0000274_161_1219.png,NORM,ELLI,NONE,NONE
EH5_Siemens008/jai_0000146_444_906.png,NORM,NONE,HYPO,NONE
EH5_Siemens012/jai_0001437_654_1314.png,NORM,OVAL,NONE,"BAST, HOJO"
CDB_Sample030/jai_0000100_969_816.png,NORM,OVAL,NONE,NONE
EH5_Siemens012/jai_0000003_723_1112.png,NORM,NONE,STOM,NONE
EH5_Siemens012/jai_0000951_513_920.png,NORM,NONE,NONE,"BAST, HOJO, RETI"
CDB_Sample030/jai_0000061_1326_1150.png,MICR,NONE,NONE,NONE
EH5_Siemens012/jai_0000951_513_920.png,NORM,NONE,NONE,"BAST, HOJO, RETI"
EH5_Siemens012/jai_0001353_1286_1185.png,NORM,HELM,NONE,"BAST, HOJO"
CDB_Sample156/jai_0000609_1329_144.png,NORM,ECHI,NONE,NONE
CDB_Sample125/jai_0000058_1099_1151.png,NORM,ECHI,NONE,NONE
EH5_Siemens037/jai_0000358_1390_1311.png,NORM,NONE,TARG,NONE
CDB_Sample189/jai_0000373_1853_1117.png,NORM,NONE,NONE,PABO
CDB_Sample156/jai_0000096_1582_663.png,NORM,NONE,STOM,NONE
EH5_Siemens013/jai_0000072_707_1034.png,NORM,ECHI,NONE,NONE
CDB_Sample189/jai_0000034_567_1093.png,NORM,SICK,NONE,NONE
EH5_Siemens012/jai_0000187_1025_815.png,NORM,NONE,NONE,NRBC
EH5_Siemens029/jai_0000353_170_1085.png,NORM,NONE,NONE,NONE
CDB_Sample189/jai_0000373_102_421.png,NORM,NONE,STOM,NONE
EH5_Siemens012/jai_0000044_69_126.png,NORM,NONE,NONE,NRBC
EH5_Siemens012/jai_0000951_513_920.png,NORM,NONE,NONE,"BAST, HOJO, RETI"
EH5_Siemens012/jai_0001477_753_715.png,NORM,NONE,NONE,"BAST, RETI"
EH5_Siemens045/jai_0000010_1679_1291.png,MICR,SCHI,NONE,NONE
CDB_Sample012/jai_0000031_296_705.png,MICR,NONE,NONE,NONE
CDB_Sample012/jai_0000116_747_399.png,NORM,NONE,NONE,NONE
EH5_Siemens012/jai_0000046_1808_35.png,NORM,NONE,HYPR,NONE
EH5_Siemens041/jai_0000188_1717_604.png,NORM,BITE,NONE,NONE
CDB_Sample189/jai_0000163_338_604.png,NORM,HELM,NONE,NONE
CDB_Sample189/jai_0000160_181_1113.png,NORM,NONE,NONE,RETI
EH5_Siemens012/jai_0000187_1025_815.png,NORM,NONE,NONE,NRBC
EH5_Siemens037/jai_0000655_122_528.png,NORM,OVAL,NONE,NONE
CDB_Sample156/jai_0000140_68_1199.png,NORM,NONE,NONE,NONE
CDB_Sample012/jai_0000197_1332_1343.png,NORM,NONE,NONE,NONE
EH5_Siemens037/jai_0000527_1146_958.png,NORM,NONE,NONE,NONE
EH5_Siemens008/jai_0000130_666_795.png,NORM,OVAL,NONE,NONE
EH5_Siemens012/jai_0001268_1072_216.png,MICR,OVAL,NONE,"HOJO, RETI"
CDB_Sample189/jai_0000034_75_159.png,NORM,SICK,NONE,NONE
CDB_Sample125/jai_0000053_619_1361.png,NORM,NONE,NONE,BAST
EH5_Siemens037/jai_0000653_662_1163.png,NORM,NONE,TARG,NONE
CDB_Sample030/jai_0000185_102_707.png,NORM,NONE,STOM,NONE
CDB_Sample189/jai_0000246_1209_1426.png,NORM,SICK,NONE,NONE
EH5_Siemens012/jai_0000528_1500_1025.png,MICR,SCHI,NONE,NONE
EH5_Siemens041/jai_0001350_463_1289.png,NORM,HELM,NONE,NONE
EH5_Siemens008/jai_0001423_689_518.png,NORM,NONE,NONE,NONE
EH5_Siemens083/jai_0000017_1546_40.png,MICR,NONE,NONE,NONE
EH5_Siemens012/jai_0000059_493_20.png,MACR,NONE,HYPO,NONE
EH5_Siemens029/jai_0000479_673_71.png,NORM,NONE,NONE,RETI
CDB_Sample125/jai_0000350_1362_933.png,NORM,NONE,NONE,MALA
EH5_Siemens013/jai_0000588_1244_445.png,NORM,NONE,NONE,RETI
EH5_Siemens013/jai_0000333_1332_893.png,NORM,TEAR,NONE,NONE
EH5_Siemens083/jai_0000182_1702_834.png,NORM,NONE,HYPO,NONE
EH5_Siemens041/jai_0001348_1028_436.png,NORM,HELM,NONE,NONE
EH5_Siemens045/jai_0000186_1249_692.png,NORM,BITE,NONE,NONE
EH5_Siemens012/jai_0001512_564_319.png,NORM,NONE,TARG,BAST
CDB_Sample189/jai_0000334_472_416.png,NORM,NONE,HYPO,PABO
EH5_Siemens003/jai_0000274_1673_1184.png,NORM,NONE,STOM,NONE
EH5_Siemens013/jai_0000889_178_1279.png,NORM,NONE,NONE,"BAST, RETI"
CDB_Sample125/jai_0000317_209_1039.png,NORM,NONE,NONE,MALA
CDB_Sample189/jai_0000038_751_204.png,NORM,NONE,NONE,"HOJO, RETI"
CDB_Sample189/jai_0000248_303_777.png,NORM,NONE,NONE,RETI
EH5_Siemens012/jai_0000264_1196_1287.png,NORM,NONE,NONE,"BAST, HOJO, RETI"
CDB_Sample030/jai_0000103_548_913.png,NORM,OVAL,NONE,NONE
CDB_Sample189/jai_0000119_400_1066.png,NORM,NONE,NONE,HOJO
EH5_Siemens003/jai_0000976_503_1316.png,NORM,NONE,NONE,NONE
EH5_Siemens029/jai_0000822_1145_1175.png,NORM,NONE,NONE,NONE
CDB_Sample030/jai_0000013_1684_840.png,NORM,NONE,NONE,NONE
CDB_Sample012/jai_0000024_1092_857.png,MICR,NONE,NONE,NONE
CDB_Sample030/jai_0000103_1538_512.png,NORM,TEAR,NONE,NONE
CDB_Sample125/jai_0000014_511_1096.png,NORM,NONE,NONE,NONE
CDB_Sample030/jai_0000099_999_1246.png,NORM,OVAL,NONE,NONE
EH5_Siemens012/jai_0000147_896_1124.png,NORM,NONE,NONE,NONE
EH5_Siemens012/jai_0000825_788_1179.png,NORM,HELM,NONE,NONE
EH5_Siemens012/jai_0000044_69_126.png,NORM,NONE,NONE,NRBC
EH5_Siemens083/jai_0000401_1945_46.png,NORM,HELM,NONE,NONE
CDB_Sample125/jai_0000183_1258_1388.png,NORM,NONE,NONE,MALA
CDB_Sample189/jai_0000373_543_513.png,NORM,NONE,NONE,PABO
EH5_Siemens012/jai_0001437_654_1314.png,NORM,OVAL,NONE,"BAST, HOJO"
EH5_Siemens008/jai_0001392_1499_519.png,MICR,SPHE,NONE,NONE
EH5_Siemens029/jai_0000695_1820_389.png,NORM,NONE,NONE,NONE
EH5_Siemens012/jai_0000182_349_1156.png,NORM,NONE,HYPO,NONE
EH5_Siemens012/jai_0001268_1072_216.png,MICR,OVAL,NONE,"HOJO, RETI"
EH5_Siemens013/jai_0000071_1658_808.png,MICR,NONE,NONE,NONE
EH5_Siemens012/jai_0000951_513_920.png,NORM,NONE,NONE,"BAST, HOJO, RETI"
EH5_Siemens012/jai_0000527_58_691.png,NORM,NONE,NONE,"BAST, RETI"
EH5_Siemens008/jai_0001178_1501_927.png,NORM,NONE,NONE,NONE
EH5_Siemens037/jai_0000092_1203_723.png,NORM,NONE,TARG,NONE
EH5_Siemens013/jai_0000074_1004_1172.png,NORM,HELM,NONE,NONE
EH5_Siemens008/jai_0000362_174_1296.png,NORM,NONE,NONE,NONE
CDB_Sample189/jai_0000378_1613_1219.png,NORM,ECHI,NONE,NONE
CDB_Sample156/jai_0000352_500_1227.png,NORM,ECHI,NONE,NONE
EH5_Siemens045/jai_0000185_540_867.png,NORM,HELM,NONE,NONE
CDB_Sample030/jai_0000232_773_1403.png,NORM,ACAN,NONE,NONE
CDB_Sample030/jai_0000185_1351_196.png,MICR,ELLI,HYPO,NONE
EH5_Siemens012/jai_0001512_564_319.png,NORM,NONE,TARG,BAST
CDB_Sample189/jai_0000038_751_204.png,NORM,NONE,NONE,"HOJO, RETI"
EH5_Siemens013/jai_0000414_1462_497.png,NORM,TEAR,NONE,NONE
EH5_Siemens083/jai_0001472_1673_1320.png,MICR,NONE,NONE,NONE
EH5_Siemens012/jai_0001268_294_1421.png,MICR,NONE,NONE,BAST
CDB_Sample156/jai_0000392_1662_310.png,NORM,ECHI,NONE,NONE
EH5_Siemens083/jai_0000101_1745_1019.png,NORM,NONE,NONE,NONE
CDB_Sample012/jai_0000199_399_284.png,NORM,NONE,NONE,NONE
CDB_Sample156/jai_0000566_1197_1220.png,NORM,ACAN,NONE,NONE
CDB_Sample030/jai_0000272_1392_1267.png,NORM,NONE,NONE,NONE
EH5_Siemens083/jai_0001472_543_113.png,MACR,NONE,NONE,BAST
EH5_Siemens045/jai_0000011_1939_1252.png,MICR,SCHI,NONE,NONE
EH5_Siemens003/jai_0000744_539_1157.png,NORM,NONE,NONE,HOJO
CDB_Sample012/jai_0000193_1273_733.png,NORM,NONE,NONE,NONE
EH5_Siemens008/jai_0001437_841_350.png,NORM,BITE,NONE,NONE
CDB_Sample030/jai_0000099_652_884.png,NORM,TEAR,NONE,NONE
CDB_Sample125/jai_0000096_322_316.png,NORM,NONE,NONE,MALA
CDB_Sample189/jai_0000040_1421_275.png,NORM,NONE,HYPO,NONE
EH5_Siemens083/jai_0000142_1605_241.png,MACR,NONE,NONE,BAST
EH5_Siemens012/jai_0000951_513_920.png,NORM,NONE,NONE,"BAST, HOJO, RETI"
CDB_Sample125/jai_0000355_1010_522.png,NORM,NONE,NONE,NONE
CDB_Sample189/jai_0000114_1787_644.png,NORM,OVAL,HYPO,PABO
EH5_Siemens012/jai_0000147_239_1379.png,NORM,NONE,HYPO,NONE
CDB_Sample012/jai_0000110_339_175.png,MICR,NONE,NONE,NONE
EH5_Siemens013/jai_0001193_423_1042.png,NORM,NONE,STOM,NONE
EH5_Siemens008/jai_0000578_799_1172.png,NORM,NONE,NONE,NONE
EH5_Siemens012/jai_0000528_1500_1025.png,MICR,SCHI,NONE,NONE
EH5_Siemens083/jai_0000058_1776_815.png,NORM,NONE,HYPO,NONE
CDB_Sample012/jai_0000116_1014_588.png,MICR,NONE,NONE,NONE
EH5_Siemens012/jai_0000951_513_920.png,NORM,NONE,NONE,"BAST, HOJO, RETI"
EH5_Siemens012/jai_0001268_1072_216.png,MICR,OVAL,NONE,"HOJO, RETI"
CDB_Sample030/jai_0000018_1119_688.png,NORM,NONE,HYPR,NONE
CDB_Sample189/jai_0000246_1501_492.png,NORM,NONE,NONE,PABO
EH5_Siemens039/jai_0000188_1848_1231.png,NORM,HELM,NONE,NONE
EH5_Siemens083/jai_0000184_613_774.png,MICR,NONE,NONE,"BAST, RETI"
CDB_Sample156/jai_0000179_1329_872.png,NORM,ECHI,NONE,NONE
EH5_Siemens008/jai_0001392_1499_519.png,MICR,SPHE,NONE,NONE
EH5_Siemens083/jai_0000060_1714_64.png,NORM,NONE,HYPO,NONE
EH5_Siemens012/jai_0000043_908_1424.png,NORM,NONE,NONE,NRBC
EH5_Siemens029/jai_0000695_1201_354.png,NORM,TEAR,NONE,NONE
EH5_Siemens012/jai_0000057_1569_1060.png,NORM,NONE,NONE,NRBC
CDB_Sample125/jai_0000225_294_771.png,NORM,NONE,NONE,MALA
EH5_Siemens012/jai_0000059_162_482.png,NORM,ECHI,NONE,NONE
EH5_Siemens012/jai_0000044_1534_346.png,MICR,NONE,HYPO,NONE
CDB_Sample125/jai_0000317_1202_508.png,NORM,NONE,NONE,NONE
EH5_Siemens037/jai_0000358_1422_977.png,NORM,ECHI,NONE,NONE
EH5_Siemens012/jai_0000043_1096_244.png,MACR,NONE,NONE,NONE
EH5_Siemens008/jai_0000287_1137_524.png,NORM,NONE,NONE,NONE
EH5_Siemens003/jai_0000976_1404_1150.png,NORM,NONE,NONE,NONE
CDB_Sample012/jai_0000117_189_372.png,NORM,NONE,NONE,NONE
EH5_Siemens083/jai_0000064_1870_1297.png,NORM,NONE,HYPO,NONE
EH5_Siemens012/jai_0000057_92_460.png,NORM,NONE,TARG,NONE
EH5_Siemens029/jai_0000479_1606_1208.png,NORM,NONE,HYPR,NONE
EH5_Siemens013/jai_0000327_1102_1391.png,NORM,NONE,NONE,NONE
CDB_Sample189/jai_0000114_564_383.png,NORM,NONE,NONE,NONE
CDB_Sample125/jai_0000315_940_1026.png,NORM,NONE,NONE,MALA
EH5_Siemens012/jai_0001474_210_726.png,MICR,NONE,NONE,BAST
CDB_Sample030/jai_0000147_599_1359.png,NORM,NONE,HYPO,NONE
EH5_Siemens083/jai_0000017_83_980.png,NORM,NONE,HYPO,NONE
EH5_Siemens012/jai_0000003_1848_243.png,NORM,NONE,HYPR,NONE
CDB_Sample012/jai_0000148_1088_33.png,NORM,NONE,HYPR,NONE
CDB_Sample012/jai_0000069_884_445.png,MICR,NONE,NONE,NONE
EH5_Siemens029/jai_0000439_1174_1236.png,NORM,NONE,NONE,NONE
EH5_Siemens029/jai_0000225_1026_271.png,NORM,NONE,NONE,NONE
CDB_Sample125/jai_0000014_922_1107.png,NORM,NONE,HYPO,NONE
CDB_Sample125/jai_0000224_1272_353.png,NORM,NONE,NONE,NONE
CDB_Sample189/jai_0000166_494_148.png,NORM,NONE,NONE,HOJO
EH5_Siemens012/jai_0001268_1072_216.png,MICR,OVAL,NONE,"HOJO, RETI"
CDB_Sample125/jai_0000353_591_944.png,NORM,NONE,NONE,MALA
EH5_Siemens008/jai_0001392_248_275.png,NORM,NONE,NONE,NONE
EH5_Siemens012/jai_0000264_1196_1287.png,NORM,NONE,NONE,"BAST, HOJO, RETI"
EH5_Siemens003/jai_0000227_234_990.png,NORM,NONE,NONE,HOJO
CDB_Sample012/jai_0000070_780_302.png,NORM,NONE,NONE,"BAST, RETI"
CDB_Sample189/jai_0000038_751_204.png,NORM,NONE,NONE,"HOJO, RETI"
CDB_Sample156/jai_0000610_848_349.png,NORM,NONE,NONE,MALA
EH5_Siemens083/jai_0000181_1327_1190.png,NORM,NONE,TARG,NONE
CDB_Sample030/jai_0000057_1915_953.png,NORM,OVAL,HYPO,NONE
EH5_Siemens083/jai_0000223_210_1401.png,NORM,NONE,HYPO,NONE
CDB_Sample012/jai_0000117_1774_51.png,NORM,NONE,NONE,NONE
CDB_Sample012/jai_0000155_887_394.png,NORM,NONE,NONE,RETI
EH5_Siemens012/jai_0000044_371_1384.png,NORM,OVAL,HYPR,BAST
CDB_Sample189/jai_0000377_568_990.png,MICR,NONE,NONE,NONE
EH5_Siemens003/jai_0000158_1091_852.png,MICR,NONE,NONE,NONE
EH5_Siemens012/jai_0000043_908_1424.png,NORM,NONE,NONE,NRBC
EH5_Siemens037/jai_0000142_1577_1357.png,NORM,NONE,TARG,NONE
EH5_Siemens008/jai_0000150_1854_709.png,NORM,NONE,NONE,NONE
EH5_Siemens013/jai_0000119_1278_405.png,NORM,NONE,HYPR,NONE
CDB_Sample189/jai_0000038_751_204.png,NORM,NONE,NONE,"HOJO, RETI"
CDB_Sample189/jai_0000038_751_204.png,NORM,NONE,NONE,"HOJO, RETI"
CDB_Sample189/jai_0000167_1819_817.png,NORM,NONE,NONE,RETI
EH5_Siemens012/jai_0000825_720_955.png,NORM,NONE,NONE,"BAST, RETI"
EH5_Siemens012/jai_0000046_748_1277.png,MACR,NONE,NONE,RETI
EH5_Siemens083/jai_0000356_1290_1032.png,NORM,NONE,NONE,"BAST, RETI"
CDB_Sample189/jai_0000034_431_746.png,NORM,NONE,STOM,NONE
EH5_Siemens012/jai_0001437_654_1314.png,NORM,OVAL,NONE,"BAST, HOJO"
EH5_Siemens012/jai_0001261_1830_454.png,MICR,NONE,NONE,BAST
EH5_Siemens041/jai_0000188_1681_418.png,NORM,BITE,NONE,NONE
CDB_Sample125/jai_0000268_1528_1166.png,NORM,NONE,NONE,MALA
CDB_Sample189/jai_0000161_1080_1188.png,NORM,NONE,NONE,PABO
CDB_Sample125/jai_0000354_370_797.png,NORM,ECHI,NONE,NONE
EH5_Siemens012/jai_0000063_1777_672.png,NORM,NONE,TARG,NONE
CDB_Sample012/jai_0000030_105_1327.png,NORM,NONE,STOM,NONE
CDB_Sample189/jai_0000034_819_226.png,NORM,NONE,NONE,PABO
CDB_Sample189/jai_0000038_751_204.png,NORM,NONE,NONE,"HOJO, RETI"
EH5_Siemens003/jai_0000158_786_476.png,NORM,NONE,NONE,NONE
EH5_Siemens008/jai_0000241_120_577.png,NORM,NONE,NONE,NONE
CDB_Sample189/jai_0000035_1175_773.png,NORM,NONE,NONE,PABO
EH5_Siemens012/jai_0000043_86_1253.png,NORM,NONE,NONE,BAST
EH5_Siemens083/jai_0000014_1181_628.png,NORM,NONE,NONE,NONE
EH5_Siemens012/jai_0001609_1420_692.png,NORM,NONE,HYPR,"BAST, RETI"
CDB_Sample012/jai_0000066_1684_1403.png,NORM,NONE,NONE,NONE
EH5_Siemens014/jai_0000064_1338_1233.png,NORM,HELM,NONE,NONE
EH5_Siemens003/jai_0000980_1147_809.png,NORM,NONE,NONE,NONE
CDB_Sample030/jai_0000019_1698_61.png,MICR,NONE,NONE,NONE
CDB_Sample030/jai_0000062_895_1303.png,NORM,NONE,NONE,NONE
CDB_Sample125/jai_0000352_1670_781.png,NORM,NONE,NONE,MALA
EH5_Siemens012/jai_0000059_1293_926.png,NORM,NONE,HYPR,NONE
CDB_Sample030/jai_0000141_1895_1390.png,NORM,TEAR,NONE,NONE
EH5_Siemens012/jai_0000950_281_524.png,NORM,NONE,TARG,NONE
EH5_Siemens083/jai_0000180_1048_719.png,MICR,NONE,NONE,NONE
CDB_Sample030/jai_0000274_1896_1029.png,MICR,NONE,NONE,NONE
EH5_Siemens014/jai_0000022_1312_819.png,NORM,BITE,NONE,NONE
EH5_Siemens013/jai_0000758_1113_428.png,NORM,NONE,NONE,NONE
CDB_Sample012/jai_0000156_1802_287.png,MICR,NONE,NONE,NONE
EH5_Siemens029/jai_0000695_1261_760.png,NORM,NONE,NONE,NONE
CDB_Sample030/jai_0000097_1737_134.png,NORM,OVAL,NONE,RETI
EH5_Siemens083/jai_0000060_739_231.png,NORM,NONE,NONE,NONE
CDB_Sample030/jai_0000016_510_876.png,NORM,NONE,NONE,NONE
EH5_Siemens012/jai_0001474_210_726.png,MICR,NONE,NONE,BAST
EH5_Siemens012/jai_0000358_454_691.png,NORM,NONE,NONE,BAST
CDB_Sample189/jai_0000038_751_204.png,NORM,NONE,NONE,"HOJO, RETI"
EH5_Siemens012/jai_0000951_513_920.png,NORM,NONE,NONE,"BAST, HOJO, RETI"
EH5_Siemens013/jai_0000333_1074_891.png,NORM,TEAR,NONE,NONE
EH5_Siemens029/jai_0000569_666_959.png,NORM,NONE,NONE,NONE
EH5_Siemens029/jai_0000398_1730_1010.png,NORM,NONE,NONE,NONE
EH5_Siemens041/jai_0000188_1717_604.png,NORM,BITE,NONE,NONE
EH5_Siemens013/jai_0000074_1932_778.png,NORM,NONE,NONE,NONE
CDB_Sample189/jai_0000119_1800_1397.png,NORM,NONE,NONE,NONE
CDB_Sample012/jai_0000032_1774_1278.png,NORM,NONE,STOM,NONE
EH5_Siemens083/jai_0000180_724_1112.png,NORM,NONE,NONE,NONE
EH5_Siemens029/jai_0000440_1641_455.png,NORM,NONE,NONE,NONE
CDB_Sample012/jai_0000197_1120_237.png,MICR,NONE,HYPO,NONE
EH5_Siemens012/jai_0000059_1066_542.png,NORM,NONE,HYPO,NONE
CDB_Sample189/jai_0000163_1578_102.png,NORM,SICK,NONE,NONE
EH5_Siemens012/jai_0001353_1286_1185.png,NORM,HELM,NONE,"BAST, HOJO"
CDB_Sample030/jai_0000234_331_859.png,MICR,NONE,NONE,NONE
EH5_Siemens083/jai_0001387_489_1009.png,NORM,NONE,HYPR,NONE
EH5_Siemens012/jai_0000264_1196_1287.png,NORM,NONE,NONE,"BAST, HOJO, RETI"
EH5_Siemens029/jai_0000353_563_673.png,MICR,NONE,NONE,NONE
EH5_Siemens037/jai_0000656_595_1406.png,NORM,HELM,NONE,NONE
EH5_Siemens029/jai_0000395_861_1046.png,MICR,NONE,NONE,NONE
EH5_Siemens012/jai_0000264_1196_1287.png,NORM,NONE,NONE,"BAST, HOJO, RETI"
EH5_Siemens003/jai_0000663_1759_1119.png,NORM,NONE,STOM,NONE
EH5_Siemens013/jai_0001060_916_1234.png,NORM,NONE,NONE,RETI
CDB_Sample189/jai_0000118_47_480.png,NORM,NONE,NONE,NONE
EH5_Siemens012/jai_0000057_1366_312.png,NORM,OVAL,NONE,"BAST, RETI"
EH5_Siemens008/jai_0001486_759_387.png,NORM,OVAL,NONE,NONE
CDB_Sample189/jai_0000334_472_416.png,NORM,NONE,HYPO,PABO
EH5_Siemens029/jai_0000655_1143_705.png,NORM,NONE,NONE,NONE
EH5_Siemens029/jai_0000479_1017_774.png,NORM,NONE,NONE,NONE
CDB_Sample156/jai_0000137_774_659.png,NORM,NONE,NONE,NONE
CDB_Sample030/jai_0000227_475_1138.png,NORM,NONE,NONE,NONE
EH5_Siemens012/jai_0001268_1072_216.png,MICR,OVAL,NONE,"HOJO, RETI"
EH5_Siemens008/jai_0000277_485_1323.png,MICR,SPHE,NONE,NONE
EH5_Siemens029/jai_0000654_1812_1172.png,MICR,SPHE,NONE,NONE
EH5_Siemens083/jai_0000182_496_1179.png,NORM,NONE,HYPO,NONE
CDB_Sample030/jai_0000142_1772_1322.png,NORM,OVAL,NONE,NONE
CDB_Sample030/jai_0000227_929_402.png,NORM,ELLI,NONE,NONE
EH5_Siemens029/jai_0000525_1637_639.png,NORM,NONE,HYPO,RETI
CDB_Sample156/jai_0000605_1458_701.png,NORM,ECHI,NONE,NONE
EH5_Siemens012/jai_0000264_1196_1287.png,NORM,NONE,NONE,"BAST, HOJO, RETI"
EH5_Siemens012/jai_0000527_58_691.png,NORM,NONE,NONE,"BAST, RETI"
EH5_Siemens083/jai_0000401_1199_1374.png,MICR,NONE,NONE,NONE
EH5_Siemens012/jai_0000043_86_1253.png,NORM,NONE,NONE,BAST
EH5_Siemens012/jai_0001268_1072_216.png,MICR,OVAL,NONE,"HOJO, RETI"
CDB_Sample189/jai_0000115_1480_968.png,NORM,NONE,NONE,HOJO
EH5_Siemens012/jai_0001353_1286_1185.png,NORM,HELM,NONE,"BAST, HOJO"
CDB_Sample012/jai_0000198_278_352.png,NORM,TEAR,NONE,NONE
EH5_Siemens037/jai_0000656_1553_356.png,NORM,ELLI,NONE,NONE
EH5_Siemens029/jai_0000822_235_1037.png,NORM,NONE,HYPO,NONE
EH5_Siemens012/jai_0000951_513_920.png,NORM,NONE,NONE,"BAST, HOJO, RETI"
EH5_Siemens012/jai_0001474_210_726.png,MICR,NONE,NONE,BAST
EH5_Siemens029/jai_0000133_1579_184.png,MICR,NONE,NONE,NONE
EH5_Siemens013/jai_0001060_564_232.png,NORM,NONE,NONE,NONE
EH5_Siemens083/jai_0000402_66_1352.png,NORM,OVAL,NONE,NONE
EH5_Siemens013/jai_0000074_458_674.png,NORM,NONE,NONE,NONE
EH5_Siemens003/jai_0000242_103_1297.png,NORM,NONE,HYPR,NONE
EH5_Siemens003/jai_0000747_458_1178.png,NORM,NONE,HYPO,NONE
CDB_Sample012/jai_0000032_1838_1292.png,NORM,NONE,NONE,NONE
EH5_Siemens012/jai_0000264_1196_1287.png,NORM,NONE,NONE,"BAST, HOJO, RETI"
CDB_Sample030/jai_0000273_1792_991.png,NORM,ELLI,HYPO,NONE
CDB_Sample012/jai_0000114_475_1108.png,NORM,ECHI,NONE,NONE
CDB_Sample030/jai_0000188_1946_810.png,MICR,SPHE,NONE,NONE
EH5_Siemens037/jai_0000358_1499_1402.png,NORM,NONE,HYPO,NONE
EH5_Siemens012/jai_0000003_1530_443.png,NORM,ELLI,NONE,NONE
CDB_Sample189/jai_0000033_823_600.png,NORM,SICK,NONE,NONE
EH5_Siemens029/jai_0000440_341_1003.png,MICR,NONE,NONE,NONE
EH5_Siemens083/jai_0000223_164_359.png,MICR,SCHI,NONE,NONE
EH5_Siemens008/jai_0000583_502_244.png,NORM,NONE,NONE,NONE
EH5_Siemens083/jai_0000058_1954_742.png,NORM,NONE,HYPO,NONE
CDB_Sample189/jai_0000038_751_204.png,NORM,NONE,NONE,"HOJO, RETI"
EH5_Siemens029/jai_0000310_1279_293.png,NORM,HELM,NONE,NONE
EH5_Siemens037/jai_0000009_666_515.png,NORM,NONE,TARG,NONE
EH5_Siemens037/jai_0000009_1604_754.png,NORM,NONE,HYPO,NONE
CDB_Sample189/jai_0000033_1277_554.png,NORM,NONE,NONE,PABO
EH5_Siemens012/jai_0000019_343_783.png,MACR,NONE,HYPO,HOJO
EH5_Siemens083/jai_0000356_1290_1032.png,NORM,NONE,NONE,"BAST, RETI"
CDB_Sample012/jai_0000023_107_55.png,NORM,NONE,HYPR,NONE
EH5_Siemens012/jai_0000395_1004_511.png,NORM,NONE,NONE,BAST
EH5_Siemens037/jai_0000356_1079_402.png,NORM,ECHI,NONE,NONE
EH5_Siemens012/jai_0000995_442_1239.png,MICR,NONE,NONE,BAST
EH5_Siemens012/jai_0000057_1427_1132.png,NORM,NONE,NONE,NRBC
EH5_Siemens003/jai_0000265_1765_523.png,MICR,NONE,NONE,NONE
EH5_Siemens083/jai_0000182_1931_381.png,NORM,NONE,HYPR,NONE
EH5_Siemens029/jai_0000395_881_1100.png,NORM,NONE,NONE,NONE
CDB_Sample030/jai_0000014_208_240.png,MICR,OVAL,NONE,NONE
CDB_Sample189/jai_0000038_751_204.png,NORM,NONE,NONE,"HOJO, RETI"
EH5_Siemens012/jai_0000192_826_1181.png,NORM,NONE,HYPO,"BAST, RETI"
EH5_Siemens083/jai_0000356_213_351.png,NORM,OVAL,NONE,NONE
EH5_Siemens029/jai_0000569_287_508.png,MICR,NONE,NONE,NONE
EH5_Siemens012/jai_0000063_1022_999.png,NORM,NONE,TARG,NONE
EH5_Siemens029/jai_0000653_819_311.png,MICR,NONE,NONE,NONE
CDB_Sample125/jai_0000353_1824_1122.png,NORM,NONE,NONE,MALA
EH5_Siemens012/jai_0000264_1196_1287.png,NORM,NONE,NONE,"BAST, HOJO, RETI"
CDB_Sample156/jai_0000097_1603_1428.png,NORM,ECHI,NONE,NONE
EH5_Siemens045/jai_0000186_1249_692.png,NORM,BITE,NONE,NONE
CDB_Sample012/jai_0000117_1186_1061.png,MICR,NONE,NONE,NONE
CDB_Sample189/jai_0000376_1053_905.png,NORM,NONE,NONE,RETI
CDB_Sample030/jai_0000017_615_1080.png,NORM,TEAR,NONE,NONE
CDB_Sample012/jai_0000198_1595_994.png,NORM,NONE,NONE,NONE
CDB_Sample189/jai_0000035_1565_1109.png,NORM,SICK,NONE,NONE
EH5_Siemens013/jai_0000588_1620_1268.png,MICR,NONE,NONE,NONE
EH5_Siemens029/jai_0000568_771_509.png,NORM,NONE,NONE,NONE
EH5_Siemens012/jai_0000951_513_920.png,NORM,NONE,NONE,"BAST, HOJO, RETI"
EH5_Siemens012/jai_0001603_102_646.png,MICR,NONE,NONE,BAST
CDB_Sample030/jai_0000100_245_101.png,NORM,OVAL,NONE,NONE
CDB_Sample189/jai_0000378_660_190.png,NORM,NONE,NONE,RETI
CDB_Sample030/jai_0000229_700_454.png,MICR,NONE,NONE,NONE
CDB_Sample189/jai_0000115_1328_266.png,NORM,SICK,NONE,NONE
EH5_Siemens012/jai_0000019_484_1244.png,NORM,NONE,NONE,NONE
EH5_Siemens045/jai_0000020_659_689.png,MICR,SCHI,NONE,NONE
EH5_Siemens037/jai_0000135_1458_785.png,NORM,NONE,NONE,HOJO
EH5_Siemens037/jai_0000441_158_342.png,NORM,ECHI,NONE,NONE
CDB_Sample189/jai_0000167_1819_817.png,NORM,NONE,NONE,RETI
EH5_Siemens012/jai_0000182_530_1077.png,NORM,NONE,NONE,NRBC
EH5_Siemens037/jai_0000399_1348_895.png,NORM,NONE,NONE,NONE
EH5_Siemens029/jai_0000655_764_1037.png,NORM,NONE,NONE,NONE
EH5_Siemens029/jai_0000398_281_87.png,NORM,ECHI,NONE,NONE
EH5_Siemens008/jai_0000287_1054_142.png,NORM,NONE,NONE,NONE
EH5_Siemens012/jai_0000147_1776_1101.png,MICR,NONE,NONE,"BAST, RETI"
EH5_Siemens083/jai_0001472_543_113.png,MACR,NONE,NONE,BAST
CDB_Sample012/jai_0000196_327_251.png,NORM,NONE,NONE,NONE
EH5_Siemens083/jai_0000401_893_183.png,NORM,OVAL,HYPO,NONE
EH5_Siemens012/jai_0001602_1963_279.png,NORM,OVAL,HYPO,NONE
EH5_Siemens008/jai_0001141_405_676.png,MICR,SPHE,NONE,NONE
CDB_Sample030/jai_0000186_697_86.png,NORM,TEAR,NONE,NONE
CDB_Sample189/jai_0000160_1332_1283.png,NORM,HELM,NONE,NONE
CDB_Sample189/jai_0000249_811_665.png,NORM,NONE,NONE,NONE
CDB_Sample125/jai_0000351_91_446.png,NORM,NONE,NONE,MALA
CDB_Sample189/jai_0000123_1918_253.png,NORM,NONE,NONE,PABO
EH5_Siemens012/jai_0000303_64_613.png,NORM,NONE,NONE,NRBC
EH5_Siemens003/jai_0000980_1536_915.png,NORM,NONE,NONE,NONE
EH5_Siemens083/jai_0000064_530_1076.png,MICR,SCHI,NONE,NONE
CDB_Sample012/jai_0000156_1134_36.png,NORM,NONE,NONE,NONE
EH5_Siemens083/jai_0000179_1091_846.png,NORM,NONE,NONE,NONE
EH5_Siemens012/jai_0001437_654_1314.png,NORM,OVAL,NONE,"BAST, HOJO"
EH5_Siemens083/jai_0000309_187_1122.png,NORM,TEAR,NONE,NONE
EH5_Siemens083/jai_0000267_1239_1322.png,NORM,NONE,HYPO,NONE
CDB_Sample012/jai_0000107_1047_84.png,MACR,NONE,NONE,NONE
EH5_Siemens083/jai_0000142_1605_241.png,MACR,NONE,NONE,BAST
EH5_Siemens012/jai_0000277_1329_471.png,NORM,NONE,HYPO,RETI
EH5_Siemens012/jai_0000264_1196_1287.png,NORM,NONE,NONE,"BAST, HOJO, RETI"
EH5_Siemens029/jai_0000398_1019_943.png,NORM,NONE,NONE,RETI
EH5_Siemens012/jai_0001353_1286_1185.png,NORM,HELM,NONE,"BAST, HOJO"
EH5_Siemens083/jai_0000267_1528_625.png,MACR,OVAL,NONE,NONE
CDB_Sample012/jai_0000068_54_1328.png,NORM,NONE,NONE,NONE
EH5_Siemens014/jai_0000064_1338_1233.png,NORM,HELM,NONE,NONE
CDB_Sample125/jai_0000051_132_627.png,NORM,NONE,NONE,MALA
CDB_Sample125/jai_0000014_1123_618.png,NORM,NONE,NONE,NONE
EH5_Siemens012/jai_0001655_1546_584.png,NORM,NONE,HYPO,NONE
CDB_Sample189/jai_0000246_1209_1426.png,NORM,SICK,NONE,NONE
EH5_Siemens037/jai_0000657_434_141.png,NORM,OVAL,NONE,NONE
EH5_Siemens012/jai_0001268_1072_216.png,MICR,OVAL,NONE,"HOJO, RETI"
EH5_Siemens003/jai_0000158_1067_1125.png,MICR,NONE,NONE,NONE
CDB_Sample030/jai_0000060_1003_126.png,MICR,NONE,NONE,NONE
CDB_Sample030/jai_0000146_270_764.png,MICR,NONE,NONE,NONE
EH5_Siemens003/jai_0000227_1745_899.png,MICR,NONE,NONE,NONE
CDB_Sample030/jai_0000014_404_262.png,NORM,ECHI,NONE,NONE
CDB_Sample156/jai_0000610_1132_1167.png,NORM,NONE,NONE,MALA
EH5_Siemens045/jai_0000134_1405_145.png,MICR,SCHI,NONE,NONE
CDB_Sample189/jai_0000288_246_375.png,NORM,NONE,NONE,PABO
CDB_Sample012/jai_0000063_856_317.png,NORM,NONE,NONE,NONE
EH5_Siemens083/jai_0000356_1686_561.png,MICR,NONE,NONE,BAST
CDB_Sample189/jai_0000038_1863_102.png,NORM,NONE,NONE,HOJO
EH5_Siemens083/jai_0001387_1424_1289.png,NORM,OVAL,NONE,NONE
EH5_Siemens083/jai_0000185_1084_345.png,NORM,NONE,HYPR,NONE
CDB_Sample189/jai_0000378_1193_1080.png,NORM,NONE,NONE,PABO
CDB_Sample030/jai_0000060_1722_285.png,MICR,NONE,NONE,NONE
CDB_Sample125/jai_0000224_494_83.png,NORM,NONE,NONE,NONE
EH5_Siemens012/jai_0001353_1286_1185.png,NORM,HELM,NONE,"BAST, HOJO"
EH5_Siemens012/jai_0000057_572_726.png,NORM,ECHI,NONE,NONE
CDB_Sample189/jai_0000038_751_204.png,NORM,NONE,NONE,"HOJO, RETI"
EH5_Siemens012/jai_0000057_504_767.png,NORM,NONE,HYPO,NONE
EH5_Siemens041/jai_0000187_1819_1116.png,MICR,SCHI,NONE,NONE
EH5_Siemens012/jai_0000057_509_255.png,NORM,NONE,HYPR,NONE
EH5_Siemens012/jai_0000264_1196_1287.png,NORM,NONE,NONE,"BAST, HOJO, RETI"
CDB_Sample012/jai_0000150_664_700.png,MICR,NONE,NONE,NONE
CDB_Sample030/jai_0000277_1332_47.png,NORM,NONE,HYPO,NONE
EH5_Siemens012/jai_0000139_553_664.png,NORM,NONE,HYPO,"BAST, RETI"
EH5_Siemens012/jai_0001353_1286_1185.png,NORM,HELM,NONE,"BAST, HOJO"
EH5_Siemens012/jai_0001353_1286_1185.png,NORM,HELM,NONE,"BAST, HOJO"
EH5_Siemens012/jai_0000951_513_920.png,NORM,NONE,NONE,"BAST, HOJO, RETI"
EH5_Siemens013/jai_0000074_999_871.png,NORM,TEAR,NONE,NONE
EH5_Siemens014/jai_0000064_456_926.png,NORM,HELM,NONE,NONE
EH5_Siemens012/jai_0000139_553_664.png,NORM,NONE,HYPO,"BAST, RETI"
EH5_Siemens012/jai_0000192_72_1022.png,NORM,NONE,TARG,NONE
EH5_Siemens003/jai_0000980_157_1395.png,NORM,NONE,NONE,NONE
EH5_Siemens012/jai_0000147_972_832.png,MICR,NONE,NONE,BAST
CDB_Sample125/jai_0000225_1386_926.png,NORM,NONE,NONE,MALA
CDB_Sample189/jai_0000033_988_601.png,NORM,NONE,NONE,PABO
CDB_Sample125/jai_0000004_1476_319.png,NORM,NONE,NONE,NONE
EH5_Siemens012/jai_0000019_956_1247.png,NORM,NONE,NONE,"BAST, RETI"
EH5_Siemens013/jai_0000119_1732_277.png,NORM,TEAR,NONE,NONE
EH5_Siemens037/jai_0000482_1243_299.png,NORM,NONE,NONE,NONE
EH5_Siemens008/jai_0000449_90_1197.png,NORM,NONE,STOM,NONE
CDB_Sample189/jai_0000246_1501_492.png,NORM,NONE,NONE,PABO
EH5_Siemens008/jai_0000663_96_1410.png,NORM,NONE,STOM,NONE
CDB_Sample012/jai_0000026_1421_1447.png,NORM,NONE,NONE,NONE
EH5_Siemens037/jai_0000395_465_1229.png,NORM,NONE,NONE,HOJO
EH5_Siemens029/jai_0000184_1521_1269.png,NORM,NONE,NONE,NONE
EH5_Siemens003/jai_0000158_899_1299.png,NORM,HELM,NONE,NONE
EH5_Siemens013/jai_0000413_1895_420.png,NORM,NONE,NONE,RETI
CDB_Sample030/jai_0000231_1291_360.png,MICR,SPHE,NONE,NONE
CDB_Sample125/jai_0000266_333_704.png,NORM,NONE,HYPR,NONE
EH5_Siemens013/jai_0001060_461_985.png,NORM,NONE,NONE,NONE
EH5_Siemens029/jai_0000692_1868_1426.png,NORM,NONE,NONE,NONE
EH5_Siemens012/jai_0000174_360_339.png,NORM,BITE,NONE,NONE
EH5_Siemens037/jai_0000358_581_1076.png,NORM,ACAN,NONE,NONE
CDB_Sample189/jai_0000118_801_1305.png,NORM,NONE,NONE,HOJO
EH5_Siemens008/jai_0000024_277_788.png,NORM,NONE,NONE,NONE
EH5_Siemens013/jai_0000074_1292_1051.png,NORM,NONE,HYPR,NONE
EH5_Siemens012/jai_0000318_118_730.png,NORM,NONE,NONE,NRBC
EH5_Siemens083/jai_0000182_1197_541.png,NORM,NONE,STOM,NONE
CDB_Sample030/jai_0000234_1383_464.png,MICR,NONE,NONE,NONE
CDB_Sample189/jai_0000380_435_1094.png,NORM,NONE,NONE,HOJO
EH5_Siemens029/jai_0000569_1548_170.png,NORM,TEAR,NONE,NONE
CDB_Sample125/jai_0000182_1185_263.png,NORM,NONE,NONE,MALA
EH5_Siemens083/jai_0000185_237_1391.png,NORM,TEAR,NONE,NONE
EH5_Siemens029/jai_0000479_1062_191.png,NORM,NONE,NONE,NONE
EH5_Siemens008/jai_0000022_1147_808.png,NORM,NONE,NONE,NONE
EH5_Siemens013/jai_0000803_1195_1126.png,NORM,NONE,NONE,NONE
EH5_Siemens012/jai_0000063_279_200.png,MACR,NONE,NONE,NONE
CDB_Sample189/jai_0000163_1578_102.png,NORM,SICK,NONE,NONE
EH5_Siemens083/jai_0000181_1130_1121.png,MICR,NONE,NONE,NONE
EH5_Siemens008/jai_0000144_252_1318.png,NORM,NONE,HYPO,NONE
EH5_Siemens045/jai_0000186_1249_692.png,NORM,BITE,NONE,NONE
CDB_Sample125/jai_0000050_1973_685.png,NORM,NONE,NONE,NONE
EH5_Siemens012/jai_0001353_1286_1185.png,NORM,HELM,NONE,"BAST, HOJO"
CDB_Sample189/jai_0000114_478_823.png,NORM,NONE,HYPO,PABO
CDB_Sample189/jai_0000373_543_513.png,NORM,NONE,NONE,PABO
EH5_Siemens012/jai_0000059_338_690.png,NORM,NONE,NONE,"BAST, RETI"
CDB_Sample189/jai_0000293_1806_1398.png,NORM,SICK,NONE,NONE
CDB_Sample189/jai_0000038_751_204.png,NORM,NONE,NONE,"HOJO, RETI"
EH5_Siemens083/jai_0000013_1095_740.png,NORM,NONE,NONE,NONE
EH5_Siemens003/jai_0000663_942_1446.png,NORM,NONE,NONE,HOJO
CDB_Sample030/jai_0000101_108_306.png,NORM,TEAR,NONE,NONE
CDB_Sample189/jai_0000335_384_802.png,NORM,NONE,NONE,HOJO
EH5_Siemens083/jai_0000184_832_1401.png,NORM,NONE,HYPR,NONE
EH5_Siemens003/jai_0000980_1806_646.png,NORM,NONE,NONE,NONE
EH5_Siemens012/jai_0001353_1286_1185.png,NORM,HELM,NONE,"BAST, HOJO"
EH5_Siemens012/jai_0000187_1117_176.png,NORM,NONE,HYPO,NONE
EH5_Siemens003/jai_0000976_161_710.png,NORM,OVAL,NONE,NONE
CDB_Sample012/jai_0000028_257_1249.png,NORM,NONE,NONE,NONE
EH5_Siemens083/jai_0000180_1067_1093.png,NORM,NONE,NONE,NONE
EH5_Siemens041/jai_0000357_1343_1239.png,NORM,HELM,NONE,NONE
CDB_Sample030/jai_0000144_369_639.png,NORM,OVAL,NONE,NONE
EH5_Siemens012/jai_0000046_321_800.png,NORM,NONE,NONE,NRBC
EH5_Siemens012/jai_0001268_1072_216.png,MICR,OVAL,NONE,"HOJO, RETI"
CDB_Sample156/jai_0000568_433_439.png,NORM,ACAN,NONE,NONE
EH5_Siemens029/jai_0000133_443_1229.png,NORM,TEAR,NONE,NONE
EH5_Siemens029/jai_0000873_260_668.png,NORM,NONE,HYPR,NONE
CDB_Sample030/jai_0000013_826_1045.png,NORM,TEAR,NONE,NONE
CDB_Sample030/jai_0000062_44_811.png,MICR,NONE,NONE,NONE
CDB_Sample030/jai_0000232_1696_916.png,NORM,TEAR,NONE,NONE
EH5_Siemens012/jai_0000951_513_920.png,NORM,NONE,NONE,"BAST, HOJO, RETI"
EH5_Siemens012/jai_0000303_1439_316.png,NORM,NONE,TARG,NONE
EH5_Siemens008/jai_0001610_92_564.png,NORM,BITE,NONE,NONE
EH5_Siemens012/jai_0001173_1495_196.png,MICR,NONE,NONE,BAST
EH5_Siemens012/jai_0000043_1432_839.png,NORM,NONE,NONE,NRBC
EH5_Siemens012/jai_0000527_454_908.png,NORM,NONE,NONE,"BAST, RETI"
CDB_Sample125/jai_0000263_1891_893.png,NORM,NONE,NONE,NONE
CDB_Sample189/jai_0000165_61_316.png,NORM,NONE,NONE,NONE
EH5_Siemens083/jai_0000060_1754_149.png,NORM,NONE,HYPO,NONE
EH5_Siemens008/jai_0001141_405_676.png,MICR,SPHE,NONE,NONE
EH5_Siemens012/jai_0000147_203_932.png,NORM,NONE,HYPO,NONE
EH5_Siemens013/jai_0000327_895_204.png,NORM,NONE,NONE,RETI
EH5_Siemens012/jai_0001268_1072_216.png,MICR,OVAL,NONE,"HOJO, RETI"
EH5_Siemens012/jai_0000264_1196_1287.png,NORM,NONE,NONE,"BAST, HOJO, RETI"
CDB_Sample012/jai_0000153_460_962.png,NORM,NONE,NONE,NONE
EH5_Siemens029/jai_0000873_196_1004.png,NORM,OVAL,NONE,NONE
CDB_Sample189/jai_0000166_494_148.png,NORM,NONE,NONE,HOJO
EH5_Siemens008/jai_0000621_144_1232.png,NORM,NONE,NONE,NONE
CDB_Sample125/jai_0000182_251_530.png,NORM,OVAL,NONE,NONE
CDB_Sample189/jai_0000038_751_204.png,NORM,NONE,NONE,"HOJO, RETI"
EH5_Siemens037/jai_0000356_776_91.png,MACR,NONE,NONE,NONE
EH5_Siemens012/jai_0001353_1286_1185.png,NORM,HELM,NONE,"BAST, HOJO"
CDB_Sample189/jai_0000293_1806_1398.png,NORM,SICK,NONE,NONE
EH5_Siemens012/jai_0000174_221_182.png,MICR,NONE,NONE,"BAST, RETI"
EH5_Siemens003/jai_0000227_234_990.png,NORM,NONE,NONE,HOJO
CDB_Sample030/jai_0000099_1034_1364.png,NORM,ELLI,NONE,NONE
EH5_Siemens012/jai_0000951_513_920.png,NORM,NONE,NONE,"BAST, HOJO, RETI"
EH5_Siemens083/jai_0000179_748_1098.png,NORM,OVAL,HYPO,NONE
CDB_Sample012/jai_0000070_780_302.png,NORM,NONE,NONE,"BAST, RETI"
EH5_Siemens041/jai_0000146_505_974.png,NORM,BITE,NONE,NONE
EH5_Siemens029/jai_0000822_1626_545.png,NORM,NONE,NONE,NONE
EH5_Siemens083/jai_0000356_1378_896.png,MICR,NONE,NONE,NONE
CDB_Sample030/jai_0000019_1590_300.png,NORM,TEAR,NONE,NONE
EH5_Siemens012/jai_0000044_1683_620.png,NORM,NONE,TARG,NONE
EH5_Siemens012/jai_0000046_321_800.png,NORM,NONE,NONE,NRBC
EH5_Siemens083/jai_0000401_1845_485.png,MICR,NONE,NONE,NONE
EH5_Siemens012/jai_0000130_1819_748.png,NORM,NONE,NONE,"BAST, RETI"
CDB_Sample189/jai_0000033_651_904.png,NORM,NONE,NONE,HOJO
EH5_Siemens012/jai_0001353_1286_1185.png,NORM,HELM,NONE,"BAST, HOJO"
CDB_Sample012/jai_0000199_1961_59.png,NORM,NONE,NONE,NONE
EH5_Siemens008/jai_0000130_434_224.png,NORM,OVAL,NONE,NONE
EH5_Siemens012/jai_0000217_754_1175.png,NORM,NONE,TARG,NONE
CDB_Sample030/jai_0000145_1144_474.png,MICR,NONE,NONE,NONE
CDB_Sample012/jai_0000110_1897_1415.png,NORM,NONE,STOM,NONE
EH5_Siemens003/jai_0000980_1361_594.png,NORM,NONE,NONE,NONE
CDB_Sample125/jai_0000316_1709_1246.png,NORM,ECHI,NONE,NONE
EH5_Siemens012/jai_0001599_995_346.png,MICR,NONE,NONE,BAST
EH5_Siemens012/jai_0001353_1286_1185.png,NORM,HELM,NONE,"BAST, HOJO"
CDB_Sample030/jai_0000020_1967_986.png,NORM,NONE,NONE,BAST
EH5_Siemens083/jai_0000356_892_1079.png,MICR,NONE,NONE,NONE
EH5_Siemens012/jai_0000130_989_769.png,NORM,NONE,HYPO,NONE
CDB_Sample030/jai_0000055_1206_456.png,NORM,NONE,NONE,NONE
EH5_Siemens008/jai_0001349_1050_1137.png,NORM,NONE,NONE,NONE
EH5_Siemens041/jai_0000358_927_466.png,NORM,HELM,NONE,NONE
CDB_Sample012/jai_0000031_86_852.png,NORM,NONE,STOM,NONE
CDB_Sample125/jai_0000269_1261_458.png,NORM,NONE,NONE,NONE
CDB_Sample030/jai_0000184_1158_485.png,NORM,NONE,NONE,NONE
EH5_Siemens003/jai_0000980_1128_89.png,NORM,NONE,NONE,NONE
EH5_Siemens012/jai_0000059_308_1093.png,NORM,NONE,HYPO,NONE
CDB_Sample030/jai_0000277_1092_553.png,NORM,NONE,NONE,NONE
CDB_Sample012/jai_0000193_789_1043.png,NORM,NONE,NONE,NONE
CDB_Sample156/jai_0000096_581_487.png,NORM,NONE,NONE,NONE
CDB_Sample012/jai_0000027_469_63.png,NORM,NONE,NONE,NONE
CDB_Sample030/jai_0000275_1017_1213.png,NORM,NONE,NONE,NONE
EH5_Siemens012/jai_0000264_1196_1287.png,NORM,NONE,NONE,"BAST, HOJO, RETI"
CDB_Sample156/jai_0000349_1808_856.png,NORM,NONE,NONE,NONE
EH5_Siemens008/jai_0000022_1034_1354.png,MICR,NONE,NONE,NONE
CDB_Sample125/jai_0000225_1386_926.png,NORM,NONE,NONE,MALA
EH5_Siemens037/jai_0000527_267_255.png,NORM,NONE,NONE,NONE
CDB_Sample030/jai_0000274_282_1263.png,MICR,SPHE,NONE,NONE
CDB_Sample189/jai_0000333_157_1384.png,NORM,NONE,NONE,HOJO
CDB_Sample189/jai_0000035_1089_122.png,NORM,NONE,NONE,HOJO
EH5_Siemens012/jai_0000277_1373_1225.png,NORM,NONE,TARG,NONE
CDB_Sample125/jai_0000351_855_91.png,NORM,NONE,NONE,MALA
CDB_Sample189/jai_0000038_751_204.png,NORM,NONE,NONE,"HOJO, RETI"
EH5_Siemens037/jai_0000611_161_555.png,NORM,OVAL,NONE,HOJO
CDB_Sample030/jai_0000020_1967_986.png,NORM,NONE,NONE,BAST
EH5_Siemens012/jai_0001609_1420_692.png,NORM,NONE,HYPR,"BAST, RETI"
EH5_Siemens029/jai_0000692_1505_593.png,NORM,NONE,NONE,BAST
EH5_Siemens029/jai_0000828_195_478.png,NORM,NONE,NONE,BAST
CDB_Sample030/jai_0000184_1294_1184.png,NORM,NONE,HYPR,NONE
EH5_Siemens008/jai_0000621_1101_787.png,NORM,ACAN,NONE,NONE
CDB_Sample189/jai_0000249_344_76.png,NORM,NONE,NONE,PABO
EH5_Siemens008/jai_0000021_231_1299.png,NORM,NONE,NONE,NONE
EH5_Siemens012/jai_0000264_1196_1287.png,NORM,NONE,NONE,"BAST, HOJO, RETI"
CDB_Sample189/jai_0000288_246_375.png,NORM,NONE,NONE,PABO
EH5_Siemens029/jai_0000395_179_753.png,NORM,NONE,NONE,NONE
CDB_Sample012/jai_0000197_321_99.png,NORM,NONE,STOM,NONE
CDB_Sample156/jai_0000095_630_977.png,NORM,ECHI,NONE,NONE
EH5_Siemens029/jai_0000569_1460_785.png,MICR,NONE,NONE,NONE
CDB_Sample156/jai_0000652_433_1358.png,NORM,ACAN,NONE,NONE
CDB_Sample189/jai_0000211_636_1085.png,NORM,NONE,NONE,NONE
CDB_Sample189/jai_0000034_819_226.png,NORM,NONE,NONE,PABO
CDB_Sample030/jai_0000103_989_1162.png,NORM,TEAR,NONE,NONE
CDB_Sample012/jai_0000117_489_104.png,NORM,NONE,NONE,NONE
CDB_Sample189/jai_0000166_562_1149.png,NORM,NONE,NONE,NONE
EH5_Siemens045/jai_0000184_841_1202.png,NORM,HELM,NONE,NONE
EH5_Siemens003/jai_0000006_949_450.png,MICR,SPHE,NONE,NONE
CDB_Sample125/jai_0000051_265_605.png,NORM,NONE,NONE,MALA
CDB_Sample189/jai_0000033_651_904.png,NORM,NONE,NONE,HOJO
CDB_Sample030/jai_0000013_490_771.png,NORM,ELLI,NONE,NONE
CDB_Sample030/jai_0000102_928_435.png,NORM,TEAR,NONE,NONE
EH5_Siemens083/jai_0000016_1252_340.png,NORM,NONE,HYPR,NONE
EH5_Siemens012/jai_0000057_1569_1060.png,NORM,NONE,NONE,NRBC
EH5_Siemens083/jai_0000060_1593_700.png,NORM,OVAL,NONE,NONE
CDB_Sample012/jai_0000029_1425_460.png,NORM,NONE,NONE,NONE
EH5_Siemens008/jai_0001512_855_1242.png,NORM,NONE,TARG,NONE
EH5_Siemens012/jai_0000173_670_428.png,NORM,NONE,TARG,NONE
EH5_Siemens012/jai_0000358_454_691.png,NORM,NONE,NONE,BAST
EH5_Siemens037/jai_0000657_405_282.png,NORM,NONE,NONE,NONE
EH5_Siemens083/jai_0000013_915_212.png,NORM,ECHI,NONE,NONE
EH5_Siemens037/jai_0000356_1434_989.png,NORM,ECHI,NONE,NONE
CDB_Sample189/jai_0000119_855_489.png,NORM,NONE,NONE,PABO
EH5_Siemens012/jai_0001353_1286_1185.png,NORM,HELM,NONE,"BAST, HOJO"
EH5_Siemens012/jai_0001268_1072_216.png,MICR,OVAL,NONE,"HOJO, RETI"
EH5_Siemens013/jai_0000119_964_1036.png,NORM,NONE,NONE,NONE
EH5_Siemens008/jai_0000241_1228_447.png,NORM,NONE,NONE,NONE
EH5_Siemens003/jai_0000278_122_465.png,NORM,NONE,NONE,NONE
EH5_Siemens008/jai_0000277_572_818.png,MICR,NONE,NONE,NONE
CDB_Sample030/jai_0000055_1708_439.png,NORM,NONE,HYPR,NONE
EH5_Siemens012/jai_0000046_321_800.png,NORM,NONE,NONE,NRBC
EH5_Siemens012/jai_0000136_1149_1395.png,NORM,NONE,HYPO,NONE
EH5_Siemens012/jai_0000187_1522_292.png,NORM,NONE,NONE,NONE
EH5_Siemens012/jai_0001437_654_1314.png,NORM,OVAL,NONE,"BAST, HOJO"
EH5_Siemens012/jai_0000192_156_575.png,NORM,NONE,TARG,NONE
EH5_Siemens083/jai_0000183_1646_960.png,NORM,NONE,NONE,"BAST, RETI"
EH5_Siemens083/jai_0001472_351_1071.png,NORM,OVAL,NONE,NONE
EH5_Siemens014/jai_0000022_1312_819.png,NORM,BITE,NONE,NONE
EH5_Siemens012/jai_0000487_533_1323.png,MICR,NONE,NONE,"BAST, RETI"
EH5_Siemens012/jai_0000527_454_908.png,NORM,NONE,NONE,"BAST, RETI"
CDB_Sample125/jai_0000354_1124_226.png,NORM,NONE,NONE,NONE
EH5_Siemens003/jai_0000242_1972_477.png,NORM,NONE,NONE,NONE
EH5_Siemens012/jai_0000187_1943_1429.png,NORM,OVAL,NONE,BAST
CDB_Sample125/jai_0000271_1910_974.png,NORM,NONE,NONE,NONE
EH5_Siemens003/jai_0000663_630_1265.png,NORM,NONE,NONE,NONE
CDB_Sample125/jai_0000053_619_1361.png,NORM,NONE,NONE,BAST
CDB_Sample030/jai_0000186_621_587.png,MICR,NONE,NONE,NONE
EH5_Siemens008/jai_0001437_1052_90.png,NORM,NONE,NONE,NONE
CDB_Sample189/jai_0000114_244_738.png,NORM,NONE,NONE,RETI
EH5_Siemens037/jai_0000312_147_54.png,NORM,NONE,TARG,NONE
EH5_Siemens029/jai_0000440_40_556.png,NORM,NONE,NONE,NONE
EH5_Siemens012/jai_0000057_1366_312.png,NORM,OVAL,NONE,"BAST, RETI"
EH5_Siemens012/jai_0000019_1214_1185.png,NORM,NONE,NONE,NONE
CDB_Sample156/jai_0000522_1291_894.png,NORM,ECHI,NONE,NONE
EH5_Siemens013/jai_0001067_583_592.png,NORM,NONE,NONE,NONE
CDB_Sample012/jai_0000070_476_632.png,MICR,NONE,NONE,NONE
CDB_Sample156/jai_0000182_1830_355.png,NORM,ECHI,NONE,NONE
EH5_Siemens029/jai_0000653_201_454.png,MICR,NONE,NONE,NONE
CDB_Sample125/jai_0000269_620_1259.png,NORM,NONE,HYPO,NONE
EH5_Siemens013/jai_0000969_361_224.png,NORM,NONE,NONE,NONE
CDB_Sample125/jai_0000356_1133_830.png,NORM,NONE,TARG,NONE
EH5_Siemens012/jai_0001261_1830_454.png,MICR,NONE,NONE,BAST
CDB_Sample030/jai_0000148_1518_789.png,NORM,ELLI,NONE,NONE
EH5_Siemens037/jai_0000009_549_875.png,NORM,ECHI,NONE,NONE
EH5_Siemens037/jai_0000655_1898_1183.png,MICR,NONE,NONE,NONE
EH5_Siemens037/jai_0000656_595_1406.png,NORM,HELM,NONE,NONE
EH5_Siemens012/jai_0000187_1025_815.png,NORM,NONE,NONE,NRBC
EH5_Siemens029/jai_0000828_1768_1286.png,NORM,NONE,HYPR,NONE
CDB_Sample189/jai_0000381_1896_1240.png,MACR,NONE,HYPO,NONE
EH5_Siemens041/jai_0000188_1717_604.png,NORM,BITE,NONE,NONE
CDB_Sample012/jai_0000192_642_452.png,NORM,NONE,NONE,NONE
EH5_Siemens083/jai_0000183_1646_960.png,NORM,NONE,NONE,"BAST, RETI"
EH5_Siemens083/jai_0000181_1868_1448.png,NORM,NONE,HYPO,NONE
EH5_Siemens041/jai_0001262_312_618.png,NORM,HELM,NONE,NONE
EH5_Siemens013/jai_0000803_484_984.png,MACR,NONE,NONE,NONE
EH5_Siemens041/jai_0000187_207_474.png,MICR,SCHI,NONE,NONE
EH5_Siemens083/jai_0000402_850_69.png,NORM,ECHI,NONE,NONE
EH5_Siemens029/jai_0000654_430_1432.png,NORM,NONE,NONE,NONE
CDB_Sample012/jai_0000197_1299_703.png,MICR,NONE,NONE,NONE
CDB_Sample156/jai_0000350_1486_870.png,NORM,NONE,NONE,NONE
EH5_Siemens029/jai_0000525_929_359.png,MICR,NONE,NONE,NONE
CDB_Sample189/jai_0000038_751_204.png,NORM,NONE,NONE,"HOJO, RETI"
EH5_Siemens008/jai_0000531_44_1102.png,NORM,NONE,NONE,NONE
EH5_Siemens012/jai_0000019_851_1318.png,NORM,NONE,NONE,NONE
CDB_Sample189/jai_0000038_751_204.png,NORM,NONE,NONE,"HOJO, RETI"
CDB_Sample125/jai_0000266_337_845.png,NORM,NONE,NONE,MALA
EH5_Siemens037/jai_0000481_30_997.png,NORM,NONE,NONE,NONE
CDB_Sample030/jai_0000056_491_1272.png,NORM,TEAR,NONE,NONE
EH5_Siemens013/jai_0000847_378_748.png,NORM,NONE,NONE,RETI
CDB_Sample030/jai_0000060_845_256.png,MICR,NONE,NONE,NONE
EH5_Siemens008/jai_0001186_1426_311.png,NORM,NONE,NONE,NONE
CDB_Sample189/jai_0000038_751_204.png,NORM,NONE,NONE,"HOJO, RETI"
CDB_Sample125/jai_0000271_661_521.png,MICR,SCHI,NONE,NONE
EH5_Siemens029/jai_0000310_1650_701.png,MICR,SPHE,NONE,NONE
EH5_Siemens045/jai_0000006_551_320.png,NORM,HELM,NONE,NONE
EH5_Siemens037/jai_0000481_807_391.png,NORM,ECHI,NONE,NONE
EH5_Siemens037/jai_0000568_1146_1132.png,NORM,NONE,NONE,NONE
CDB_Sample189/jai_0000161_1080_1188.png,NORM,NONE,NONE,PABO
EH5_Siemens029/jai_0000439_1418_982.png,MACR,NONE,NONE,NONE
EH5_Siemens012/jai_0000951_513_920.png,NORM,NONE,NONE,"BAST, HOJO, RETI"
EH5_Siemens029/jai_0000653_1903_644.png,NORM,NONE,NONE,NONE
CDB_Sample012/jai_0000197_439_871.png,NORM,NONE,NONE,NONE
CDB_Sample030/jai_0000232_650_737.png,NORM,NONE,HYPO,NONE
CDB_Sample189/jai_0000160_270_1010.png,NORM,NONE,NONE,HOJO
EH5_Siemens012/jai_0000264_1196_1287.png,NORM,NONE,NONE,"BAST, HOJO, RETI"
EH5_Siemens012/jai_0001268_1072_216.png,MICR,OVAL,NONE,"HOJO, RETI"
EH5_Siemens003/jai_0000278_391_194.png,NORM,NONE,NONE,NONE
EH5_Siemens012/jai_0001268_1072_216.png,MICR,OVAL,NONE,"HOJO, RETI"
CDB_Sample189/jai_0000034_947_586.png,MACR,NONE,NONE,HOJO
EH5_Siemens003/jai_0000747_930_419.png,NORM,NONE,NONE,NONE
EH5_Siemens012/jai_0000187_1297_248.png,NORM,NONE,TARG,NONE
EH5_Siemens029/jai_0000822_595_1274.png,NORM,TEAR,NONE,NONE
CDB_Sample156/jai_0000095_1067_314.png,NORM,ECHI,NONE,NONE
EH5_Siemens083/jai_0001387_270_76.png,NORM,ECHI,NONE,NONE
CDB_Sample125/jai_0000009_1216_931.png,NORM,NONE,NONE,NONE
EH5_Siemens003/jai_0000663_942_1446.png,NORM,NONE,NONE,HOJO
CDB_Sample156/jai_0000096_224_1324.png,NORM,ECHI,NONE,NONE
EH5_Siemens012/jai_0000318_118_730.png,NORM,NONE,NONE,NRBC
EH5_Siemens037/jai_0000009_1724_65.png,NORM,ECHI,NONE,NONE
EH5_Siemens012/jai_0000264_1196_1287.png,NORM,NONE,NONE,"BAST, HOJO, RETI"
EH5_Siemens003/jai_0000051_1179_1119.png,NORM,NONE,NONE,HOJO
CDB_Sample125/jai_0000314_127_1020.png,NORM,NONE,NONE,RETI
EH5_Siemens083/jai_0000060_554_354.png,NORM,TEAR,NONE,NONE
EH5_Siemens083/jai_0000185_1328_660.png,MACR,NONE,HYPO,NONE
EH5_Siemens012/jai_0001256_755_1091.png,NORM,NONE,NONE,BAST
EH5_Siemens045/jai_0000186_1249_692.png,NORM,BITE,NONE,NONE
EH5_Siemens037/jai_0000570_1665_786.png,NORM,OVAL,NONE,NONE
EH5_Siemens012/jai_0000046_321_800.png,NORM,NONE,NONE,NRBC
CDB_Sample156/jai_0000051_201_28.png,NORM,ECHI,NONE,NONE
EH5_Siemens037/jai_0000395_957_155.png,NORM,NONE,NONE,NONE
EH5_Siemens012/jai_0000264_1196_1287.png,NORM,NONE,NONE,"BAST, HOJO, RETI"
EH5_Siemens083/jai_0000182_201_625.png,NORM,NONE,NONE,"BAST, RETI"
EH5_Siemens083/jai_0001472_543_113.png,MACR,NONE,NONE,BAST
CDB_Sample030/jai_0000061_709_98.png,NORM,OVAL,HYPO,NONE
EH5_Siemens003/jai_0000980_1470_801.png,MICR,NONE,NONE,NONE
CDB_Sample012/jai_0000070_1794_835.png,NORM,NONE,NONE,RETI
EH5_Siemens012/jai_0001268_93_73.png,MICR,NONE,NONE,BAST
EH5_Siemens012/jai_0000046_321_800.png,NORM,NONE,NONE,NRBC
EH5_Siemens037/jai_0000356_776_91.png,MACR,NONE,NONE,NONE
CDB_Sample156/jai_0000568_957_152.png,NORM,ECHI,NONE,NONE
EH5_Siemens037/jai_0000655_1895_1437.png,NORM,ACAN,NONE,NONE
EH5_Siemens012/jai_0000019_1682_187.png,NORM,NONE,HYPR,NONE
EH5_Siemens003/jai_0001394_978_1256.png,NORM,NONE,NONE,NONE
CDB_Sample125/jai_0000317_874_125.png,NORM,NONE,NONE,MALA
CDB_Sample125/jai_0000274_1678_581.png,NORM,NONE,HYPO,RETI
EH5_Siemens003/jai_0000278_1674_66.png,NORM,NONE,NONE,NONE
EH5_Siemens012/jai_0001261_1830_454.png,MICR,NONE,NONE,BAST
EH5_Siemens083/jai_0000014_1059_576.png,MICR,SCHI,NONE,NONE
EH5_Siemens012/jai_0001261_1435_477.png,NORM,NONE,NONE,"BAST, RETI"
EH5_Siemens013/jai_0000119_1825_1422.png,NORM,NONE,NONE,NONE
CDB_Sample125/jai_0000183_525_605.png,NORM,NONE,HYPO,NONE
EH5_Siemens029/jai_0000395_158_967.png,NORM,NONE,NONE,NONE
EH5_Siemens083/jai_0001472_950_220.png,MICR,NONE,NONE,NONE
CDB_Sample189/jai_0000251_397_851.png,NORM,NONE,NONE,NONE
EH5_Siemens012/jai_0001353_1286_1185.png,NORM,HELM,NONE,"BAST, HOJO"
EH5_Siemens037/jai_0000526_62_860.png,NORM,ECHI,NONE,NONE
CDB_Sample030/jai_0000097_1378_1191.png,NORM,NONE,NONE,NONE
EH5_Siemens012/jai_0000147_1776_1101.png,MICR,NONE,NONE,"BAST, RETI"
EH5_Siemens012/jai_0000059_1391_760.png,NORM,NONE,HYPO,NONE
CDB_Sample125/jai_0000351_855_91.png,NORM,NONE,NONE,MALA
EH5_Siemens008/jai_0000621_376_409.png,NORM,NONE,NONE,NONE
CDB_Sample125/jai_0000010_1748_300.png,NORM,NONE,NONE,MALA
EH5_Siemens037/jai_0000570_1710_1100.png,NORM,ECHI,NONE,NONE
CDB_Sample030/jai_0000017_394_612.png,NORM,NONE,NONE,RETI
EH5_Siemens029/jai_0000396_927_493.png,NORM,ECHI,NONE,NONE
EH5_Siemens003/jai_0000663_593_647.png,NORM,NONE,NONE,NONE
EH5_Siemens029/jai_0000525_1237_753.png,NORM,NONE,NONE,NONE
CDB_Sample156/jai_0000140_409_1287.png,NORM,NONE,NONE,NONE
CDB_Sample189/jai_0000168_1713_1379.png,NORM,NONE,NONE,HOJO
EH5_Siemens003/jai_0000872_828_818.png,MICR,NONE,NONE,NONE
EH5_Siemens083/jai_0000356_1547_93.png,NORM,NONE,HYPO,NONE
CDB_Sample189/jai_0000166_494_148.png,NORM,NONE,NONE,HOJO
EH5_Siemens037/jai_0000135_260_1194.png,NORM,NONE,NONE,NONE
CDB_Sample189/jai_0000246_1501_492.png,NORM,NONE,NONE,PABO
CDB_Sample189/jai_0000248_303_777.png,NORM,NONE,NONE,RETI
EH5_Siemens029/jai_0000353_1061_468.png,MACR,OVAL,HYPR,NONE
CDB_Sample189/jai_0000163_188_50.png,NORM,NONE,NONE,RETI
EH5_Siemens029/jai_0000440_1020_396.png,MICR,NONE,NONE,NONE
CDB_Sample189/jai_0000249_984_233.png,NORM,NONE,NONE,NONE
CDB_Sample189/jai_0000288_246_375.png,NORM,NONE,NONE,PABO
EH5_Siemens012/jai_0000139_553_664.png,NORM,NONE,HYPO,"BAST, RETI"
CDB_Sample125/jai_0000226_145_901.png,NORM,ECHI,NONE,NONE
EH5_Siemens037/jai_0000399_1343_613.png,NORM,NONE,NONE,NONE
CDB_Sample189/jai_0000168_1322_551.png,MICR,NONE,NONE,NONE
EH5_Siemens083/jai_0000309_1185_801.png,NORM,NONE,HYPO,NONE
CDB_Sample189/jai_0000165_132_346.png,NORM,NONE,NONE,RETI
CDB_Sample189/jai_0000034_1060_726.png,NORM,NONE,NONE,HOJO
EH5_Siemens037/jai_0000009_1099_776.png,NORM,NONE,NONE,NONE
CDB_Sample125/jai_0000269_352_241.png,NORM,NONE,NONE,MALA
CDB_Sample189/jai_0000034_819_226.png,NORM,NONE,NONE,PABO
EH5_Siemens029/jai_0000692_41_1106.png,NORM,OVAL,NONE,NONE
CDB_Sample125/jai_0000183_1962_1442.png,NORM,NONE,NONE,NONE
CDB_Sample125/jai_0000226_1793_645.png,NORM,NONE,NONE,NONE
EH5_Siemens012/jai_0001268_506_1175.png,MICR,NONE,NONE,"BAST, RETI"
CDB_Sample125/jai_0000268_1972_1136.png,NORM,NONE,NONE,MALA
EH5_Siemens012/jai_0000043_908_1424.png,NORM,NONE,NONE,NRBC
CDB_Sample030/jai_0000019_957_65.png,MICR,NONE,NONE,NONE
EH5_Siemens037/jai_0000009_1067_148.png,NORM,NONE,NONE,NONE
EH5_Siemens041/jai_0000188_1717_604.png,NORM,BITE,NONE,NONE
CDB_Sample012/jai_0000192_1600_1262.png,NORM,TEAR,NONE,NONE
EH5_Siemens029/jai_0000225_1888_907.png,NORM,NONE,NONE,RETI
CDB_Sample030/jai_0000096_1428_158.png,MICR,NONE,NONE,NONE
CDB_Sample030/jai_0000102_303_120.png,NORM,NONE,NONE,NONE
EH5_Siemens083/jai_0000183_1698_1154.png,NORM,NONE,HYPO,NONE
EH5_Siemens029/jai_0000439_117_423.png,NORM,NONE,NONE,NONE
CDB_Sample189/jai_0000374_1691_483.png,MICR,SPHE,NONE,NONE
EH5_Siemens045/jai_0000136_991_377.png,NORM,HELM,NONE,NONE
EH5_Siemens083/jai_0000064_451_502.png,NORM,NONE,TARG,NONE
EH5_Siemens013/jai_0000417_514_585.png,NORM,TEAR,NONE,NONE
CDB_Sample030/jai_0000057_490_156.png,NORM,NONE,NONE,NONE
CDB_Sample030/jai_0000142_428_607.png,MICR,NONE,NONE,NONE
CDB_Sample030/jai_0000189_1844_1337.png,NORM,OVAL,NONE,NONE
EH5_Siemens003/jai_0000980_1562_106.png,NORM,NONE,NONE,NONE
EH5_Siemens029/jai_0000439_963_753.png,MICR,SPHE,NONE,NONE
EH5_Siemens012/jai_0000182_1463_74.png,NORM,OVAL,NONE,NONE
EH5_Siemens083/jai_0000180_1777_569.png,NORM,NONE,HYPO,"BAST, RETI"
EH5_Siemens045/jai_0000189_499_40.png,NORM,HELM,NONE,NONE
CDB_Sample125/jai_0000314_193_804.png,NORM,NONE,NONE,MALA
CDB_Sample030/jai_0000184_1781_575.png,NORM,NONE,NONE,NONE
EH5_Siemens012/jai_0000995_442_1239.png,MICR,NONE,NONE,BAST
EH5_Siemens083/jai_0000185_1497_1315.png,NORM,NONE,HYPO,NONE
EH5_Siemens012/jai_0000264_1196_1287.png,NORM,NONE,NONE,"BAST, HOJO, RETI"
EH5_Siemens012/jai_0000825_720_955.png,NORM,NONE,NONE,"BAST, RETI"
EH5_Siemens029/jai_0000655_457_349.png,NORM,NONE,NONE,NONE
EH5_Siemens029/jai_0000439_55_145.png,NORM,NONE,NONE,NONE
EH5_Siemens012/jai_0000063_589_352.png,MICR,NONE,NONE,NONE
EH5_Siemens029/jai_0000692_1505_593.png,NORM,NONE,NONE,BAST
EH5_Siemens013/jai_0001155_1799_564.png,NORM,NONE,NONE,RETI
EH5_Siemens012/jai_0001353_1286_1185.png,NORM,HELM,NONE,"BAST, HOJO"
EH5_Siemens037/jai_0000527_466_910.png,NORM,ECHI,NONE,NONE
EH5_Siemens037/jai_0000613_1038_1241.png,NORM,NONE,TARG,NONE
CDB_Sample189/jai_0000161_1080_1188.png,NORM,NONE,NONE,PABO
EH5_Siemens083/jai_0000356_297_159.png,NORM,NONE,HYPO,NONE
CDB_Sample156/jai_0000394_1688_97.png,NORM,ACAN,NONE,NONE
CDB_Sample156/jai_0000607_796_866.png,NORM,ECHI,NONE,NONE
CDB_Sample030/jai_0000139_777_510.png,NORM,NONE,NONE,NONE
EH5_Siemens012/jai_0000318_118_730.png,NORM,NONE,NONE,NRBC
EH5_Siemens013/jai_0000074_1794_853.png,NORM,NONE,NONE,RETI
CDB_Sample189/jai_0000293_820_36.png,NORM,NONE,NONE,NONE
CDB_Sample030/jai_0000272_902_285.png,NORM,HELM,NONE,NONE
EH5_Siemens012/jai_0000057_1569_1060.png,NORM,NONE,NONE,NRBC
EH5_Siemens012/jai_0001474_210_726.png,MICR,NONE,NONE,BAST
EH5_Siemens012/jai_0001268_506_1175.png,MICR,NONE,NONE,"BAST, RETI"
EH5_Siemens012/jai_0000951_513_920.png,NORM,NONE,NONE,"BAST, HOJO, RETI"
EH5_Siemens012/jai_0001437_654_1314.png,NORM,OVAL,NONE,"BAST, HOJO"
EH5_Siemens012/jai_0001268_1072_216.png,MICR,OVAL,NONE,"HOJO, RETI"
CDB_Sample189/jai_0000079_1296_1294.png,NORM,SICK,NONE,NONE
CDB_Sample030/jai_0000231_1291_360.png,MICR,SPHE,NONE,NONE
EH5_Siemens012/jai_0000951_513_920.png,NORM,NONE,NONE,"BAST, HOJO, RETI"
EH5_Siemens012/jai_0001268_1072_216.png,MICR,OVAL,NONE,"HOJO, RETI"
EH5_Siemens083/jai_0000013_80_1019.png,MICR,NONE,NONE,NONE
CDB_Sample156/jai_0000270_723_792.png,NORM,HELM,NONE,NONE
EH5_Siemens083/jai_0000267_32_549.png,NORM,ECHI,NONE,NONE
CDB_Sample126/jai_0000153_1775_1239.png,NORM,NONE,NONE,NONE
EH5_Siemens012/jai_0001268_1072_216.png,MICR,OVAL,NONE,"HOJO, RETI"
EH5_Siemens003/jai_0000872_1526_443.png,NORM,NONE,NONE,RETI
EH5_Siemens003/jai_0000980_1603_848.png,NORM,NONE,NONE,NONE
CDB_Sample030/jai_0000273_1792_991.png,NORM,ELLI,HYPO,NONE
EH5_Siemens037/jai_0000656_383_688.png,NORM,OVAL,NONE,NONE
EH5_Siemens008/jai_0001437_841_350.png,NORM,BITE,NONE,NONE
EH5_Siemens013/jai_0000119_1552_1085.png,NORM,NONE,NONE,NONE
CDB_Sample189/jai_0000161_1080_1188.png,NORM,NONE,NONE,PABO
EH5_Siemens012/jai_0000951_513_920.png,NORM,NONE,NONE,"BAST, HOJO, RETI"
EH5_Siemens008/jai_0000287_1326_1163.png,NORM,NONE,HYPR,NONE
EH5_Siemens008/jai_0001141_734_1100.png,NORM,NONE,NONE,NONE
CDB_Sample189/jai_0000340_1663_868.png,NORM,NONE,HYPO,NONE
CDB_Sample125/jai_0000181_286_1018.png,NORM,HELM,NONE,NONE
EH5_Siemens037/jai_0000481_1860_518.png,NORM,NONE,HYPO,NONE
EH5_Siemens037/jai_0000358_1869_278.png,MACR,NONE,HYPO,NONE
EH5_Siemens012/jai_0000318_436_1286.png,NORM,NONE,STOM,NONE
EH5_Siemens008/jai_0001437_1110_227.png,NORM,BITE,NONE,NONE
CDB_Sample189/jai_0000038_751_204.png,NORM,NONE,NONE,"HOJO, RETI"
CDB_Sample012/jai_0000107_667_807.png,NORM,NONE,NONE,NONE
EH5_Siemens083/jai_0000142_1605_241.png,MACR,NONE,NONE,BAST
EH5_Siemens012/jai_0000951_1568_43.png,NORM,NONE,HYPO,NONE
EH5_Siemens012/jai_0000059_1789_295.png,NORM,NONE,NONE,NRBC
EH5_Siemens012/jai_0000395_1899_710.png,MICR,SCHI,NONE,NONE
EH5_Siemens029/jai_0000655_1673_940.png,NORM,NONE,NONE,NONE
EH5_Siemens037/jai_0000009_508_742.png,NORM,NONE,NONE,HOJO
EH5_Siemens012/jai_0000264_1196_1287.png,NORM,NONE,NONE,"BAST, HOJO, RETI"
EH5_Siemens037/jai_0000395_1766_643.png,NORM,NONE,HYPR,NONE
EH5_Siemens037/jai_0000092_1418_1322.png,NORM,NONE,NONE,NONE
EH5_Siemens083/jai_0000101_765_1007.png,NORM,NONE,HYPO,NONE
CDB_Sample189/jai_0000033_823_600.png,NORM,SICK,NONE,NONE
CDB_Sample030/jai_0000055_1186_1298.png,NORM,ECHI,NONE,NONE
EH5_Siemens029/jai_0000439_1513_438.png,NORM,NONE,NONE,NONE
EH5_Siemens083/jai_0000179_184_865.png,MACR,NONE,HYPR,NONE
CDB_Sample030/jai_0000013_434_1227.png,MICR,SPHE,NONE,NONE
EH5_Siemens013/jai_0000371_1840_956.png,NORM,NONE,NONE,NONE
EH5_Siemens008/jai_0000241_1006_922.png,NORM,NONE,HYPO,NONE
EH5_Siemens037/jai_0000009_445_275.png,NORM,ECHI,NONE,NONE
EH5_Siemens012/jai_0001268_1072_216.png,MICR,OVAL,NONE,"HOJO, RETI"
CDB_Sample189/jai_0000289_912_1238.png,NORM,NONE,STOM,NONE
EH5_Siemens012/jai_0001353_1286_1185.png,NORM,HELM,NONE,"BAST, HOJO"
EH5_Siemens029/jai_0000395_782_1294.png,MICR,NONE,NONE,NONE
CDB_Sample030/jai_0000096_823_273.png,NORM,OVAL,NONE,NONE
EH5_Siemens012/jai_0000951_513_920.png,NORM,NONE,NONE,"BAST, HOJO, RETI"
CDB_Sample189/jai_0000038_751_204.png,NORM,NONE,NONE,"HOJO, RETI"
CDB_Sample189/jai_0000246_1501_492.png,NORM,NONE,NONE,PABO
CDB_Sample156/jai_0000520_687_391.png,NORM,NONE,NONE,NONE
CDB_Sample189/jai_0000290_472_275.png,NORM,SICK,NONE,NONE
EH5_Siemens012/jai_0000951_513_920.png,NORM,NONE,NONE,"BAST, HOJO, RETI"
EH5_Siemens008/jai_0001394_1111_1094.png,NORM,NONE,NONE,NONE
EH5_Siemens029/jai_0000569_1430_1298.png,NORM,NONE,NONE,NONE
CDB_Sample125/jai_0000226_179_628.png,NORM,NONE,NONE,NONE
EH5_Siemens045/jai_0000010_736_161.png,MICR,SCHI,NONE,NONE
EH5_Siemens037/jai_0000483_422_806.png,NORM,ECHI,NONE,NONE
CDB_Sample189/jai_0000038_751_204.png,NORM,NONE,NONE,"HOJO, RETI"
CDB_Sample189/jai_0000035_876_524.png,NORM,NONE,NONE,NONE
EH5_Siemens083/jai_0000182_1430_805.png,NORM,TEAR,NONE,NONE
EH5_Siemens083/jai_0000185_187_643.png,NORM,NONE,HYPO,NONE
CDB_Sample189/jai_0000034_1060_726.png,NORM,NONE,NONE,HOJO
EH5_Siemens041/jai_0000358_927_466.png,NORM,HELM,NONE,NONE
CDB_Sample030/jai_0000019_457_95.png,NORM,OVAL,NONE,NONE
EH5_Siemens029/jai_0000568_1697_1320.png,MICR,NONE,NONE,NONE
CDB_Sample189/jai_0000035_1565_1109.png,NORM,SICK,NONE,NONE
CDB_Sample030/jai_0000233_138_95.png,NORM,NONE,NONE,BAST
EH5_Siemens037/jai_0000527_1111_1237.png,NORM,NONE,NONE,NONE
CDB_Sample030/jai_0000099_1657_158.png,MICR,NONE,NONE,NONE
CDB_Sample156/jai_0000181_722_962.png,NORM,ACAN,NONE,NONE
CDB_Sample156/jai_0000265_219_812.png,NORM,ACAN,NONE,NONE
EH5_Siemens003/jai_0000006_949_450.png,MICR,SPHE,NONE,NONE
EH5_Siemens012/jai_0001353_1286_1185.png,NORM,HELM,NONE,"BAST, HOJO"
EH5_Siemens083/jai_0000184_1429_261.png,NORM,NONE,HYPO,NONE
EH5_Siemens012/jai_0000264_1196_1287.png,NORM,NONE,NONE,"BAST, HOJO, RETI"
CDB_Sample156/jai_0000270_1214_813.png,NORM,NONE,NONE,NONE
EH5_Siemens012/jai_0000059_197_920.png,NORM,NONE,TARG,NONE
CDB_Sample189/jai_0000288_193_617.png,NORM,NONE,NONE,HOJO
EH5_Siemens083/jai_0000356_1342_380.png,NORM,OVAL,NONE,NONE
EH5_Siemens012/jai_0000043_1432_839.png,NORM,NONE,NONE,NRBC
EH5_Siemens037/jai_0000135_1458_785.png,NORM,NONE,NONE,HOJO
CDB_Sample189/jai_0000118_801_1305.png,NORM,NONE,NONE,HOJO
EH5_Siemens037/jai_0000570_1092_178.png,NORM,ECHI,NONE,NONE
CDB_Sample125/jai_0000058_822_1449.png,NORM,NONE,HYPO,NONE
EH5_Siemens037/jai_0000527_1519_1304.png,NORM,OVAL,NONE,NONE
EH5_Siemens083/jai_0000181_1795_1012.png,NORM,OVAL,NONE,"BAST, RETI"
EH5_Siemens012/jai_0001268_1072_216.png,MICR,OVAL,NONE,"HOJO, RETI"
EH5_Siemens037/jai_0000358_1353_999.png,NORM,NONE,TARG,NONE
CDB_Sample189/jai_0000035_1089_122.png,NORM,NONE,NONE,HOJO
CDB_Sample125/jai_0000094_465_516.png,NORM,NONE,NONE,MALA
EH5_Siemens013/jai_0001155_1353_1116.png,NORM,HELM,NONE,NONE
EH5_Siemens037/jai_0000142_985_503.png,NORM,ELLI,NONE,NONE
EH5_Siemens012/jai_0001353_1286_1185.png,NORM,HELM,NONE,"BAST, HOJO"
CDB_Sample012/jai_0000068_411_404.png,NORM,NONE,HYPR,NONE
CDB_Sample125/jai_0000058_970_423.png,NORM,NONE,NONE,MALA
EH5_Siemens083/jai_0000184_1474_704.png,NORM,NONE,HYPR,NONE
EH5_Siemens013/jai_0000072_496_1001.png,NORM,TEAR,NONE,NONE
EH5_Siemens083/jai_0000017_1456_983.png,NORM,NONE,NONE,NONE
EH5_Siemens083/jai_0000223_1625_996.png,NORM,NONE,HYPR,NONE
EH5_Siemens037/jai_0000483_53_435.png,NORM,NONE,NONE,NONE
EH5_Siemens013/jai_0000072_318_159.png,MICR,SPHE,NONE,NONE
EH5_Siemens013/jai_0000417_1527_642.png,NORM,HELM,NONE,NONE
EH5_Siemens013/jai_0000798_1054_1438.png,MICR,SPHE,NONE,NONE
CDB_Sample125/jai_0000269_763_680.png,NORM,NONE,HYPO,RETI
CDB_Sample030/jai_0000145_1321_1372.png,MICR,NONE,NONE,NONE
EH5_Siemens083/jai_0000060_1859_1065.png,NORM,NONE,NONE,NONE
EH5_Siemens029/jai_0000569_1904_816.png,NORM,ECHI,NONE,NONE
EH5_Siemens083/jai_0000184_605_417.png,NORM,NONE,NONE,"BAST, RETI"
EH5_Siemens012/jai_0000217_1852_431.png,NORM,NONE,TARG,NONE
CDB_Sample030/jai_0000100_159_1401.png,MICR,NONE,NONE,NONE
EH5_Siemens012/jai_0000059_1704_765.png,NORM,ECHI,HYPO,NONE
CDB_Sample030/jai_0000142_397_1280.png,MICR,NONE,NONE,NONE
CDB_Sample189/jai_0000120_751_964.png,NORM,ELLI,NONE,NONE
EH5_Siemens012/jai_0001353_1286_1185.png,NORM,HELM,NONE,"BAST, HOJO"
EH5_Siemens083/jai_0000060_394_955.png,NORM,NONE,STOM,NONE
CDB_Sample012/jai_0000028_1906_466.png,NORM,NONE,STOM,NONE
EH5_Siemens041/jai_0000188_1717_604.png,NORM,BITE,NONE,NONE
CDB_Sample156/jai_0000182_217_533.png,NORM,NONE,NONE,NONE
EH5_Siemens037/jai_0000441_611_978.png,NORM,ACAN,NONE,NONE
EH5_Siemens041/jai_0000187_1943_822.png,NORM,HELM,NONE,NONE
EH5_Siemens008/jai_0000578_1265_173.png,NORM,BITE,NONE,NONE
CDB_Sample189/jai_0000334_1790_269.png,NORM,NONE,NONE,NONE
EH5_Siemens012/jai_0000130_169_1005.png,NORM,NONE,TARG,NONE
CDB_Sample125/jai_0000182_1927_145.png,NORM,NONE,NONE,MALA
EH5_Siemens083/jai_0000223_825_451.png,NORM,NONE,HYPO,NONE
EH5_Siemens045/jai_0000184_1650_237.png,NORM,BITE,NONE,NONE
EH5_Siemens008/jai_0000287_1172_747.png,NORM,NONE,NONE,NONE
EH5_Siemens029/jai_0000439_71_696.png,NORM,NONE,NONE,NONE
CDB_Sample156/jai_0000180_1216_386.png,NORM,NONE,NONE,NONE
CDB_Sample189/jai_0000288_246_375.png,NORM,NONE,NONE,PABO
EH5_Siemens012/jai_0000187_1222_677.png,NORM,NONE,NONE,NONE
EH5_Siemens083/jai_0000014_1414_776.png,NORM,NONE,HYPO,NONE
EH5_Siemens012/jai_0000264_1196_1287.png,NORM,NONE,NONE,"BAST, HOJO, RETI"
EH5_Siemens045/jai_0000010_1679_1291.png,MICR,SCHI,NONE,NONE
EH5_Siemens037/jai_0000356_1582_275.png,NORM,NONE,HYPO,NONE
CDB_Sample125/jai_0000059_228_1030.png,NORM,NONE,NONE,NONE
EH5_Siemens012/jai_0001512_779_1122.png,NORM,NONE,NONE,NRBC
EH5_Siemens037/jai_0000611_161_555.png,NORM,OVAL,NONE,HOJO
EH5_Siemens083/jai_0000142_96_1115.png,MICR,NONE,NONE,NONE
EH5_Siemens012/jai_0000264_1196_1287.png,NORM,NONE,NONE,"BAST, HOJO, RETI"
CDB_Sample012/jai_0000197_701_186.png,NORM,NONE,HYPR,NONE
CDB_Sample125/jai_0000181_286_1018.png,NORM,HELM,NONE,NONE
CDB_Sample030/jai_0000013_1427_652.png,NORM,TEAR,NONE,NONE
CDB_Sample030/jai_0000096_1895_1139.png,MICR,NONE,NONE,NONE
EH5_Siemens029/jai_0000871_939_440.png,MICR,NONE,HYPO,NONE
EH5_Siemens029/jai_0000568_533_495.png,NORM,NONE,NONE,NONE
EH5_Siemens083/jai_0000017_236_170.png,NORM,NONE,HYPO,NONE
CDB_Sample012/jai_0000028_1056_945.png,NORM,NONE,STOM,NONE
CDB_Sample125/jai_0000180_1788_445.png,NORM,NONE,NONE,MALA
CDB_Sample030/jai_0000146_1898_832.png,MICR,ELLI,HYPO,NONE
EH5_Siemens083/jai_0000185_905_1244.png,MICR,OVAL,NONE,NONE
EH5_Siemens083/jai_0000402_1906_1310.png,MACR,OVAL,NONE,RETI
CDB_Sample012/jai_0000196_252_147.png,NORM,NONE,NONE,RETI
EH5_Siemens012/jai_0000019_956_1247.png,NORM,NONE,NONE,"BAST, RETI"
CDB_Sample189/jai_0000372_1119_697.png,NORM,NONE,NONE,RETI
EH5_Siemens083/jai_0000309_549_719.png,NORM,NONE,NONE,RETI
EH5_Siemens029/jai_0000822_1111_586.png,NORM,NONE,NONE,NONE
EH5_Siemens008/jai_0001392_613_1064.png,NORM,NONE,NONE,NONE
CDB_Sample156/jai_0000652_1079_1445.png,NORM,NONE,NONE,NONE
EH5_Siemens008/jai_0001437_841_350.png,NORM,BITE,NONE,NONE
EH5_Siemens029/jai_0000822_100_1400.png,NORM,NONE,NONE,NONE
EH5_Siemens083/jai_0000356_1686_561.png,MICR,NONE,NONE,BAST
EH5_Siemens012/jai_0000905_62_1391.png,NORM,NONE,HYPR,"BAST, RETI"
EH5_Siemens012/jai_0000951_513_920.png,NORM,NONE,NONE,"BAST, HOJO, RETI"
CDB_Sample030/jai_0000061_1054_635.png,NORM,TEAR,NONE,NONE
EH5_Siemens012/jai_0000147_1496_763.png,NORM,NONE,HYPO,NONE
EH5_Siemens029/jai_0000871_1871_344.png,MICR,SPHE,NONE,NONE
EH5_Siemens012/jai_0000043_908_1424.png,NORM,NONE,NONE,NRBC
EH5_Siemens008/jai_0000262_660_910.png,MICR,NONE,NONE,NONE
EH5_Siemens012/jai_0001353_1286_1185.png,NORM,HELM,NONE,"BAST, HOJO"
EH5_Siemens037/jai_0000656_1700_417.png,NORM,ECHI,NONE,NONE
EH5_Siemens029/jai_0000822_37_196.png,NORM,NONE,NONE,NONE
EH5_Siemens003/jai_0000980_1425_714.png,NORM,NONE,NONE,NONE
EH5_Siemens012/jai_0000951_513_920.png,NORM,NONE,NONE,"BAST, HOJO, RETI"
CDB_Sample030/jai_0000272_902_285.png,NORM,HELM,NONE,NONE
CDB_Sample189/jai_0000293_1806_1398.png,NORM,SICK,NONE,NONE
EH5_Siemens013/jai_0000969_132_150.png,MICR,NONE,NONE,NONE
CDB_Sample030/jai_0000013_1657_102.png,NORM,NONE,NONE,NONE
CDB_Sample125/jai_0000010_507_72.png,MICR,NONE,NONE,NONE
EH5_Siemens012/jai_0000264_1196_1287.png,NORM,NONE,NONE,"BAST, HOJO, RETI"
EH5_Siemens012/jai_0000139_490_1333.png,NORM,NONE,NONE,"BAST, RETI"
EH5_Siemens012/jai_0000187_1025_815.png,NORM,NONE,NONE,NRBC
EH5_Siemens045/jai_0000097_1015_1124.png,MICR,SCHI,NONE,NONE
CDB_Sample189/jai_0000333_843_606.png,NORM,NONE,NONE,NONE
EH5_Siemens008/jai_0000021_422_437.png,NORM,OVAL,NONE,NONE
EH5_Siemens029/jai_0000395_1296_822.png,NORM,NONE,NONE,NONE
EH5_Siemens083/jai_0001430_898_811.png,NORM,NONE,HYPR,NONE
EH5_Siemens083/jai_0001430_1607_1236.png,NORM,NONE,HYPO,NONE
EH5_Siemens083/jai_0000017_362_983.png,NORM,OVAL,NONE,NONE
CDB_Sample030/jai_0000012_1173_1006.png,MICR,NONE,NONE,NONE
EH5_Siemens008/jai_0000277_1976_824.png,MICR,NONE,NONE,NONE
EH5_Siemens012/jai_0001353_1286_1185.png,NORM,HELM,NONE,"BAST, HOJO"
CDB_Sample125/jai_0000317_209_1039.png,NORM,NONE,NONE,MALA
CDB_Sample189/jai_0000340_1636_403.png,NORM,NONE,STOM,NONE
EH5_Siemens037/jai_0000356_776_91.png,MACR,NONE,NONE,NONE
EH5_Siemens013/jai_0000119_1010_520.png,MICR,NONE,NONE,NONE
CDB_Sample156/jai_0000265_219_812.png,NORM,ACAN,NONE,NONE
EH5_Siemens029/jai_0000440_429_110.png,NORM,HELM,NONE,NONE
EH5_Siemens037/jai_0000483_574_394.png,NORM,ACAN,NONE,NONE
EH5_Siemens083/jai_0000401_676_46.png,MICR,NONE,NONE,NONE
CDB_Sample030/jai_0000233_1357_345.png,NORM,NONE,NONE,NONE
CDB_Sample012/jai_0000151_1046_473.png,NORM,NONE,NONE,NONE
CDB_Sample156/jai_0000264_606_331.png,NORM,NONE,NONE,NONE
EH5_Siemens003/jai_0000265_916_389.png,NORM,NONE,TARG,NONE
EH5_Siemens008/jai_0001394_326_253.png,NORM,NONE,HYPO,NONE
EH5_Siemens012/jai_0000063_476_1450.png,NORM,NONE,NONE,NONE
EH5_Siemens013/jai_0000072_1725_847.png,NORM,NONE,HYPR,NONE
EH5_Siemens003/jai_0000663_542_725.png,NORM,NONE,NONE,NONE
EH5_Siemens083/jai_0000184_1621_464.png,NORM,NONE,HYPR,NONE
EH5_Siemens029/jai_0000184_882_564.png,NORM,NONE,NONE,NONE
EH5_Siemens008/jai_0001350_182_337.png,NORM,NONE,NONE,NONE
CDB_Sample030/jai_0000096_272_240.png,NORM,OVAL,NONE,NONE
EH5_Siemens012/jai_0001437_654_1314.png,NORM,OVAL,NONE,"BAST, HOJO"
CDB_Sample189/jai_0000335_1785_726.png,NORM,NONE,NONE,RETI
EH5_Siemens012/jai_0001353_1286_1185.png,NORM,HELM,NONE,"BAST, HOJO"
CDB_Sample156/jai_0000266_404_1185.png,NORM,ECHI,NONE,NONE
CDB_Sample030/jai_0000096_740_1151.png,NORM,NONE,STOM,NONE
EH5_Siemens012/jai_0000905_62_1391.png,NORM,NONE,HYPR,"BAST, RETI"
EH5_Siemens008/jai_0000150_1142_1078.png,NORM,NONE,NONE,NONE
CDB_Sample189/jai_0000040_1840_446.png,NORM,NONE,NONE,NONE
EH5_Siemens008/jai_0001437_1110_227.png,NORM,BITE,NONE,NONE
EH5_Siemens012/jai_0001353_1286_1185.png,NORM,HELM,NONE,"BAST, HOJO"
CDB_Sample189/jai_0000249_344_76.png,NORM,NONE,NONE,PABO
EH5_Siemens037/jai_0000400_1062_955.png,NORM,OVAL,NONE,NONE
EH5_Siemens083/jai_0000017_126_279.png,MICR,NONE,NONE,NONE
EH5_Siemens012/jai_0000951_513_920.png,NORM,NONE,NONE,"BAST, HOJO, RETI"
EH5_Siemens012/jai_0000046_321_800.png,NORM,NONE,NONE,NRBC
EH5_Siemens039/jai_0000477_140_37.png,NORM,HELM,NONE,NONE
EH5_Siemens039/jai_0000477_140_37.png,NORM,HELM,NONE,NONE
EH5_Siemens012/jai_0001268_1072_216.png,MICR,OVAL,NONE,"HOJO, RETI"
CDB_Sample189/jai_0000334_472_416.png,NORM,NONE,HYPO,PABO
EH5_Siemens037/jai_0000657_99_303.png,NORM,OVAL,NONE,NONE
CDB_Sample125/jai_0000058_174_1317.png,NORM,NONE,HYPO,NONE
CDB_Sample012/jai_0000196_194_793.png,NORM,NONE,NONE,NONE
CDB_Sample189/jai_0000372_1309_33.png,NORM,NONE,NONE,HOJO
CDB_Sample189/jai_0000114_1423_747.png,NORM,NONE,NONE,HOJO
EH5_Siemens012/jai_0001268_1072_216.png,MICR,OVAL,NONE,"HOJO, RETI"
EH5_Siemens013/jai_0000071_1082_39.png,NORM,TEAR,NONE,NONE
EH5_Siemens012/jai_0001256_755_1091.png,NORM,NONE,NONE,BAST
EH5_Siemens012/jai_0000836_207_898.png,NORM,NONE,NONE,NRBC
EH5_Siemens012/jai_0000147_1682_374.png,NORM,NONE,NONE,NRBC
EH5_Siemens041/jai_0000188_1681_418.png,NORM,BITE,NONE,NONE
CDB_Sample125/jai_0000354_1291_1292.png,NORM,ECHI,NONE,MALA
EH5_Siemens029/jai_0000828_130_295.png,NORM,NONE,NONE,RETI
EH5_Siemens012/jai_0001268_1072_216.png,MICR,OVAL,NONE,"HOJO, RETI"
CDB_Sample012/jai_0000110_222_526.png,MICR,NONE,NONE,NONE
EH5_Siemens013/jai_0001155_1142_1291.png,NORM,TEAR,NONE,NONE
CDB_Sample030/jai_0000229_158_490.png,NORM,OVAL,NONE,NONE
EH5_Siemens012/jai_0000003_397_743.png,NORM,NONE,HYPR,NONE
EH5_Siemens083/jai_0000356_830_510.png,NORM,NONE,HYPO,NONE
CDB_Sample030/jai_0000143_663_1296.png,NORM,OVAL,NONE,NONE
EH5_Siemens012/jai_0000046_321_800.png,NORM,NONE,NONE,NRBC
CDB_Sample125/jai_0000010_1748_300.png,NORM,NONE,NONE,MALA
CDB_Sample189/jai_0000038_751_204.png,NORM,NONE,NONE,"HOJO, RETI"
CDB_Sample189/jai_0000168_1713_1379.png,NORM,NONE,NONE,HOJO
EH5_Siemens012/jai_0001474_210_726.png,MICR,NONE,NONE,BAST
CDB_Sample125/jai_0000008_1929_339.png,NORM,NONE,NONE,NONE
EH5_Siemens012/jai_0001268_1072_216.png,MICR,OVAL,NONE,"HOJO, RETI"
EH5_Siemens029/jai_0000525_65_668.png,NORM,NONE,NONE,NONE
EH5_Siemens012/jai_0000057_1373_110.png,NORM,NONE,NONE,NONE
EH5_Siemens029/jai_0000871_957_1114.png,NORM,OVAL,NONE,NONE
CDB_Sample030/jai_0000020_618_1011.png,NORM,ELLI,NONE,NONE
CDB_Sample189/jai_0000165_547_873.png,NORM,NONE,NONE,PABO
CDB_Sample189/jai_0000114_1171_661.png,NORM,NONE,NONE,RETI
EH5_Siemens029/jai_0000310_1913_1162.png,NORM,NONE,NONE,NONE
CDB_Sample030/jai_0000140_926_512.png,NORM,ELLI,NONE,NONE
EH5_Siemens003/jai_0000278_1270_223.png,NORM,NONE,NONE,NONE
EH5_Siemens083/jai_0000182_1377_699.png,NORM,NONE,NONE,NONE
EH5_Siemens003/jai_0001299_896_533.png,NORM,NONE,NONE,HOJO
CDB_Sample012/jai_0000192_254_158.png,NORM,NONE,NONE,NONE
CDB_Sample030/jai_0000061_445_163.png,NORM,NONE,NONE,NONE
CDB_Sample189/jai_0000334_472_416.png,NORM,NONE,HYPO,PABO
CDB_Sample189/jai_0000381_1500_1228.png,NORM,NONE,NONE,HOJO
CDB_Sample125/jai_0000355_568_840.png,NORM,NONE,NONE,MALA
EH5_Siemens083/jai_0000267_1759_156.png,NORM,NONE,HYPR,NONE
EH5_Siemens037/jai_0000313_1576_847.png,NORM,ECHI,NONE,NONE
EH5_Siemens012/jai_0001437_654_1314.png,NORM,OVAL,NONE,"BAST, HOJO"
EH5_Siemens037/jai_0000611_1647_900.png,NORM,OVAL,NONE,NONE
CDB_Sample189/jai_0000033_1277_554.png,NORM,NONE,NONE,PABO
EH5_Siemens012/jai_0000147_1682_374.png,NORM,NONE,NONE,NRBC
EH5_Siemens083/jai_0000017_1895_1221.png,MICR,NONE,NONE,NONE
EH5_Siemens083/jai_0000401_1000_664.png,MACR,NONE,HYPR,NONE
CDB_Sample189/jai_0000165_547_873.png,NORM,NONE,NONE,PABO
EH5_Siemens083/jai_0000267_541_784.png,NORM,NONE,HYPO,NONE
EH5_Siemens029/jai_0000692_483_1225.png,NORM,NONE,NONE,NONE
CDB_Sample156/jai_0000609_1042_1229.png,NORM,NONE,NONE,NONE
EH5_Siemens029/jai_0000569_430_665.png,NORM,NONE,NONE,NONE
CDB_Sample012/jai_0000107_993_1161.png,MICR,SPHE,NONE,NONE
EH5_Siemens012/jai_0000019_1634_1028.png,NORM,NONE,NONE,RETI
EH5_Siemens008/jai_0001437_841_350.png,NORM,BITE,NONE,NONE
EH5_Siemens029/jai_0000525_665_153.png,MICR,NONE,NONE,NONE
EH5_Siemens029/jai_0000052_1160_719.png,MICR,SPHE,NONE,NONE
CDB_Sample189/jai_0000161_1214_197.png,NORM,NONE,STOM,NONE
CDB_Sample125/jai_0000057_810_583.png,NORM,ECHI,NONE,NONE
CDB_Sample012/jai_0000153_243_555.png,MACR,NONE,NONE,NONE
EH5_Siemens008/jai_0000621_848_550.png,NORM,NONE,NONE,NONE
EH5_Siemens008/jai_0001344_448_1450.png,NORM,NONE,NONE,NONE
CDB_Sample189/jai_0000377_697_901.png,NORM,ECHI,NONE,NONE
EH5_Siemens029/jai_0000225_496_332.png,NORM,ECHI,NONE,NONE
EH5_Siemens012/jai_0001353_1286_1185.png,NORM,HELM,NONE,"BAST, HOJO"
EH5_Siemens037/jai_0000570_162_578.png,NORM,NONE,NONE,NONE
EH5_Siemens037/jai_0000358_1531_716.png,NORM,NONE,HYPO,NONE
EH5_Siemens012/jai_0000192_1881_433.png,MACR,NONE,HYPO,NONE
CDB_Sample156/jai_0000352_1868_1102.png,NORM,ACAN,NONE,NONE
EH5_Siemens008/jai_0000532_1102_577.png,NORM,NONE,NONE,NONE
EH5_Siemens045/jai_0000186_1249_692.png,NORM,BITE,NONE,NONE
EH5_Siemens012/jai_0000059_1543_262.png,MICR,NONE,NONE,NONE
CDB_Sample189/jai_0000377_486_913.png,NORM,NONE,NONE,NONE
CDB_Sample012/jai_0000032_926_468.png,NORM,NONE,NONE,NONE
CDB_Sample030/jai_0000148_1719_281.png,NORM,TEAR,NONE,NONE
CDB_Sample189/jai_0000161_1556_854.png,NORM,NONE,NONE,PABO
CDB_Sample125/jai_0000058_225_76.png,NORM,NONE,NONE,NONE
CDB_Sample012/jai_0000192_305_819.png,MICR,NONE,NONE,NONE
EH5_Siemens029/jai_0000871_1456_1114.png,NORM,ECHI,NONE,NONE
CDB_Sample156/jai_0000609_786_828.png,NORM,NONE,NONE,HOJO
EH5_Siemens012/jai_0000059_915_868.png,NORM,NONE,TARG,NONE
CDB_Sample156/jai_0000566_1002_290.png,NORM,ECHI,NONE,NONE
EH5_Siemens041/jai_0000359_343_1282.png,NORM,HELM,NONE,NONE
EH5_Siemens041/jai_0000188_1717_604.png,NORM,BITE,NONE,NONE
EH5_Siemens012/jai_0000059_796_801.png,NORM,NONE,HYPO,NONE
EH5_Siemens029/jai_0000654_321_471.png,NORM,NONE,NONE,NONE
EH5_Siemens041/jai_0000188_1717_604.png,NORM,BITE,NONE,NONE
CDB_Sample125/jai_0000058_970_423.png,NORM,NONE,NONE,MALA
CDB_Sample012/jai_0000116_1389_1176.png,NORM,NONE,NONE,NONE
EH5_Siemens012/jai_0000147_454_207.png,NORM,NONE,HYPO,NONE
CDB_Sample189/jai_0000337_583_1085.png,NORM,NONE,NONE,NONE
EH5_Siemens012/jai_0000187_1943_1429.png,NORM,OVAL,NONE,BAST
CDB_Sample030/jai_0000013_1396_253.png,MICR,OVAL,NONE,NONE
EH5_Siemens012/jai_0001353_1286_1185.png,NORM,HELM,NONE,"BAST, HOJO"
CDB_Sample125/jai_0000009_354_119.png,NORM,NONE,NONE,NONE
CDB_Sample156/jai_0000180_575_1156.png,NORM,ACAN,NONE,NONE
EH5_Siemens012/jai_0001268_93_73.png,MICR,NONE,NONE,BAST
CDB_Sample156/jai_0000309_1292_423.png,NORM,NONE,NONE,NONE
CDB_Sample189/jai_0000118_363_380.png,NORM,SICK,NONE,NONE
EH5_Siemens029/jai_0000133_1254_657.png,NORM,NONE,NONE,NONE
EH5_Siemens012/jai_0000487_1309_330.png,NORM,NONE,HYPO,NONE
EH5_Siemens037/jai_0000481_960_719.png,NORM,NONE,TARG,NONE
CDB_Sample156/jai_0000270_231_609.png,NORM,NONE,NONE,NONE
EH5_Siemens003/jai_0000980_1277_1010.png,MICR,NONE,NONE,NONE
CDB_Sample012/jai_0000148_390_567.png,MICR,NONE,NONE,NONE
EH5_Siemens012/jai_0001353_1286_1185.png,NORM,HELM,NONE,"BAST, HOJO"
EH5_Siemens008/jai_0000022_1154_1269.png,NORM,NONE,NONE,NONE
EH5_Siemens008/jai_0000578_1265_173.png,NORM,BITE,NONE,NONE
EH5_Siemens012/jai_0000187_1025_815.png,NORM,NONE,NONE,NRBC
EH5_Siemens012/jai_0000059_1050_1027.png,NORM,OVAL,NONE,NONE
EH5_Siemens003/jai_0000663_942_1446.png,NORM,NONE,NONE,HOJO
EH5_Siemens029/jai_0000873_1226_1108.png,NORM,TEAR,NONE,NONE
EH5_Siemens012/jai_0001437_654_1314.png,NORM,OVAL,NONE,"BAST, HOJO"
EH5_Siemens008/jai_0001437_841_350.png,NORM,BITE,NONE,NONE
EH5_Siemens012/jai_0001353_1286_1185.png,NORM,HELM,NONE,"BAST, HOJO"
EH5_Siemens012/jai_0000264_1196_1287.png,NORM,NONE,NONE,"BAST, HOJO, RETI"
EH5_Siemens012/jai_0001268_1072_216.png,MICR,OVAL,NONE,"HOJO, RETI"
CDB_Sample189/jai_0000373_1853_1117.png,NORM,NONE,NONE,PABO
EH5_Siemens008/jai_0001141_405_676.png,MICR,SPHE,NONE,NONE
CDB_Sample030/jai_0000277_1144_1011.png,NORM,NONE,HYPO,NONE
EH5_Siemens039/jai_0000090_1331_693.png,NORM,HELM,NONE,NONE
EH5_Siemens037/jai_0000481_129_933.png,NORM,NONE,NONE,NONE
EH5_Siemens029/jai_0000440_1380_832.png,MACR,NONE,NONE,NONE
EH5_Siemens029/jai_0000439_212_1324.png,NORM,NONE,NONE,NONE
EH5_Siemens012/jai_0000951_513_920.png,NORM,NONE,NONE,"BAST, HOJO, RETI"
CDB_Sample189/jai_0000120_1642_89.png,NORM,NONE,STOM,NONE
EH5_Siemens012/jai_0001353_1286_1185.png,NORM,HELM,NONE,"BAST, HOJO"
CDB_Sample030/jai_0000142_803_316.png,NORM,NONE,NONE,NONE
EH5_Siemens037/jai_0000441_1118_597.png,NORM,NONE,NONE,NONE
CDB_Sample125/jai_0000052_1516_1091.png,NORM,NONE,NONE,NONE
EH5_Siemens083/jai_0000016_1363_1026.png,NORM,NONE,TARG,NONE
EH5_Siemens029/jai_0000568_1883_633.png,NORM,NONE,HYPO,NONE
CDB_Sample189/jai_0000380_435_1094.png,NORM,NONE,NONE,HOJO
EH5_Siemens029/jai_0000828_939_66.png,MICR,NONE,NONE,NONE
EH5_Siemens012/jai_0000174_938_1403.png,NORM,NONE,NONE,NRBC
EH5_Siemens003/jai_0000064_209_751.png,NORM,NONE,NONE,NONE
CDB_Sample030/jai_0000019_1394_1131.png,NORM,OVAL,HYPO,NONE
EH5_Siemens083/jai_0000185_1874_348.png,MACR,NONE,NONE,RETI
EH5_Siemens029/jai_0000225_1625_936.png,NORM,NONE,NONE,NONE
EH5_Siemens012/jai_0000395_1004_511.png,NORM,NONE,NONE,BAST
CDB_Sample189/jai_0000116_1537_1121.png,NORM,NONE,NONE,PABO
EH5_Siemens045/jai_0000010_1757_404.png,MICR,SCHI,NONE,NONE
CDB_Sample030/jai_0000062_614_941.png,NORM,NONE,HYPO,NONE
EH5_Siemens012/jai_0001256_755_1091.png,NORM,NONE,NONE,BAST
EH5_Siemens012/jai_0001353_1286_1185.png,NORM,HELM,NONE,"BAST, HOJO"
EH5_Siemens037/jai_0000483_574_394.png,NORM,ACAN,NONE,NONE
EH5_Siemens012/jai_0000057_1427_1132.png,NORM,NONE,NONE,NRBC
EH5_Siemens012/jai_0000136_123_439.png,MICR,SPHE,NONE,NONE
CDB_Sample189/jai_0000114_1123_559.png,NORM,NONE,NONE,RETI
EH5_Siemens037/jai_0000657_770_1117.png,NORM,NONE,NONE,NONE
EH5_Siemens012/jai_0001437_654_1314.png,NORM,OVAL,NONE,"BAST, HOJO"
EH5_Siemens037/jai_0000135_293_739.png,NORM,ACAN,NONE,NONE
CDB_Sample156/jai_0000565_1725_361.png,NORM,ACAN,NONE,NONE
EH5_Siemens045/jai_0000010_1902_134.png,MICR,SCHI,NONE,NONE
EH5_Siemens012/jai_0000174_938_1403.png,NORM,NONE,NONE,NRBC
EH5_Siemens003/jai_0000872_1465_1126.png,NORM,NONE,NONE,NONE
EH5_Siemens045/jai_0000136_1603_555.png,NORM,HELM,NONE,NONE
EH5_Siemens037/jai_0000482_503_1248.png,NORM,OVAL,NONE,NONE
CDB_Sample189/jai_0000161_1480_272.png,NORM,NONE,NONE,HOJO
CDB_Sample156/jai_0000565_743_367.png,NORM,HELM,NONE,NONE
CDB_Sample125/jai_0000268_1325_573.png,NORM,NONE,NONE,NONE
EH5_Siemens008/jai_0000150_687_213.png,NORM,NONE,NONE,NONE
CDB_Sample012/jai_0000106_1363_839.png,NORM,NONE,NONE,NONE
CDB_Sample189/jai_0000161_909_675.png,NORM,SICK,NONE,NONE
CDB_Sample189/jai_0000248_308_1183.png,NORM,NONE,NONE,NONE
CDB_Sample189/jai_0000114_1423_747.png,NORM,NONE,NONE,HOJO
CDB_Sample189/jai_0000292_1222_238.png,NORM,NONE,NONE,NONE
EH5_Siemens029/jai_0000440_674_742.png,NORM,NONE,NONE,NONE
EH5_Siemens012/jai_0000217_1803_1191.png,NORM,NONE,HYPO,RETI
EH5_Siemens012/jai_0001353_1286_1185.png,NORM,HELM,NONE,"BAST, HOJO"
EH5_Siemens037/jai_0000135_1228_100.png,NORM,NONE,HYPR,NONE
CDB_Sample189/jai_0000119_618_363.png,NORM,NONE,NONE,HOJO
EH5_Siemens013/jai_0000158_434_1246.png,NORM,TEAR,NONE,NONE
EH5_Siemens012/jai_0001268_1072_216.png,MICR,OVAL,NONE,"HOJO, RETI"
CDB_Sample030/jai_0000143_89_411.png,MICR,NONE,NONE,NONE
CDB_Sample012/jai_0000109_126_721.png,MICR,NONE,NONE,NONE
EH5_Siemens083/jai_0000309_1932_103.png,MACR,NONE,HYPR,NONE
CDB_Sample189/jai_0000116_571_359.png,NORM,NONE,NONE,NONE
CDB_Sample030/jai_0000018_321_229.png,NORM,ELLI,NONE,NONE
EH5_Siemens045/jai_0000187_789_417.png,NORM,HELM,NONE,NONE
EH5_Siemens012/jai_0000277_729_830.png,NORM,NONE,HYPO,RETI
CDB_Sample189/jai_0000116_100_171.png,NORM,NONE,STOM,NONE
CDB_Sample125/jai_0000315_500_517.png,NORM,NONE,NONE,MALA
EH5_Siemens012/jai_0001353_1286_1185.png,NORM,HELM,NONE,"BAST, HOJO"
EH5_Siemens012/jai_0001437_654_1314.png,NORM,OVAL,NONE,"BAST, HOJO"
CDB_Sample125/jai_0000094_227_554.png,NORM,NONE,NONE,MALA
EH5_Siemens012/jai_0001173_864_994.png,NORM,NONE,HYPR,"BAST, RETI"
EH5_Siemens013/jai_0000371_858_1167.png,NORM,NONE,NONE,NONE
CDB_Sample189/jai_0000337_1873_779.png,NORM,NONE,NONE,PABO
EH5_Siemens012/jai_0000019_1302_241.png,NORM,NONE,HYPO,NONE
CDB_Sample030/jai_0000231_659_330.png,MICR,NONE,NONE,NONE
EH5_Siemens003/jai_0000064_1270_750.png,NORM,NONE,HYPR,NONE
EH5_Siemens008/jai_0001437_841_350.png,NORM,BITE,NONE,NONE
CDB_Sample189/jai_0000114_1787_644.png,NORM,OVAL,HYPO,PABO
EH5_Siemens012/jai_0000174_1068_1378.png,NORM,NONE,TARG,NONE
EH5_Siemens045/jai_0000187_517_246.png,MICR,SCHI,NONE,NONE
EH5_Siemens083/jai_0000183_1883_1343.png,MICR,NONE,NONE,NONE
EH5_Siemens012/jai_0000905_62_1391.png,NORM,NONE,HYPR,"BAST, RETI"
CDB_Sample156/jai_0000308_887_704.png,NORM,ACAN,NONE,NONE
CDB_Sample156/jai_0000519_635_639.png,NORM,ECHI,NONE,NONE
CDB_Sample030/jai_0000018_326_841.png,NORM,TEAR,NONE,NONE
EH5_Siemens012/jai_0000019_456_603.png,NORM,NONE,NONE,NONE
EH5_Siemens012/jai_0000264_1196_1287.png,NORM,NONE,NONE,"BAST, HOJO, RETI"
CDB_Sample189/jai_0000290_1498_644.png,NORM,NONE,NONE,NONE
EH5_Siemens013/jai_0001193_99_230.png,MICR,SPHE,NONE,NONE
CDB_Sample189/jai_0000033_651_904.png,NORM,NONE,NONE,HOJO
EH5_Siemens012/jai_0000303_64_613.png,NORM,NONE,NONE,NRBC
EH5_Siemens003/jai_0000006_949_450.png,MICR,SPHE,NONE,NONE
EH5_Siemens083/jai_0000060_1481_128.png,MICR,NONE,NONE,NONE
CDB_Sample189/jai_0000038_751_204.png,NORM,NONE,NONE,"HOJO, RETI"
EH5_Siemens037/jai_0000142_1044_258.png,NORM,NONE,NONE,HOJO
EH5_Siemens083/jai_0001428_795_978.png,NORM,OVAL,NONE,NONE
CDB_Sample189/jai_0000114_356_735.png,NORM,NONE,HYPO,HOJO
CDB_Sample189/jai_0000038_751_204.png,NORM,NONE,NONE,"HOJO, RETI"
CDB_Sample012/jai_0000113_514_626.png,NORM,NONE,NONE,NONE
CDB_Sample012/jai_0000113_928_142.png,MICR,NONE,NONE,NONE
EH5_Siemens012/jai_0000995_442_1239.png,MICR,NONE,NONE,BAST
CDB_Sample125/jai_0000265_1969_502.png,NORM,NONE,NONE,MALA
EH5_Siemens012/jai_0000139_553_664.png,NORM,NONE,HYPO,"BAST, RETI"
EH5_Siemens041/jai_0000146_505_974.png,NORM,BITE,NONE,NONE
CDB_Sample012/jai_0000146_633_1132.png,MICR,NONE,NONE,NONE
CDB_Sample125/jai_0000096_322_1084.png,MICR,NONE,NONE,NONE
CDB_Sample156/jai_0000566_274_611.png,NORM,NONE,NONE,NONE
EH5_Siemens012/jai_0000043_1432_839.png,NORM,NONE,NONE,NRBC
CDB_Sample189/jai_0000038_751_204.png,NORM,NONE,NONE,"HOJO, RETI"
EH5_Siemens012/jai_0000057_1569_1060.png,NORM,NONE,NONE,NRBC
CDB_Sample189/jai_0000250_344_109.png,NORM,NONE,NONE,NONE
EH5_Siemens029/jai_0000569_1040_1074.png,NORM,NONE,NONE,NONE
EH5_Siemens012/jai_0000147_1682_374.png,NORM,NONE,NONE,NRBC
CDB_Sample189/jai_0000123_250_296.png,NORM,NONE,STOM,NONE
EH5_Siemens013/jai_0000072_930_1191.png,NORM,TEAR,NONE,NONE
EH5_Siemens012/jai_0001268_506_1175.png,MICR,NONE,NONE,"BAST, RETI"
EH5_Siemens041/jai_0000188_1681_418.png,NORM,BITE,NONE,NONE
EH5_Siemens037/jai_0000142_289_547.png,NORM,ACAN,NONE,NONE
EH5_Siemens013/jai_0000803_975_749.png,NORM,TEAR,NONE,NONE
EH5_Siemens012/jai_0000390_1773_1214.png,MICR,NONE,NONE,BAST
CDB_Sample189/jai_0000115_1328_266.png,NORM,SICK,NONE,NONE
EH5_Siemens083/jai_0000015_1653_1091.png,NORM,OVAL,HYPO,NONE
CDB_Sample012/jai_0000070_1344_420.png,NORM,NONE,NONE,NONE
EH5_Siemens012/jai_0000951_513_920.png,NORM,NONE,NONE,"BAST, HOJO, RETI"
EH5_Siemens037/jai_0000657_1474_549.png,NORM,ECHI,NONE,NONE
EH5_Siemens012/jai_0000179_921_876.png,NORM,NONE,NONE,NRBC
EH5_Siemens029/jai_0000479_102_548.png,NORM,NONE,NONE,NONE
CDB_Sample189/jai_0000250_1265_587.png,NORM,NONE,NONE,NONE
EH5_Siemens008/jai_0001610_92_564.png,NORM,BITE,NONE,NONE
CDB_Sample030/jai_0000233_1326_1417.png,NORM,ELLI,NONE,NONE
CDB_Sample125/jai_0000268_331_849.png,NORM,NONE,HYPO,NONE
CDB_Sample012/jai_0000023_1317_272.png,NORM,NONE,NONE,NONE
CDB_Sample189/jai_0000165_710_1330.png,MICR,NONE,NONE,PABO
EH5_Siemens041/jai_0000188_1681_418.png,NORM,BITE,NONE,NONE
CDB_Sample125/jai_0000010_1215_1318.png,NORM,NONE,NONE,MALA
CDB_Sample012/jai_0000113_1177_1198.png,NORM,NONE,NONE,NONE
CDB_Sample125/jai_0000226_1302_925.png,NORM,NONE,NONE,MALA
EH5_Siemens012/jai_0000057_487_399.png,NORM,NONE,HYPO,NONE
EH5_Siemens012/jai_0001353_1286_1185.png,NORM,HELM,NONE,"BAST, HOJO"
EH5_Siemens012/jai_0000147_1881_1239.png,NORM,NONE,NONE,NONE
EH5_Siemens012/jai_0000063_1292_941.png,NORM,NONE,HYPO,NONE
CDB_Sample030/jai_0000184_1801_334.png,NORM,NONE,HYPR,NONE
CDB_Sample012/jai_0000063_737_514.png,NORM,NONE,NONE,NONE
EH5_Siemens012/jai_0000264_1196_1287.png,NORM,NONE,NONE,"BAST, HOJO, RETI"
EH5_Siemens013/jai_0000327_1122_59.png,NORM,NONE,HYPR,NONE
CDB_Sample125/jai_0000272_473_870.png,NORM,NONE,NONE,MALA
EH5_Siemens083/jai_0000223_1844_1166.png,MICR,NONE,NONE,NONE
EH5_Siemens013/jai_0000798_1054_1438.png,MICR,SPHE,NONE,NONE
CDB_Sample012/jai_0000028_931_547.png,MICR,NONE,NONE,NONE
EH5_Siemens003/jai_0000976_1625_579.png,MICR,NONE,NONE,NONE
CDB_Sample030/jai_0000146_521_1211.png,NORM,TEAR,NONE,NONE
EH5_Siemens012/jai_0000995_442_1239.png,MICR,NONE,NONE,BAST
EH5_Siemens008/jai_0000144_977_590.png,NORM,OVAL,NONE,NONE
EH5_Siemens037/jai_0000611_1053_1368.png,NORM,ACAN,NONE,NONE
EH5_Siemens003/jai_0000265_573_1385.png,NORM,NONE,NONE,HOJO
EH5_Siemens083/jai_0000142_493_1324.png,NORM,ACAN,NONE,NONE
EH5_Siemens083/jai_0000142_240_593.png,NORM,NONE,HYPO,NONE
CDB_Sample125/jai_0000058_146_851.png,NORM,NONE,NONE,MALA
CDB_Sample189/jai_0000161_1480_272.png,NORM,NONE,NONE,HOJO
EH5_Siemens012/jai_0001474_210_726.png,MICR,NONE,NONE,BAST
EH5_Siemens012/jai_0001353_1286_1185.png,NORM,HELM,NONE,"BAST, HOJO"
EH5_Siemens013/jai_0001193_1512_1148.png,MICR,NONE,NONE,NONE
EH5_Siemens008/jai_0001145_483_807.png,NORM,NONE,NONE,NONE
CDB_Sample030/jai_0000142_680_582.png,MICR,NONE,HYPO,NONE
EH5_Siemens012/jai_0001173_1272_157.png,NORM,NONE,NONE,"BAST, RETI"
CDB_Sample189/jai_0000248_1594_596.png,NORM,SICK,NONE,NONE
EH5_Siemens012/jai_0000019_887_178.png,NORM,NONE,HYPR,NONE
EH5_Siemens012/jai_0000003_723_1112.png,NORM,NONE,STOM,NONE
CDB_Sample156/jai_0000349_1019_698.png,MICR,SPHE,NONE,NONE
EH5_Siemens029/jai_0000822_1461_278.png,NORM,TEAR,NONE,NONE
EH5_Siemens012/jai_0000019_661_1215.png,NORM,NONE,HYPO,NONE
CDB_Sample189/jai_0000033_1277_554.png,NORM,NONE,NONE,PABO
CDB_Sample030/jai_0000235_579_358.png,NORM,OVAL,HYPO,NONE
EH5_Siemens029/jai_0000695_610_559.png,NORM,NONE,NONE,RETI
EH5_Siemens083/jai_0000181_1795_1012.png,NORM,OVAL,NONE,"BAST, RETI"
EH5_Siemens012/jai_0000147_972_832.png,MICR,NONE,NONE,BAST
EH5_Siemens083/jai_0000181_1795_1012.png,NORM,OVAL,NONE,"BAST, RETI"
EH5_Siemens037/jai_0000653_250_668.png,NORM,ECHI,NONE,NONE
EH5_Siemens008/jai_0001392_797_1142.png,NORM,NONE,NONE,NONE
EH5_Siemens008/jai_0000150_678_454.png,NORM,NONE,NONE,NONE
EH5_Siemens012/jai_0000139_796_186.png,NORM,NONE,HYPO,NONE
EH5_Siemens012/jai_0000044_269_413.png,NORM,NONE,HYPO,NONE
CDB_Sample030/jai_0000148_1958_687.png,NORM,ELLI,NONE,NONE
EH5_Siemens083/jai_0000267_754_1396.png,MACR,NONE,TARG,NONE
CDB_Sample030/jai_0000231_1100_445.png,NORM,ELLI,NONE,NONE
CDB_Sample125/jai_0000353_591_944.png,NORM,NONE,NONE,MALA
EH5_Siemens012/jai_0000825_720_955.png,NORM,NONE,NONE,"BAST, RETI"
CDB_Sample125/jai_0000058_63_986.png,NORM,NONE,NONE,MALA
EH5_Siemens012/jai_0000063_1777_77.png,NORM,NONE,HYPO,NONE
CDB_Sample125/jai_0000053_619_1361.png,NORM,NONE,NONE,BAST
CDB_Sample030/jai_0000232_1733_70.png,MICR,NONE,NONE,NONE
CDB_Sample189/jai_0000038_751_204.png,NORM,NONE,NONE,"HOJO, RETI"
CDB_Sample030/jai_0000016_380_1209.png,MICR,NONE,NONE,NONE
EH5_Siemens012/jai_0000019_898_111.png,MACR,OVAL,HYPO,NONE
CDB_Sample189/jai_0000166_494_148.png,NORM,NONE,NONE,HOJO
CDB_Sample156/jai_0000097_1858_723.png,NORM,NONE,NONE,HOJO
EH5_Siemens012/jai_0001353_1286_1185.png,NORM,HELM,NONE,"BAST, HOJO"
EH5_Siemens012/jai_0000043_1432_839.png,NORM,NONE,NONE,NRBC
EH5_Siemens012/jai_0000264_1196_1287.png,NORM,NONE,NONE,"BAST, HOJO, RETI"
EH5_Siemens037/jai_0000570_616_542.png,NORM,OVAL,NONE,NONE
EH5_Siemens083/jai_0000356_789_558.png,NORM,NONE,NONE,NONE
EH5_Siemens029/jai_0000525_1733_579.png,NORM,NONE,NONE,NONE
EH5_Siemens012/jai_0000182_227_975.png,MICR,NONE,NONE,"BAST, RETI"
EH5_Siemens083/jai_0001472_543_113.png,MACR,NONE,NONE,BAST
CDB_Sample012/jai_0000116_1335_510.png,MICR,NONE,NONE,NONE
EH5_Siemens012/jai_0000044_69_126.png,NORM,NONE,NONE,NRBC
EH5_Siemens029/jai_0000569_1794_816.png,MICR,SPHE,NONE,NONE
CDB_Sample030/jai_0000146_300_153.png,NORM,NONE,NONE,NONE
CDB_Sample189/jai_0000294_1179_808.png,NORM,NONE,HYPO,NONE
EH5_Siemens083/jai_0000179_1659_646.png,NORM,OVAL,NONE,NONE
EH5_Siemens083/jai_0000183_1646_960.png,NORM,NONE,NONE,"BAST, RETI"
EH5_Siemens012/jai_0000139_553_664.png,NORM,NONE,HYPO,"BAST, RETI"
EH5_Siemens012/jai_0000147_855_1383.png,NORM,NONE,HYPO,NONE
CDB_Sample156/jai_0000266_1936_161.png,NORM,ACAN,NONE,NONE
EH5_Siemens012/jai_0000043_908_1424.png,NORM,NONE,NONE,NRBC
CDB_Sample189/jai_0000247_608_771.png,NORM,NONE,NONE,HOJO
EH5_Siemens012/jai_0000057_1569_1060.png,NORM,NONE,NONE,NRBC
CDB_Sample030/jai_0000146_180_1185.png,MICR,SPHE,NONE,NONE
CDB_Sample030/jai_0000188_1127_689.png,NORM,NONE,NONE,NONE
EH5_Siemens029/jai_0000133_1537_950.png,NORM,NONE,NONE,NONE
EH5_Siemens029/jai_0000439_1848_1230.png,NORM,NONE,STOM,NONE
CDB_Sample125/jai_0000055_1917_68.png,NORM,NONE,NONE,MALA
CDB_Sample012/jai_0000109_994_600.png,NORM,NONE,NONE,NONE
EH5_Siemens012/jai_0000139_1436_643.png,NORM,NONE,NONE,"BAST, RETI"
EH5_Siemens012/jai_0001599_995_346.png,MICR,NONE,NONE,BAST
EH5_Siemens029/jai_0000569_623_199.png,NORM,TEAR,NONE,NONE
CDB_Sample189/jai_0000377_1574_1101.png,NORM,NONE,NONE,NONE
EH5_Siemens029/jai_0000439_1213_316.png,NORM,NONE,NONE,NONE
CDB_Sample189/jai_0000379_1457_307.png,NORM,NONE,NONE,NONE
EH5_Siemens029/jai_0000822_1337_1129.png,NORM,NONE,NONE,NONE
CDB_Sample030/jai_0000145_915_326.png,MICR,NONE,NONE,NONE
EH5_Siemens012/jai_0000019_1220_1095.png,NORM,NONE,HYPR,NONE
EH5_Siemens012/jai_0000046_581_182.png,NORM,OVAL,HYPR,NONE
EH5_Siemens012/jai_0001353_1286_1185.png,NORM,HELM,NONE,"BAST, HOJO"
EH5_Siemens083/jai_0000182_1407_395.png,MICR,NONE,NONE,NONE
CDB_Sample030/jai_0000142_904_72.png,MICR,SPHE,NONE,NONE
EH5_Siemens012/jai_0000019_701_209.png,NORM,NONE,TARG,NONE
CDB_Sample125/jai_0000055_506_1290.png,NORM,ECHI,NONE,NONE
EH5_Siemens012/jai_0000187_1025_815.png,NORM,NONE,NONE,NRBC
EH5_Siemens037/jai_0000483_1342_530.png,MACR,NONE,HYPR,NONE
EH5_Siemens012/jai_0000019_768_1233.png,NORM,NONE,HYPR,NONE
EH5_Siemens008/jai_0001186_580_636.png,NORM,NONE,NONE,NONE
EH5_Siemens083/jai_0000016_31_117.png,NORM,HELM,NONE,NONE
EH5_Siemens037/jai_0000009_1383_609.png,NORM,ECHI,NONE,NONE
EH5_Siemens012/jai_0000147_856_1290.png,NORM,NONE,NONE,NONE
CDB_Sample125/jai_0000014_584_96.png,NORM,NONE,NONE,NONE
CDB_Sample030/jai_0000185_1169_944.png,NORM,OVAL,HYPO,NONE
CDB_Sample012/jai_0000031_1274_155.png,NORM,NONE,NONE,NONE
CDB_Sample030/jai_0000062_563_1054.png,NORM,NONE,HYPO,NONE
CDB_Sample156/jai_0000352_1868_1102.png,NORM,ACAN,NONE,NONE
EH5_Siemens012/jai_0000057_1427_1132.png,NORM,NONE,NONE,NRBC
CDB_Sample125/jai_0000317_209_1039.png,NORM,NONE,NONE,MALA
CDB_Sample156/jai_0000268_87_1142.png,NORM,NONE,NONE,NONE
EH5_Siemens008/jai_0000150_845_161.png,NORM,NONE,NONE,NONE
CDB_Sample156/jai_0000520_1641_296.png,NORM,NONE,NONE,NONE
EH5_Siemens083/jai_0000058_1093_262.png,NORM,NONE,NONE,NONE
EH5_Siemens012/jai_0001261_1435_477.png,NORM,NONE,NONE,"BAST, RETI"
EH5_Siemens012/jai_0001353_1286_1185.png,NORM,HELM,NONE,"BAST, HOJO"
EH5_Siemens037/jai_0000526_1739_622.png,NORM,NONE,TARG,NONE
CDB_Sample189/jai_0000114_501_648.png,NORM,NONE,NONE,RETI
EH5_Siemens012/jai_0000527_454_908.png,NORM,NONE,NONE,"BAST, RETI"
EH5_Siemens037/jai_0000135_714_163.png,NORM,OVAL,HYPR,NONE
CDB_Sample189/jai_0000162_1019_981.png,NORM,NONE,NONE,NONE
CDB_Sample030/jai_0000231_494_725.png,MICR,ELLI,NONE,NONE
EH5_Siemens083/jai_0000098_384_960.png,MICR,NONE,NONE,NONE
EH5_Siemens003/jai_0000278_1837_310.png,NORM,NONE,NONE,NONE
EH5_Siemens037/jai_0000527_846_1042.png,NORM,NONE,NONE,NONE
EH5_Siemens012/jai_0001268_1072_216.png,MICR,OVAL,NONE,"HOJO, RETI"
EH5_Siemens013/jai_0001155_445_1027.png,NORM,NONE,NONE,NONE
CDB_Sample189/jai_0000162_1355_1268.png,NORM,NONE,NONE,HOJO
EH5_Siemens045/jai_0000010_1776_693.png,MICR,SCHI,NONE,NONE
EH5_Siemens012/jai_0001173_1495_196.png,MICR,NONE,NONE,BAST
CDB_Sample189/jai_0000334_472_416.png,NORM,NONE,HYPO,PABO
EH5_Siemens012/jai_0000264_1196_1287.png,NORM,NONE,NONE,"BAST, HOJO, RETI"
EH5_Siemens045/jai_0000187_518_1150.png,MICR,SCHI,NONE,NONE
EH5_Siemens013/jai_0001060_805_994.png,NORM,TEAR,NONE,NONE
EH5_Siemens037/jai_0000358_491_793.png,NORM,NONE,NONE,NONE
CDB_Sample012/jai_0000029_1280_49.png,NORM,NONE,NONE,NONE
CDB_Sample030/jai_0000272_1558_1110.png,NORM,NONE,NONE,NONE
CDB_Sample125/jai_0000058_1550_1369.png,NORM,NONE,NONE,MALA
EH5_Siemens012/jai_0001353_1286_1185.png,NORM,HELM,NONE,"BAST, HOJO"
EH5_Siemens012/jai_0000147_972_832.png,MICR,NONE,NONE,BAST
CDB_Sample189/jai_0000249_344_76.png,NORM,NONE,NONE,PABO
CDB_Sample030/jai_0000101_1530_1409.png,MICR,NONE,HYPO,NONE
EH5_Siemens003/jai_0000158_989_1393.png,NORM,NONE,HYPR,NONE
CDB_Sample189/jai_0000121_1610_560.png,NORM,NONE,NONE,PABO
EH5_Siemens041/jai_0000146_94_135.png,NORM,HELM,NONE,NONE
EH5_Siemens029/jai_0000440_544_357.png,MICR,SPHE,NONE,NONE
CDB_Sample156/jai_0000609_189_320.png,NORM,ACAN,NONE,NONE
EH5_Siemens012/jai_0000019_1255_100.png,NORM,NONE,NONE,"BAST, RETI"
EH5_Siemens008/jai_0000578_280_796.png,NORM,NONE,HYPO,NONE
EH5_Siemens008/jai_0001186_1030_397.png,NORM,NONE,NONE,NONE
CDB_Sample156/jai_0000308_920_968.png,NORM,ACAN,NONE,NONE
CDB_Sample125/jai_0000014_202_1032.png,NORM,NONE,NONE,MALA
CDB_Sample156/jai_0000094_1110_1390.png,NORM,NONE,NONE,NONE
EH5_Siemens083/jai_0000309_599_1202.png,NORM,NONE,HYPO,NONE
CDB_Sample189/jai_0000038_751_204.png,NORM,NONE,NONE,"HOJO, RETI"
EH5_Siemens012/jai_0000192_681_77.png,NORM,NONE,HYPO,NONE
EH5_Siemens083/jai_0000058_32_160.png,NORM,OVAL,HYPR,NONE
EH5_Siemens012/jai_0000063_46_681.png,NORM,ECHI,NONE,NONE
EH5_Siemens013/jai_0000119_1753_1187.png,MICR,NONE,NONE,NONE
CDB_Sample030/jai_0000020_618_1011.png,NORM,ELLI,NONE,NONE
EH5_Siemens045/jai_0000187_518_1150.png,MICR,SCHI,NONE,NONE
EH5_Siemens037/jai_0000356_1085_1369.png,NORM,ECHI,NONE,NONE
CDB_Sample189/jai_0000166_370_1150.png,NORM,NONE,HYPO,NONE
EH5_Siemens083/jai_0000184_674_614.png,MACR,NONE,TARG,NONE
EH5_Siemens012/jai_0000277_1329_471.png,NORM,NONE,HYPO,RETI
EH5_Siemens083/jai_0000181_1795_1012.png,NORM,OVAL,NONE,"BAST, RETI"
CDB_Sample156/jai_0000352_236_280.png,NORM,NONE,NONE,NONE
EH5_Siemens012/jai_0000951_513_920.png,NORM,NONE,NONE,"BAST, HOJO, RETI"
CDB_Sample189/jai_0000163_1171_66.png,NORM,ELLI,NONE,NONE
EH5_Siemens037/jai_0000135_477_1165.png,NORM,NONE,NONE,NONE
CDB_Sample189/jai_0000163_722_1266.png,NORM,NONE,NONE,HOJO
EH5_Siemens012/jai_0000057_1366_312.png,NORM,OVAL,NONE,"BAST, RETI"
EH5_Siemens012/jai_0000174_938_1403.png,NORM,NONE,NONE,NRBC
EH5_Siemens012/jai_0001437_654_1314.png,NORM,OVAL,NONE,"BAST, HOJO"
CDB_Sample030/jai_0000020_1967_986.png,NORM,NONE,NONE,BAST
CDB_Sample030/jai_0000142_1291_1001.png,NORM,NONE,NONE,NONE
EH5_Siemens029/jai_0000052_1053_577.png,NORM,NONE,NONE,NONE
EH5_Siemens083/jai_0000182_201_625.png,NORM,NONE,NONE,"BAST, RETI"
EH5_Siemens013/jai_0000119_1298_712.png,NORM,NONE,NONE,NONE
CDB_Sample030/jai_0000233_1223_399.png,NORM,NONE,NONE,NONE
EH5_Siemens012/jai_0000951_513_920.png,NORM,NONE,NONE,"BAST, HOJO, RETI"
CDB_Sample189/jai_0000246_627_1140.png,NORM,SICK,NONE,NONE
EH5_Siemens037/jai_0000657_877_312.png,MACR,NONE,NONE,NONE
EH5_Siemens008/jai_0001394_1855_818.png,NORM,NONE,NONE,NONE
CDB_Sample030/jai_0000233_138_95.png,NORM,NONE,NONE,BAST
CDB_Sample125/jai_0000055_354_150.png,NORM,NONE,NONE,NONE
EH5_Siemens083/jai_0000402_981_586.png,MICR,NONE,HYPO,NONE
EH5_Siemens013/jai_0000544_1086_1347.png,NORM,NONE,NONE,NONE
EH5_Siemens012/jai_0001173_1272_157.png,NORM,NONE,NONE,"BAST, RETI"
EH5_Siemens045/jai_0000134_668_1124.png,MICR,SCHI,NONE,NONE
EH5_Siemens013/jai_0000074_274_1437.png,NORM,ELLI,NONE,NONE
EH5_Siemens083/jai_0000185_855_1090.png,MACR,OVAL,HYPR,NONE
EH5_Siemens012/jai_0000043_908_1424.png,NORM,NONE,NONE,NRBC
EH5_Siemens003/jai_0000236_643_923.png,NORM,NONE,NONE,NONE
CDB_Sample156/jai_0000309_180_779.png,NORM,ECHI,NONE,NONE
EH5_Siemens012/jai_0001268_1072_216.png,MICR,OVAL,NONE,"HOJO, RETI"
CDB_Sample012/jai_0000116_72_394.png,NORM,NONE,NONE,BAST
EH5_Siemens083/jai_0000016_816_775.png,MICR,NONE,NONE,NONE
EH5_Siemens012/jai_0001599_995_346.png,MICR,NONE,NONE,BAST
CDB_Sample125/jai_0000055_539_159.png,NORM,NONE,NONE,MALA
EH5_Siemens083/jai_0000181_726_859.png,NORM,NONE,HYPO,NONE
EH5_Siemens083/jai_0000401_1945_46.png,NORM,HELM,NONE,NONE
EH5_Siemens037/jai_0000568_1818_554.png,NORM,NONE,NONE,NONE
EH5_Siemens012/jai_0001437_654_1314.png,NORM,OVAL,NONE,"BAST, HOJO"
EH5_Siemens012/jai_0000043_86_1253.png,NORM,NONE,NONE,BAST
EH5_Siemens008/jai_0000578_654_223.png,NORM,NONE,NONE,NONE
EH5_Siemens012/jai_0000264_1196_1287.png,NORM,NONE,NONE,"BAST, HOJO, RETI"
CDB_Sample189/jai_0000290_473_393.png,NORM,NONE,NONE,NONE
EH5_Siemens083/jai_0000014_335_246.png,NORM,NONE,HYPO,NONE
CDB_Sample030/jai_0000015_1105_1152.png,NORM,NONE,NONE,NONE
EH5_Siemens012/jai_0001353_1286_1185.png,NORM,HELM,NONE,"BAST, HOJO"
EH5_Siemens029/jai_0000184_1036_335.png,MICR,NONE,NONE,NONE
EH5_Siemens012/jai_0001353_1286_1185.png,NORM,HELM,NONE,"BAST, HOJO"
CDB_Sample156/jai_0000051_89_1155.png,NORM,ECHI,NONE,NONE
EH5_Siemens083/jai_0000058_1391_1310.png,NORM,NONE,HYPO,NONE
EH5_Siemens003/jai_0000980_1122_152.png,NORM,NONE,NONE,NONE
EH5_Siemens008/jai_0001422_1144_249.png,MICR,NONE,NONE,NONE
CDB_Sample030/jai_0000233_69_450.png,NORM,NONE,HYPO,NONE
EH5_Siemens029/jai_0000353_810_648.png,NORM,NONE,NONE,NONE
EH5_Siemens012/jai_0001353_1286_1185.png,NORM,HELM,NONE,"BAST, HOJO"
CDB_Sample125/jai_0000185_813_799.png,NORM,NONE,NONE,NONE
EH5_Siemens012/jai_0000318_1944_710.png,MICR,SCHI,NONE,NONE
EH5_Siemens029/jai_0000873_1628_903.png,NORM,NONE,HYPO,NONE
CDB_Sample125/jai_0000051_892_607.png,NORM,NONE,NONE,MALA
EH5_Siemens029/jai_0000048_1793_242.png,NORM,NONE,HYPO,NONE
EH5_Siemens012/jai_0000174_360_339.png,NORM,BITE,NONE,NONE
CDB_Sample125/jai_0000265_1128_1017.png,NORM,NONE,NONE,NONE
EH5_Siemens041/jai_0000146_505_974.png,NORM,BITE,NONE,NONE
EH5_Siemens045/jai_0000184_398_749.png,MICR,SCHI,NONE,NONE
EH5_Siemens012/jai_0000059_1730_1369.png,NORM,NONE,TARG,NONE
CDB_Sample125/jai_0000273_828_81.png,NORM,NONE,NONE,MALA
CDB_Sample125/jai_0000097_1823_179.png,NORM,NONE,NONE,NONE
EH5_Siemens045/jai_0000137_401_884.png,MICR,SCHI,NONE,NONE
EH5_Siemens008/jai_0001437_1110_227.png,NORM,BITE,NONE,NONE
EH5_Siemens012/jai_0000264_1196_1287.png,NORM,NONE,NONE,"BAST, HOJO, RETI"
EH5_Siemens029/jai_0000052_1160_719.png,MICR,SPHE,NONE,NONE
EH5_Siemens013/jai_0000544_1206_162.png,NORM,NONE,NONE,NONE
EH5_Siemens012/jai_0000059_1789_295.png,NORM,NONE,NONE,NRBC
EH5_Siemens012/jai_0000264_1196_1287.png,NORM,NONE,NONE,"BAST, HOJO, RETI"
CDB_Sample030/jai_0000020_618_1011.png,NORM,ELLI,NONE,NONE
CDB_Sample189/jai_0000288_246_375.png,NORM,NONE,NONE,PABO
EH5_Siemens083/jai_0000223_1740_713.png,NORM,NONE,TARG,NONE
EH5_Siemens029/jai_0000654_916_783.png,NORM,NONE,NONE,NONE
EH5_Siemens012/jai_0000192_1894_814.png,NORM,NONE,TARG,NONE
EH5_Siemens083/jai_0001387_706_396.png,MICR,NONE,NONE,NONE
EH5_Siemens008/jai_0000578_1265_173.png,NORM,BITE,NONE,NONE
EH5_Siemens083/jai_0000309_1609_389.png,NORM,NONE,HYPO,NONE
EH5_Siemens037/jai_0000482_1583_53.png,NORM,NONE,HYPR,NONE
CDB_Sample030/jai_0000189_586_1022.png,MICR,NONE,NONE,NONE
EH5_Siemens013/jai_0000413_1705_457.png,NORM,TEAR,NONE,NONE
CDB_Sample125/jai_0000181_451_89.png,NORM,NONE,HYPO,NONE
CDB_Sample189/jai_0000335_384_802.png,NORM,NONE,NONE,HOJO
CDB_Sample125/jai_0000263_991_312.png,NORM,ACAN,NONE,NONE
EH5_Siemens012/jai_0000951_513_920.png,NORM,NONE,NONE,"BAST, HOJO, RETI"
EH5_Siemens012/jai_0001268_1072_216.png,MICR,OVAL,NONE,"HOJO, RETI"
EH5_Siemens083/jai_0000142_1204_271.png,NORM,NONE,HYPO,NONE
EH5_Siemens012/jai_0001006_631_444.png,NORM,NONE,TARG,BAST
EH5_Siemens012/jai_0000043_1432_839.png,NORM,NONE,NONE,NRBC
CDB_Sample156/jai_0000607_1473_1090.png,NORM,ECHI,NONE,NONE
CDB_Sample030/jai_0000062_733_160.png,MICR,NONE,NONE,NONE
CDB_Sample189/jai_0000337_1873_779.png,NORM,NONE,NONE,PABO
EH5_Siemens037/jai_0000135_600_446.png,NORM,NONE,HYPR,NONE
CDB_Sample156/jai_0000609_1473_598.png,NORM,ECHI,NONE,NONE
EH5_Siemens012/jai_0000318_118_730.png,NORM,NONE,NONE,NRBC
CDB_Sample156/jai_0000568_586_191.png,NORM,NONE,NONE,NONE
CDB_Sample030/jai_0000188_1706_39.png,NORM,TEAR,NONE,NONE
CDB_Sample156/jai_0000351_835_756.png,NORM,NONE,HYPO,NONE
EH5_Siemens029/jai_0000653_591_1061.png,MICR,NONE,NONE,NONE
CDB_Sample125/jai_0000096_1777_754.png,NORM,NONE,NONE,NONE
CDB_Sample189/jai_0000117_497_104.png,NORM,NONE,NONE,PABO
EH5_Siemens012/jai_0000318_850_197.png,MACR,NONE,NONE,NONE
EH5_Siemens012/jai_0001514_830_856.png,NORM,NONE,HYPR,"BAST, RETI"
CDB_Sample030/jai_0000101_767_435.png,MICR,NONE,NONE,NONE
EH5_Siemens037/jai_0000482_776_887.png,NORM,NONE,TARG,NONE
CDB_Sample125/jai_0000057_1578_1241.png,NORM,ECHI,NONE,NONE
CDB_Sample156/jai_0000651_441_1187.png,NORM,NONE,NONE,NONE
EH5_Siemens008/jai_0000583_924_440.png,NORM,NONE,NONE,NONE
CDB_Sample030/jai_0000232_672_1101.png,NORM,OVAL,NONE,NONE
CDB_Sample012/jai_0000113_572_1438.png,NORM,NONE,NONE,NONE
EH5_Siemens012/jai_0000187_1025_815.png,NORM,NONE,NONE,NRBC
EH5_Siemens029/jai_0000440_31_696.png,NORM,NONE,NONE,NONE
CDB_Sample189/jai_0000118_363_380.png,NORM,SICK,NONE,NONE
CDB_Sample030/jai_0000233_138_95.png,NORM,NONE,NONE,BAST
EH5_Siemens041/jai_0000146_931_522.png,NORM,HELM,NONE,NONE
CDB_Sample189/jai_0000163_1783_971.png,NORM,NONE,NONE,NONE
EH5_Siemens045/jai_0000186_1508_995.png,MICR,SCHI,NONE,NONE
EH5_Siemens008/jai_0000287_1586_325.png,NORM,NONE,HYPO,NONE
CDB_Sample125/jai_0000317_995_883.png,NORM,NONE,NONE,MALA
EH5_Siemens083/jai_0000184_605_417.png,NORM,NONE,NONE,"BAST, RETI"
EH5_Siemens083/jai_0000356_1538_370.png,NORM,NONE,STOM,NONE
CDB_Sample030/jai_0000188_141_1045.png,MICR,NONE,NONE,NONE
EH5_Siemens013/jai_0001114_983_453.png,NORM,NONE,NONE,RETI
EH5_Siemens012/jai_0000179_921_876.png,NORM,NONE,NONE,NRBC
EH5_Siemens012/jai_0000059_1789_295.png,NORM,NONE,NONE,NRBC
EH5_Siemens029/jai_0000479_532_237.png,NORM,OVAL,NONE,NONE
CDB_Sample030/jai_0000013_1346_1077.png,NORM,NONE,HYPO,NONE
CDB_Sample189/jai_0000372_1676_1021.png,NORM,NONE,NONE,HOJO
CDB_Sample189/jai_0000161_1556_854.png,NORM,NONE,NONE,PABO
CDB_Sample012/jai_0000156_815_959.png,NORM,NONE,NONE,"BAST, RETI"
EH5_Siemens008/jai_0000578_1265_173.png,NORM,BITE,NONE,NONE
EH5_Siemens008/jai_0000021_314_252.png,NORM,OVAL,NONE,NONE
CDB_Sample125/jai_0000353_591_944.png,NORM,NONE,NONE,MALA
EH5_Siemens013/jai_0000071_1359_876.png,NORM,NONE,NONE,NONE
CDB_Sample156/jai_0000140_1220_1045.png,NORM,NONE,NONE,NONE
EH5_Siemens003/jai_0000744_539_1157.png,NORM,NONE,NONE,HOJO
EH5_Siemens012/jai_0000063_118_1443.png,NORM,NONE,HYPO,NONE
CDB_Sample030/jai_0000140_1602_966.png,NORM,ELLI,HYPO,NONE
EH5_Siemens012/jai_0000003_294_36.png,NORM,NONE,TARG,NONE
EH5_Siemens012/jai_0000264_1196_1287.png,NORM,NONE,NONE,"BAST, HOJO, RETI"
EH5_Siemens003/jai_0000976_1251_1262.png,NORM,NONE,HYPR,RETI
CDB_Sample156/jai_0000182_1159_109.png,NORM,NONE,NONE,NONE
EH5_Siemens029/jai_0000692_1555_482.png,NORM,NONE,NONE,NONE
CDB_Sample030/jai_0000057_1320_725.png,NORM,ELLI,HYPO,NONE
EH5_Siemens012/jai_0000264_1196_1287.png,NORM,NONE,NONE,"BAST, HOJO, RETI"
EH5_Siemens013/jai_0000158_1521_483.png,NORM,TEAR,NONE,NONE
EH5_Siemens045/jai_0000184_1179_548.png,MICR,SCHI,NONE,NONE
CDB_Sample189/jai_0000115_1328_266.png,NORM,SICK,NONE,NONE
CDB_Sample125/jai_0000263_1332_1254.png,NORM,HELM,NONE,NONE
EH5_Siemens037/jai_0000358_1793_654.png,NORM,OVAL,NONE,NONE
EH5_Siemens003/jai_0000060_1024_971.png,NORM,NONE,HYPR,NONE
CDB_Sample156/jai_0000606_354_761.png,NORM,ECHI,NONE,NONE
EH5_Siemens008/jai_0001145_932_732.png,NORM,NONE,NONE,NONE
CDB_Sample012/jai_0000067_1885_804.png,MICR,NONE,NONE,NONE
EH5_Siemens037/jai_0000135_1577_823.png,NORM,NONE,NONE,HOJO
EH5_Siemens012/jai_0000136_1546_115.png,NORM,NONE,TARG,NONE
EH5_Siemens013/jai_0001067_1508_1001.png,NORM,NONE,NONE,NONE
EH5_Siemens013/jai_0001060_133_183.png,NORM,ECHI,NONE,NONE
EH5_Siemens008/jai_0000749_940_1339.png,NORM,NONE,NONE,NONE
EH5_Siemens037/jai_0000656_1898_383.png,NORM,NONE,TARG,NONE
EH5_Siemens008/jai_0000277_511_500.png,MICR,NONE,NONE,NONE
EH5_Siemens037/jai_0000358_1505_934.png,NORM,ECHI,NONE,NONE
EH5_Siemens012/jai_0000019_1056_955.png,NORM,NONE,HYPO,NONE
EH5_Siemens029/jai_0000569_1855_259.png,MICR,NONE,NONE,NONE
EH5_Siemens083/jai_0000184_613_774.png,MICR,NONE,NONE,"BAST, RETI"
EH5_Siemens012/jai_0000059_1502_898.png,NORM,NONE,HYPO,NONE
EH5_Siemens029/jai_0000692_1433_1437.png,NORM,NONE,NONE,NONE
EH5_Siemens012/jai_0000063_707_27.png,NORM,NONE,NONE,NONE
CDB_Sample125/jai_0000315_1104_557.png,NORM,NONE,NONE,MALA
EH5_Siemens013/jai_0000758_332_329.png,NORM,NONE,NONE,RETI
EH5_Siemens012/jai_0001261_1435_477.png,NORM,NONE,NONE,"BAST, RETI"
EH5_Siemens008/jai_0001394_1081_617.png,NORM,OVAL,NONE,NONE
CDB_Sample125/jai_0000058_1935_1191.png,NORM,NONE,NONE,NONE
EH5_Siemens013/jai_0001114_1873_348.png,NORM,TEAR,NONE,NONE
EH5_Siemens013/jai_0000414_1471_1168.png,NORM,NONE,NONE,RETI
CDB_Sample030/jai_0000235_1852_140.png,NORM,NONE,HYPO,NONE
EH5_Siemens012/jai_0000019_73_110.png,NORM,ELLI,HYPO,NONE
EH5_Siemens012/jai_0000057_1569_1060.png,NORM,NONE,NONE,NRBC
CDB_Sample189/jai_0000038_751_204.png,NORM,NONE,NONE,"HOJO, RETI"
CDB_Sample125/jai_0000355_1688_1278.png,NORM,NONE,NONE,MALA
CDB_Sample030/jai_0000018_321_229.png,NORM,ELLI,NONE,NONE
EH5_Siemens012/jai_0000174_221_182.png,MICR,NONE,NONE,"BAST, RETI"
CDB_Sample030/jai_0000189_1024_1300.png,NORM,TEAR,NONE,NONE
EH5_Siemens037/jai_0000613_1874_46.png,NORM,ECHI,NONE,NONE
CDB_Sample156/jai_0000051_1641_272.png,NORM,NONE,NONE,NONE
EH5_Siemens008/jai_0000287_1215_691.png,MICR,SPHE,NONE,NONE
EH5_Siemens029/jai_0000654_831_797.png,NORM,NONE,NONE,NONE
CDB_Sample156/jai_0000567_1245_743.png,NORM,ECHI,NONE,NONE
EH5_Siemens012/jai_0000057_1023_991.png,NORM,NONE,TARG,NONE
CDB_Sample156/jai_0000307_121_864.png,NORM,ECHI,NONE,NONE
CDB_Sample125/jai_0000051_1712_123.png,NORM,NONE,NONE,MALA
EH5_Siemens037/jai_0000568_1504_1449.png,NORM,ECHI,NONE,NONE
CDB_Sample125/jai_0000271_1423_887.png,NORM,NONE,NONE,MALA
CDB_Sample012/jai_0000197_817_855.png,NORM,NONE,NONE,RETI
EH5_Siemens012/jai_0001437_654_1314.png,NORM,OVAL,NONE,"BAST, HOJO"
EH5_Siemens013/jai_0000847_1322_631.png,MICR,NONE,NONE,NONE
EH5_Siemens045/jai_0000020_1847_624.png,MICR,SCHI,NONE,NONE
CDB_Sample189/jai_0000374_872_1393.png,NORM,NONE,NONE,NONE
CDB_Sample189/jai_0000033_823_600.png,NORM,SICK,NONE,NONE
EH5_Siemens012/jai_0000147_1682_374.png,NORM,NONE,NONE,NRBC
EH5_Siemens029/jai_0000653_789_251.png,NORM,NONE,HYPO,NONE
EH5_Siemens008/jai_0000621_1943_320.png,NORM,NONE,NONE,NONE
EH5_Siemens012/jai_0000951_513_920.png,NORM,NONE,NONE,"BAST, HOJO, RETI"
EH5_Siemens012/jai_0000059_338_690.png,NORM,NONE,NONE,"BAST, RETI"
CDB_Sample030/jai_0000145_297_1455.png,NORM,ECHI,NONE,NONE
EH5_Siemens003/jai_0000976_1971_1433.png,NORM,NONE,NONE,NONE
EH5_Siemens013/jai_0000158_358_468.png,MICR,NONE,NONE,NONE
EH5_Siemens012/jai_0001353_885_1111.png,NORM,NONE,HYPR,"BAST, RETI"
EH5_Siemens012/jai_0000264_507_622.png,NORM,NONE,NONE,"BAST, RETI"
EH5_Siemens008/jai_0001610_92_564.png,NORM,BITE,NONE,NONE
CDB_Sample125/jai_0000267_669_64.png,NORM,NONE,NONE,MALA
EH5_Siemens012/jai_0000318_118_730.png,NORM,NONE,NONE,NRBC
EH5_Siemens012/jai_0000174_1112_337.png,NORM,NONE,TARG,NONE
EH5_Siemens083/jai_0001430_574_1337.png,NORM,NONE,HYPR,NONE
EH5_Siemens008/jai_0000022_1111_605.png,NORM,NONE,NONE,NONE
EH5_Siemens013/jai_0000119_894_425.png,NORM,NONE,NONE,RETI
EH5_Siemens083/jai_0000015_1573_1049.png,NORM,NONE,HYPO,NONE
EH5_Siemens012/jai_0000057_1569_1060.png,NORM,NONE,NONE,NRBC
CDB_Sample189/jai_0000081_1850_879.png,NORM,NONE,NONE,HOJO
CDB_Sample189/jai_0000117_497_104.png,NORM,NONE,NONE,PABO
CDB_Sample030/jai_0000229_108_1436.png,NORM,NONE,NONE,NONE
EH5_Siemens029/jai_0000440_227_316.png,NORM,NONE,NONE,NONE
CDB_Sample189/jai_0000034_819_226.png,NORM,NONE,NONE,PABO
CDB_Sample189/jai_0000163_338_604.png,NORM,HELM,NONE,NONE
EH5_Siemens008/jai_0001145_802_407.png,NORM,NONE,NONE,NONE
EH5_Siemens012/jai_0001437_654_1314.png,NORM,OVAL,NONE,"BAST, HOJO"
CDB_Sample189/jai_0000038_751_204.png,NORM,NONE,NONE,"HOJO, RETI"
EH5_Siemens083/jai_0000356_1290_1032.png,NORM,NONE,NONE,"BAST, RETI"
CDB_Sample125/jai_0000271_1569_1213.png,NORM,NONE,NONE,NONE
CDB_Sample012/jai_0000024_1402_833.png,MICR,NONE,NONE,NONE
CDB_Sample012/jai_0000063_1270_616.png,NORM,NONE,NONE,RETI
EH5_Siemens012/jai_0001268_1072_216.png,MICR,OVAL,NONE,"HOJO, RETI"
EH5_Siemens045/jai_0000184_1650_237.png,NORM,BITE,NONE,NONE
CDB_Sample189/jai_0000248_616_88.png,NORM,NONE,NONE,HOJO
EH5_Siemens037/jai_0000482_1586_964.png,NORM,NONE,HYPR,NONE
EH5_Siemens012/jai_0001353_1286_1185.png,NORM,HELM,NONE,"BAST, HOJO"
EH5_Siemens037/jai_0000526_970_135.png,NORM,ECHI,NONE,NONE
EH5_Siemens012/jai_0000044_1513_58.png,MICR,SCHI,NONE,NONE
EH5_Siemens003/jai_0000976_1417_1222.png,NORM,NONE,HYPO,NONE
CDB_Sample030/jai_0000015_1246_1041.png,NORM,NONE,NONE,NONE
CDB_Sample156/jai_0000266_1936_161.png,NORM,ACAN,NONE,NONE
EH5_Siemens037/jai_0000358_549_152.png,NORM,NONE,NONE,NONE
CDB_Sample030/jai_0000015_722_551.png,NORM,ELLI,NONE,NONE
EH5_Siemens012/jai_0000264_1196_1287.png,NORM,NONE,NONE,"BAST, HOJO, RETI"
CDB_Sample030/jai_0000273_1806_1299.png,MICR,NONE,HYPO,NONE
EH5_Siemens013/jai_0000417_58_584.png,NORM,NONE,NONE,NONE
EH5_Siemens041/jai_0001350_508_566.png,NORM,HELM,NONE,NONE
EH5_Siemens083/jai_0000182_87_960.png,NORM,NONE,HYPR,NONE
CDB_Sample189/jai_0000245_1959_152.png,NORM,NONE,HYPO,NONE
EH5_Siemens008/jai_0000241_1108_1070.png,NORM,OVAL,NONE,NONE
CDB_Sample030/jai_0000184_617_732.png,NORM,TEAR,NONE,NONE
EH5_Siemens008/jai_0001437_841_350.png,NORM,BITE,NONE,NONE
EH5_Siemens003/jai_0000872_437_917.png,NORM,NONE,NONE,RETI
EH5_Siemens083/jai_0001472_543_113.png,MACR,NONE,NONE,BAST
CDB_Sample030/jai_0000189_1832_1416.png,MICR,NONE,NONE,NONE
CDB_Sample156/jai_0000137_1642_456.png,NORM,ECHI,NONE,NONE
EH5_Siemens003/jai_0000263_1873_1178.png,MICR,SPHE,NONE,NONE
EH5_Siemens012/jai_0000179_921_876.png,NORM,NONE,NONE,NRBC
EH5_Siemens012/jai_0001268_1072_216.png,MICR,OVAL,NONE,"HOJO, RETI"
CDB_Sample189/jai_0000038_751_204.png,NORM,NONE,NONE,"HOJO, RETI"
CDB_Sample012/jai_0000063_1471_438.png,NORM,NONE,NONE,RETI
CDB_Sample125/jai_0000265_1416_584.png,NORM,NONE,NONE,MALA
CDB_Sample125/jai_0000095_684_329.png,NORM,NONE,NONE,MALA
CDB_Sample189/jai_0000250_172_729.png,NORM,NONE,HYPO,NONE
EH5_Siemens083/jai_0000064_1101_406.png,NORM,NONE,NONE,NONE
CDB_Sample125/jai_0000266_1116_502.png,NORM,NONE,HYPO,NONE
EH5_Siemens045/jai_0000186_1238_1003.png,MICR,SCHI,NONE,NONE
CDB_Sample189/jai_0000160_270_1010.png,NORM,NONE,NONE,HOJO
EH5_Siemens008/jai_0001392_963_1359.png,NORM,ELLI,NONE,NONE
EH5_Siemens012/jai_0001268_294_1421.png,MICR,NONE,NONE,BAST
EH5_Siemens083/jai_0000015_899_1176.png,NORM,NONE,TARG,NONE
CDB_Sample189/jai_0000293_368_1339.png,NORM,SICK,NONE,NONE
CDB_Sample189/jai_0000116_1767_970.png,NORM,NONE,STOM,NONE
EH5_Siemens083/jai_0000179_955_283.png,NORM,NONE,HYPO,NONE
CDB_Sample125/jai_0000317_209_1039.png,NORM,NONE,NONE,MALA
EH5_Siemens029/jai_0000695_1645_1372.png,NORM,NONE,HYPR,NONE
CDB_Sample030/jai_0000189_1165_839.png,NORM,NONE,NONE,NONE
EH5_Siemens012/jai_0000147_909_723.png,MICR,NONE,HYPO,NONE
CDB_Sample030/jai_0000185_1032_1400.png,MICR,NONE,NONE,NONE
EH5_Siemens037/jai_0000613_1759_768.png,MACR,NONE,NONE,NONE
EH5_Siemens012/jai_0000951_513_920.png,NORM,NONE,NONE,"BAST, HOJO, RETI"
EH5_Siemens037/jai_0000358_405_849.png,NORM,NONE,NONE,NONE
EH5_Siemens013/jai_0000758_1821_1197.png,NORM,TEAR,NONE,NONE
CDB_Sample189/jai_0000033_988_601.png,NORM,NONE,NONE,PABO
CDB_Sample189/jai_0000381_1500_1228.png,NORM,NONE,NONE,HOJO
EH5_Siemens012/jai_0000995_442_1239.png,MICR,NONE,NONE,BAST
CDB_Sample012/jai_0000069_174_228.png,NORM,NONE,NONE,NONE
CDB_Sample030/jai_0000020_1967_986.png,NORM,NONE,NONE,BAST
EH5_Siemens012/jai_0000003_1716_1128.png,NORM,NONE,STOM,NONE
EH5_Siemens041/jai_0001349_1760_535.png,MICR,SCHI,NONE,NONE
CDB_Sample030/jai_0000015_722_551.png,NORM,ELLI,NONE,NONE
CDB_Sample030/jai_0000144_1321_1120.png,NORM,NONE,NONE,NONE
EH5_Siemens012/jai_0001268_93_73.png,MICR,NONE,NONE,BAST
CDB_Sample156/jai_0000051_1892_265.png,NORM,NONE,NONE,NONE
EH5_Siemens012/jai_0001609_1420_692.png,NORM,NONE,HYPR,"BAST, RETI"
CDB_Sample030/jai_0000274_171_686.png,NORM,NONE,NONE,NONE
EH5_Siemens029/jai_0000695_894_127.png,NORM,NONE,NONE,NONE
CDB_Sample125/jai_0000352_1261_926.png,NORM,ECHI,NONE,NONE
EH5_Siemens003/jai_0000976_1220_907.png,MICR,NONE,NONE,NONE
EH5_Siemens012/jai_0000057_1427_1132.png,NORM,NONE,NONE,NRBC
EH5_Siemens029/jai_0000440_1079_819.png,MACR,NONE,HYPR,NONE
EH5_Siemens083/jai_0000267_822_1156.png,MICR,NONE,NONE,NONE
EH5_Siemens012/jai_0001353_1286_1185.png,NORM,HELM,NONE,"BAST, HOJO"
EH5_Siemens008/jai_0000148_56_897.png,NORM,NONE,NONE,NONE
CDB_Sample189/jai_0000292_1916_1315.png,MICR,SCHI,NONE,NONE
CDB_Sample030/jai_0000017_1288_901.png,NORM,TEAR,NONE,NONE
CDB_Sample030/jai_0000096_1307_262.png,MICR,NONE,NONE,NONE
EH5_Siemens012/jai_0000951_513_920.png,NORM,NONE,NONE,"BAST, HOJO, RETI"
EH5_Siemens013/jai_0000327_198_78.png,MICR,SPHE,NONE,NONE
CDB_Sample030/jai_0000233_138_95.png,NORM,NONE,NONE,BAST
CDB_Sample189/jai_0000334_472_416.png,NORM,NONE,HYPO,PABO
CDB_Sample189/jai_0000123_1856_1177.png,NORM,NONE,HYPO,NONE
EH5_Siemens012/jai_0000182_1473_473.png,NORM,NONE,TARG,NONE
EH5_Siemens012/jai_0001512_779_1122.png,NORM,NONE,NONE,NRBC
CDB_Sample189/jai_0000250_1137_526.png,NORM,NONE,NONE,NONE
CDB_Sample189/jai_0000251_1862_751.png,NORM,SICK,NONE,NONE
CDB_Sample125/jai_0000097_229_308.png,NORM,NONE,HYPO,NONE
EH5_Siemens012/jai_0000059_437_863.png,NORM,NONE,HYPO,NONE
CDB_Sample125/jai_0000226_900_235.png,NORM,NONE,NONE,MALA
EH5_Siemens014/jai_0000064_456_926.png,NORM,HELM,NONE,NONE
CDB_Sample030/jai_0000145_253_55.png,NORM,NONE,NONE,NONE
CDB_Sample156/jai_0000565_1436_1295.png,NORM,TEAR,NONE,NONE
EH5_Siemens029/jai_0000655_704_559.png,MICR,NONE,NONE,NONE
CDB_Sample189/jai_0000038_751_204.png,NORM,NONE,NONE,"HOJO, RETI"
CDB_Sample189/jai_0000079_854_155.png,NORM,ELLI,NONE,NONE
EH5_Siemens012/jai_0000174_938_1403.png,NORM,NONE,NONE,NRBC
EH5_Siemens012/jai_0000179_855_915.png,MICR,NONE,HYPO,NONE
EH5_Siemens029/jai_0000654_1430_1383.png,NORM,NONE,NONE,NONE
EH5_Siemens037/jai_0000611_305_1221.png,NORM,ECHI,NONE,NONE
CDB_Sample030/jai_0000060_1518_69.png,NORM,TEAR,NONE,NONE
CDB_Sample012/jai_0000106_1873_954.png,NORM,NONE,NONE,NONE
EH5_Siemens012/jai_0000951_513_920.png,NORM,NONE,NONE,"BAST, HOJO, RETI"
CDB_Sample189/jai_0000040_476_955.png,NORM,NONE,HYPO,NONE
CDB_Sample125/jai_0000266_1531_722.png,NORM,NONE,NONE,MALA
CDB_Sample189/jai_0000033_988_601.png,NORM,NONE,NONE,PABO
CDB_Sample030/jai_0000013_1143_563.png,MICR,NONE,NONE,NONE
EH5_Siemens029/jai_0000439_906_1200.png,MICR,NONE,NONE,NONE
EH5_Siemens012/jai_0001268_1072_216.png,MICR,OVAL,NONE,"HOJO, RETI"
CDB_Sample030/jai_0000146_1297_461.png,MICR,NONE,NONE,NONE
CDB_Sample125/jai_0000059_1713_423.png,NORM,ECHI,NONE,NONE
EH5_Siemens003/jai_0000980_1606_775.png,NORM,NONE,NONE,NONE
EH5_Siemens014/jai_0000192_1233_1364.png,NORM,HELM,NONE,NONE
CDB_Sample030/jai_0000100_1683_523.png,MICR,NONE,NONE,NONE
CDB_Sample189/jai_0000040_1568_1151.png,NORM,NONE,HYPO,NONE
EH5_Siemens037/jai_0000092_1826_131.png,NORM,NONE,NONE,HOJO
CDB_Sample125/jai_0000225_943_259.png,NORM,NONE,NONE,MALA
CDB_Sample012/jai_0000155_887_394.png,NORM,NONE,NONE,RETI
EH5_Siemens012/jai_0000836_207_898.png,NORM,NONE,NONE,NRBC
CDB_Sample189/jai_0000248_253_1034.png,NORM,NONE,NONE,NONE
EH5_Siemens029/jai_0000398_1182_1290.png,NORM,NONE,HYPR,NONE
EH5_Siemens012/jai_0000147_1682_374.png,NORM,NONE,NONE,NRBC
EH5_Siemens013/jai_0000119_910_238.png,NORM,TEAR,NONE,NONE
EH5_Siemens012/jai_0001353_1286_1185.png,NORM,HELM,NONE,"BAST, HOJO"
EH5_Siemens012/jai_0000139_556_976.png,NORM,NONE,TARG,NONE
CDB_Sample189/jai_0000372_1676_1021.png,NORM,NONE,NONE,HOJO
EH5_Siemens029/jai_0000653_180_263.png,NORM,NONE,NONE,NONE
CDB_Sample030/jai_0000227_466_297.png,NORM,NONE,HYPO,NONE
CDB_Sample030/jai_0000188_1946_810.png,MICR,SPHE,NONE,NONE
EH5_Siemens012/jai_0000192_1276_760.png,NORM,NONE,HYPO,RETI
EH5_Siemens083/jai_0000184_1483_318.png,MACR,NONE,HYPR,NONE
CDB_Sample030/jai_0000147_1487_1051.png,NORM,NONE,NONE,NONE
EH5_Siemens012/jai_0000179_290_1059.png,NORM,NONE,HYPO,NONE
EH5_Siemens003/jai_0000051_1179_1119.png,NORM,NONE,NONE,HOJO
EH5_Siemens012/jai_0000264_1196_1287.png,NORM,NONE,NONE,"BAST, HOJO, RETI"
EH5_Siemens029/jai_0000133_331_1127.png,NORM,NONE,NONE,NONE
EH5_Siemens003/jai_0000980_1258_513.png,NORM,NONE,NONE,NONE
CDB_Sample030/jai_0000144_519_774.png,NORM,OVAL,HYPO,NONE
EH5_Siemens045/jai_0000186_946_1194.png,MICR,SCHI,NONE,NONE
EH5_Siemens008/jai_0001613_1956_289.png,NORM,OVAL,NONE,NONE
EH5_Siemens012/jai_0001268_1072_216.png,MICR,OVAL,NONE,"HOJO, RETI"
EH5_Siemens012/jai_0000264_1196_1287.png,NORM,NONE,NONE,"BAST, HOJO, RETI"
EH5_Siemens008/jai_0000024_460_200.png,NORM,HELM,NONE,NONE
CDB_Sample189/jai_0000372_586_835.png,NORM,SICK,NONE,NONE
CDB_Sample012/jai_0000032_1760_1094.png,MACR,NONE,NONE,NONE
CDB_Sample030/jai_0000100_1636_981.png,NORM,NONE,NONE,NONE
EH5_Siemens012/jai_0000059_1448_1242.png,NORM,NONE,TARG,NONE
CDB_Sample189/jai_0000373_102_421.png,NORM,NONE,STOM,NONE
CDB_Sample156/jai_0000181_1205_1021.png,NORM,ECHI,NONE,NONE
EH5_Siemens014/jai_0000194_1679_1219.png,NORM,HELM,NONE,NONE
CDB_Sample156/jai_0000179_1340_1164.png,NORM,TEAR,NONE,NONE
CDB_Sample030/jai_0000100_222_964.png,MICR,NONE,NONE,NONE
CDB_Sample156/jai_0000350_824_667.png,NORM,ECHI,NONE,NONE
EH5_Siemens012/jai_0000046_321_800.png,NORM,NONE,NONE,NRBC
CDB_Sample125/jai_0000355_1051_903.png,NORM,NONE,NONE,NONE
CDB_Sample189/jai_0000121_1610_560.png,NORM,NONE,NONE,PABO
CDB_Sample189/jai_0000291_688_1429.png,NORM,SICK,NONE,NONE
EH5_Siemens029/jai_0000568_1604_1117.png,NORM,NONE,HYPO,NONE
EH5_Siemens012/jai_0001268_1072_216.png,MICR,OVAL,NONE,"HOJO, RETI"
CDB_Sample030/jai_0000057_119_363.png,NORM,NONE,HYPO,NONE
EH5_Siemens012/jai_0000057_1569_1060.png,NORM,NONE,NONE,NRBC
EH5_Siemens083/jai_0000142_1068_876.png,NORM,ACAN,NONE,NONE
EH5_Siemens012/jai_0001173_1272_157.png,NORM,NONE,NONE,"BAST, RETI"
CDB_Sample189/jai_0000380_597_939.png,NORM,NONE,NONE,RETI
CDB_Sample125/jai_0000317_874_125.png,NORM,NONE,NONE,MALA
EH5_Siemens083/jai_0000402_150_606.png,NORM,OVAL,HYPO,NONE
CDB_Sample012/jai_0000031_39_596.png,NORM,NONE,NONE,NONE
EH5_Siemens003/jai_0000051_1179_1119.png,NORM,NONE,NONE,HOJO
EH5_Siemens012/jai_0000264_1196_1287.png,NORM,NONE,NONE,"BAST, HOJO, RETI"
EH5_Siemens012/jai_0000063_883_649.png,NORM,NONE,NONE,NONE
EH5_Siemens013/jai_0001067_1368_471.png,NORM,NONE,NONE,RETI
EH5_Siemens012/jai_0001268_1072_216.png,MICR,OVAL,NONE,"HOJO, RETI"
EH5_Siemens029/jai_0000568_179_780.png,NORM,TEAR,NONE,NONE
CDB_Sample030/jai_0000062_1271_1254.png,NORM,OVAL,HYPO,NONE
EH5_Siemens012/jai_0000063_1300_628.png,NORM,NONE,NONE,NONE
EH5_Siemens003/jai_0000976_391_1425.png,NORM,NONE,STOM,NONE
CDB_Sample125/jai_0000273_773_1076.png,NORM,ECHI,NONE,NONE
CDB_Sample189/jai_0000119_855_489.png,NORM,NONE,NONE,PABO
EH5_Siemens013/jai_0000758_1675_721.png,NORM,TEAR,NONE,NONE
CDB_Sample030/jai_0000062_1424_266.png,NORM,OVAL,HYPO,NONE
CDB_Sample030/jai_0000273_1163_522.png,NORM,NONE,NONE,RETI
EH5_Siemens012/jai_0000147_1682_374.png,NORM,NONE,NONE,NRBC
CDB_Sample012/jai_0000197_926_629.png,NORM,NONE,STOM,NONE
CDB_Sample030/jai_0000055_81_820.png,NORM,OVAL,HYPO,NONE
EH5_Siemens012/jai_0001353_1286_1185.png,NORM,HELM,NONE,"BAST, HOJO"
EH5_Siemens029/jai_0000353_1043_797.png,MICR,NONE,NONE,NONE
CDB_Sample189/jai_0000290_587_256.png,NORM,ECHI,NONE,NONE
EH5_Siemens012/jai_0001437_654_1314.png,NORM,OVAL,NONE,"BAST, HOJO"
CDB_Sample125/jai_0000263_991_312.png,NORM,ACAN,NONE,NONE
CDB_Sample189/jai_0000249_344_76.png,NORM,NONE,NONE,PABO
EH5_Siemens003/jai_0000064_291_607.png,NORM,NONE,HYPR,NONE
EH5_Siemens037/jai_0000009_1485_1267.png,NORM,ELLI,NONE,NONE
EH5_Siemens083/jai_0000181_1245_837.png,NORM,NONE,NONE,NONE
EH5_Siemens012/jai_0001268_1072_216.png,MICR,OVAL,NONE,"HOJO, RETI"
EH5_Siemens029/jai_0000439_1081_709.png,NORM,NONE,NONE,HOJO
EH5_Siemens012/jai_0001353_1286_1185.png,NORM,HELM,NONE,"BAST, HOJO"
EH5_Siemens037/jai_0000395_425_346.png,NORM,NONE,TARG,NONE
EH5_Siemens045/jai_0000186_1249_692.png,NORM,BITE,NONE,NONE
EH5_Siemens012/jai_0000264_1196_1287.png,NORM,NONE,NONE,"BAST, HOJO, RETI"
EH5_Siemens012/jai_0000836_982_410.png,MICR,NONE,NONE,"BAST, RETI"
EH5_Siemens012/jai_0000825_720_955.png,NORM,NONE,NONE,"BAST, RETI"
EH5_Siemens012/jai_0000187_741_854.png,MICR,NONE,NONE,NONE
CDB_Sample125/jai_0000182_1185_263.png,NORM,NONE,NONE,MALA
EH5_Siemens012/jai_0000063_540_699.png,NORM,NONE,TARG,NONE
CDB_Sample156/jai_0000265_1764_281.png,NORM,ACAN,NONE,NONE
EH5_Siemens008/jai_0000241_1802_637.png,NORM,NONE,NONE,NONE
EH5_Siemens013/jai_0000588_1054_1199.png,NORM,NONE,NONE,NONE
CDB_Sample189/jai_0000038_751_204.png,NORM,NONE,NONE,"HOJO, RETI"
CDB_Sample189/jai_0000377_482_81.png,NORM,NONE,NONE,HOJO
EH5_Siemens008/jai_0000003_609_1317.png,NORM,OVAL,NONE,NONE
EH5_Siemens012/jai_0001268_1072_216.png,MICR,OVAL,NONE,"HOJO, RETI"
CDB_Sample189/jai_0000381_192_214.png,NORM,SICK,NONE,NONE
CDB_Sample030/jai_0000233_138_95.png,NORM,NONE,NONE,BAST
CDB_Sample012/jai_0000151_1532_592.png,NORM,NONE,NONE,RETI
EH5_Siemens003/jai_0000224_313_902.png,NORM,NONE,STOM,NONE
EH5_Siemens013/jai_0000074_274_1437.png,NORM,ELLI,NONE,NONE
EH5_Siemens029/jai_0000871_1871_344.png,MICR,SPHE,NONE,NONE
CDB_Sample189/jai_0000161_909_675.png,NORM,SICK,NONE,NONE
CDB_Sample156/jai_0000181_131_1150.png,NORM,NONE,NONE,HOJO
CDB_Sample189/jai_0000121_22_625.png,NORM,SICK,NONE,RETI
EH5_Siemens012/jai_0001268_1072_216.png,MICR,OVAL,NONE,"HOJO, RETI"
EH5_Siemens012/jai_0000951_513_920.png,NORM,NONE,NONE,"BAST, HOJO, RETI"
EH5_Siemens012/jai_0000059_909_1373.png,NORM,NONE,TARG,NONE
EH5_Siemens008/jai_0000578_1265_173.png,NORM,BITE,NONE,NONE
CDB_Sample030/jai_0000020_454_494.png,NORM,ELLI,NONE,NONE
CDB_Sample189/jai_0000249_801_1353.png,NORM,NONE,NONE,NONE
EH5_Siemens012/jai_0000655_732_889.png,MICR,NONE,NONE,"BAST, RETI"
EH5_Siemens083/jai_0001430_1109_1063.png,MICR,NONE,NONE,NONE
EH5_Siemens083/jai_0000184_753_473.png,MICR,SCHI,NONE,NONE
CDB_Sample189/jai_0000114_1787_644.png,NORM,OVAL,HYPO,PABO
EH5_Siemens008/jai_0000150_476_1454.png,NORM,NONE,NONE,NONE
CDB_Sample030/jai_0000016_152_1047.png,NORM,OVAL,NONE,NONE
EH5_Siemens039/jai_0000089_1426_577.png,MICR,SCHI,NONE,NONE
EH5_Siemens012/jai_0000147_1813_1223.png,NORM,NONE,NONE,NONE
EH5_Siemens029/jai_0000525_530_983.png,NORM,NONE,NONE,NONE
EH5_Siemens041/jai_0000146_505_974.png,NORM,BITE,NONE,NONE
EH5_Siemens083/jai_0000060_152_1012.png,NORM,NONE,NONE,NONE
CDB_Sample030/jai_0000147_409_535.png,NORM,NONE,HYPO,NONE
EH5_Siemens037/jai_0000613_491_1100.png,NORM,NONE,HYPR,NONE
EH5_Siemens012/jai_0000192_1068_1245.png,MICR,NONE,NONE,"BAST, RETI"
EH5_Siemens012/jai_0001268_294_1421.png,MICR,NONE,NONE,BAST
EH5_Siemens013/jai_0000803_743_1014.png,MICR,NONE,NONE,NONE
EH5_Siemens003/jai_0000278_480_595.png,NORM,NONE,NONE,NONE
EH5_Siemens037/jai_0000570_1637_1279.png,NORM,ECHI,NONE,NONE
EH5_Siemens012/jai_0001512_779_1122.png,NORM,NONE,NONE,NRBC
CDB_Sample189/jai_0000034_819_226.png,NORM,NONE,NONE,PABO
EH5_Siemens037/jai_0000570_749_849.png,NORM,NONE,HYPO,NONE
EH5_Siemens012/jai_0000059_468_1157.png,NORM,NONE,HYPO,NONE
CDB_Sample012/jai_0000197_817_855.png,NORM,NONE,NONE,RETI
CDB_Sample012/jai_0000031_804_880.png,MICR,NONE,NONE,NONE
EH5_Siemens012/jai_0000836_207_898.png,NORM,NONE,NONE,NRBC
EH5_Siemens008/jai_0000241_1413_1195.png,NORM,NONE,NONE,NONE
CDB_Sample189/jai_0000035_770_441.png,NORM,NONE,NONE,NONE
EH5_Siemens008/jai_0000277_485_1323.png,MICR,SPHE,NONE,NONE
EH5_Siemens012/jai_0001353_1286_1185.png,NORM,HELM,NONE,"BAST, HOJO"
CDB_Sample125/jai_0000180_330_684.png,NORM,NONE,NONE,MALA
CDB_Sample012/jai_0000194_682_1220.png,NORM,NONE,NONE,NONE
EH5_Siemens012/jai_0000043_908_1424.png,NORM,NONE,NONE,NRBC
EH5_Siemens041/jai_0000188_1717_604.png,NORM,BITE,NONE,NONE
CDB_Sample156/jai_0000350_1949_244.png,NORM,ECHI,NONE,NONE
EH5_Siemens008/jai_0001437_1468_1089.png,NORM,NONE,HYPO,NONE
CDB_Sample189/jai_0000333_1163_937.png,NORM,NONE,NONE,NONE
EH5_Siemens083/jai_0000356_450_1373.png,MACR,NONE,STOM,NONE
CDB_Sample125/jai_0000183_465_833.png,NORM,NONE,NONE,NONE
EH5_Siemens013/jai_0000413_1948_232.png,NORM,NONE,HYPR,NONE
EH5_Siemens029/jai_0000655_1649_95.png,MICR,NONE,NONE,NONE
EH5_Siemens083/jai_0000013_83_1368.png,NORM,OVAL,HYPO,NONE
EH5_Siemens083/jai_0000185_1043_288.png,NORM,NONE,NONE,"BAST, RETI"
EH5_Siemens008/jai_0001141_1964_1150.png,NORM,NONE,NONE,NONE
EH5_Siemens045/jai_0000094_1319_707.png,MICR,SCHI,NONE,NONE
EH5_Siemens012/jai_0000264_1196_1287.png,NORM,NONE,NONE,"BAST, HOJO, RETI"
CDB_Sample030/jai_0000272_1720_217.png,MICR,SPHE,NONE,NONE
CDB_Sample156/jai_0000140_251_389.png,NORM,ECHI,NONE,NONE
CDB_Sample189/jai_0000333_157_1384.png,NORM,NONE,NONE,HOJO
EH5_Siemens012/jai_0000059_869_1140.png,NORM,NONE,HYPO,NONE
CDB_Sample030/jai_0000147_755_787.png,MICR,NONE,NONE,NONE
EH5_Siemens012/jai_0000063_699_286.png,NORM,NONE,TARG,NONE
CDB_Sample156/jai_0000347_898_597.png,NORM,ACAN,NONE,NONE
EH5_Siemens029/jai_0000655_229_459.png,NORM,ECHI,NONE,NONE
CDB_Sample189/jai_0000288_246_375.png,NORM,NONE,NONE,PABO
EH5_Siemens012/jai_0000951_513_920.png,NORM,NONE,NONE,"BAST, HOJO, RETI"
EH5_Siemens008/jai_0001437_841_350.png,NORM,BITE,NONE,NONE
EH5_Siemens012/jai_0000264_1196_1287.png,NORM,NONE,NONE,"BAST, HOJO, RETI"
EH5_Siemens037/jai_0000400_1685_1422.png,NORM,NONE,NONE,NONE
CDB_Sample012/jai_0000117_1882_871.png,NORM,NONE,NONE,NONE
EH5_Siemens037/jai_0000399_1849_816.png,NORM,ECHI,NONE,NONE
EH5_Siemens029/jai_0000439_1081_709.png,NORM,NONE,NONE,HOJO
EH5_Siemens008/jai_0001349_107_715.png,NORM,NONE,NONE,NONE
EH5_Siemens012/jai_0000179_921_876.png,NORM,NONE,NONE,NRBC
EH5_Siemens012/jai_0001353_1286_1185.png,NORM,HELM,NONE,"BAST, HOJO"
CDB_Sample189/jai_0000120_751_964.png,NORM,ELLI,NONE,NONE
CDB_Sample125/jai_0000059_1154_945.png,NORM,ECHI,NONE,MALA
CDB_Sample030/jai_0000272_37_252.png,MICR,NONE,NONE,NONE
CDB_Sample189/jai_0000038_751_204.png,NORM,NONE,NONE,"HOJO, RETI"
CDB_Sample189/jai_0000079_1296_1294.png,NORM,SICK,NONE,NONE
EH5_Siemens037/jai_0000092_1100_1070.png,MACR,NONE,NONE,NONE
EH5_Siemens012/jai_0000318_1944_710.png,MICR,SCHI,NONE,NONE
EH5_Siemens083/jai_0000185_1521_1063.png,NORM,NONE,NONE,RETI
EH5_Siemens012/jai_0001353_1286_1185.png,NORM,HELM,NONE,"BAST, HOJO"
EH5_Siemens012/jai_0001268_1072_216.png,MICR,OVAL,NONE,"HOJO, RETI"
EH5_Siemens003/jai_0000064_1870_813.png,NORM,NONE,HYPR,NONE
EH5_Siemens012/jai_0000019_1540_1398.png,NORM,NONE,HYPR,NONE
CDB_Sample156/jai_0000350_379_370.png,NORM,ACAN,NONE,NONE
CDB_Sample189/jai_0000038_751_204.png,NORM,NONE,NONE,"HOJO, RETI"
CDB_Sample030/jai_0000233_138_95.png,NORM,NONE,NONE,BAST
CDB_Sample125/jai_0000095_684_329.png,NORM,NONE,NONE,MALA
CDB_Sample189/jai_0000165_1564_609.png,NORM,NONE,NONE,RETI
CDB_Sample189/jai_0000117_497_104.png,NORM,NONE,NONE,PABO
CDB_Sample156/jai_0000181_1226_477.png,NORM,ACAN,NONE,NONE
EH5_Siemens012/jai_0000527_454_908.png,NORM,NONE,NONE,"BAST, RETI"
EH5_Siemens029/jai_0000653_1646_954.png,MICR,NONE,NONE,NONE
CDB_Sample189/jai_0000038_751_204.png,NORM,NONE,NONE,"HOJO, RETI"
EH5_Siemens012/jai_0000046_321_800.png,NORM,NONE,NONE,NRBC
EH5_Siemens083/jai_0001387_1830_422.png,NORM,OVAL,HYPO,NONE
CDB_Sample012/jai_0000152_717_660.png,NORM,NONE,NONE,NONE
EH5_Siemens037/jai_0000312_1803_1316.png,NORM,NONE,NONE,NONE
CDB_Sample156/jai_0000395_1004_187.png,NORM,ACAN,NONE,NONE
EH5_Siemens012/jai_0001599_995_346.png,MICR,NONE,NONE,BAST
EH5_Siemens008/jai_0000024_1815_949.png,NORM,NONE,NONE,NONE
EH5_Siemens045/jai_0000184_1650_237.png,NORM,BITE,NONE,NONE
EH5_Siemens013/jai_0000333_1771_267.png,NORM,NONE,NONE,NONE
EH5_Siemens083/jai_0000184_137_674.png,NORM,OVAL,HYPO,NONE
CDB_Sample030/jai_0000234_1915_646.png,NORM,OVAL,NONE,NONE
CDB_Sample012/jai_0000192_315_131.png,NORM,NONE,NONE,NONE
EH5_Siemens083/jai_0000179_66_159.png,NORM,NONE,HYPO,NONE
CDB_Sample189/jai_0000038_751_204.png,NORM,NONE,NONE,"HOJO, RETI"
EH5_Siemens012/jai_0001353_1286_1185.png,NORM,HELM,NONE,"BAST, HOJO"
CDB_Sample030/jai_0000103_1226_1201.png,NORM,TEAR,NONE,NONE
CDB_Sample189/jai_0000119_400_1066.png,NORM,NONE,NONE,HOJO
CDB_Sample012/jai_0000032_1660_869.png,NORM,NONE,STOM,NONE
CDB_Sample156/jai_0000096_1582_663.png,NORM,NONE,STOM,NONE
CDB_Sample189/jai_0000121_22_625.png,NORM,SICK,NONE,RETI
CDB_Sample125/jai_0000226_1817_361.png,NORM,ECHI,NONE,NONE
EH5_Siemens008/jai_0000150_1462_173.png,NORM,NONE,NONE,NONE
CDB_Sample030/jai_0000015_722_551.png,NORM,ELLI,NONE,NONE
CDB_Sample030/jai_0000272_902_285.png,NORM,HELM,NONE,NONE
CDB_Sample189/jai_0000246_627_1140.png,NORM,SICK,NONE,NONE
EH5_Siemens029/jai_0000695_386_992.png,NORM,NONE,NONE,NONE
EH5_Siemens029/jai_0000439_1889_365.png,NORM,NONE,NONE,NONE
EH5_Siemens083/jai_0001387_1710_994.png,NORM,NONE,HYPR,NONE
CDB_Sample012/jai_0000198_1712_168.png,NORM,NONE,NONE,NONE
CDB_Sample156/jai_0000182_82_352.png,NORM,NONE,NONE,NONE
EH5_Siemens083/jai_0000356_1911_454.png,NORM,ECHI,NONE,NONE
CDB_Sample189/jai_0000161_358_693.png,NORM,ECHI,NONE,NONE
EH5_Siemens029/jai_0000654_1060_1379.png,NORM,NONE,HYPO,NONE
EH5_Siemens013/jai_0000071_1428_956.png,NORM,NONE,NONE,RETI
CDB_Sample030/jai_0000142_289_884.png,NORM,NONE,NONE,NONE
EH5_Siemens083/jai_0000401_889_444.png,NORM,ELLI,NONE,NONE
EH5_Siemens012/jai_0001609_1420_692.png,NORM,NONE,HYPR,"BAST, RETI"
EH5_Siemens029/jai_0000873_831_677.png,NORM,NONE,HYPR,NONE
EH5_Siemens083/jai_0000182_1344_334.png,NORM,NONE,HYPO,NONE
EH5_Siemens008/jai_0000021_1419_326.png,NORM,NONE,NONE,NONE
CDB_Sample189/jai_0000245_1186_603.png,NORM,NONE,NONE,NONE
EH5_Siemens029/jai_0000310_964_146.png,MICR,NONE,NONE,NONE
EH5_Siemens029/jai_0000654_298_415.png,MICR,NONE,NONE,NONE
EH5_Siemens012/jai_0001437_654_1314.png,NORM,OVAL,NONE,"BAST, HOJO"
EH5_Siemens037/jai_0000570_997_520.png,NORM,ECHI,NONE,NONE
EH5_Siemens029/jai_0000398_1797_1374.png,NORM,OVAL,NONE,NONE
CDB_Sample125/jai_0000355_568_840.png,NORM,NONE,NONE,MALA
CDB_Sample189/jai_0000033_651_904.png,NORM,NONE,NONE,HOJO
EH5_Siemens029/jai_0000828_1886_1416.png,NORM,NONE,NONE,NONE
CDB_Sample125/jai_0000269_1301_608.png,NORM,NONE,NONE,NONE
EH5_Siemens029/jai_0000353_1538_829.png,NORM,TEAR,NONE,NONE
EH5_Siemens012/jai_0000826_580_936.png,NORM,HELM,NONE,NONE
CDB_Sample156/jai_0000395_1668_745.png,NORM,ACAN,NONE,NONE
EH5_Siemens012/jai_0000043_1189_192.png,MICR,SPHE,NONE,NONE
CDB_Sample189/jai_0000038_751_204.png,NORM,NONE,NONE,"HOJO, RETI"
EH5_Siemens012/jai_0000139_104_386.png,MICR,NONE,NONE,NONE
CDB_Sample125/jai_0000225_1289_496.png,NORM,NONE,NONE,MALA
EH5_Siemens012/jai_0001173_1495_196.png,MICR,NONE,NONE,BAST
EH5_Siemens008/jai_0000532_365_1301.png,NORM,NONE,NONE,NONE
EH5_Siemens012/jai_0000825_720_955.png,NORM,NONE,NONE,"BAST, RETI"
CDB_Sample189/jai_0000033_823_600.png,NORM,SICK,NONE,NONE
EH5_Siemens029/jai_0000568_1612_455.png,NORM,NONE,NONE,NONE
EH5_Siemens083/jai_0000183_1328_518.png,MICR,OVAL,HYPO,NONE
EH5_Siemens012/jai_0000264_1196_1287.png,NORM,NONE,NONE,"BAST, HOJO, RETI"
CDB_Sample189/jai_0000038_1863_102.png,NORM,NONE,NONE,HOJO
EH5_Siemens012/jai_0000003_1664_174.png,NORM,NONE,HYPR,NONE
EH5_Siemens083/jai_0001387_792_38.png,NORM,NONE,NONE,NONE
EH5_Siemens008/jai_0001350_993_266.png,NORM,NONE,NONE,NONE
EH5_Siemens083/jai_0000309_82_231.png,NORM,NONE,NONE,NONE
EH5_Siemens012/jai_0000003_660_213.png,NORM,NONE,NONE,"BAST, RETI"
CDB_Sample125/jai_0000355_1811_1269.png,NORM,NONE,NONE,NONE
CDB_Sample189/jai_0000038_751_204.png,NORM,NONE,NONE,"HOJO, RETI"
EH5_Siemens008/jai_0001610_92_564.png,NORM,BITE,NONE,NONE
EH5_Siemens083/jai_0000060_1286_914.png,NORM,NONE,NONE,RETI
CDB_Sample189/jai_0000248_616_88.png,NORM,NONE,NONE,HOJO
CDB_Sample012/jai_0000032_1792_863.png,NORM,NONE,NONE,NONE
EH5_Siemens012/jai_0001437_654_1314.png,NORM,OVAL,NONE,"BAST, HOJO"
EH5_Siemens012/jai_0000527_58_691.png,NORM,NONE,NONE,"BAST, RETI"
CDB_Sample030/jai_0000145_714_956.png,NORM,ELLI,NONE,NONE
EH5_Siemens037/jai_0000481_1400_46.png,NORM,NONE,TARG,NONE
EH5_Siemens012/jai_0000179_921_876.png,NORM,NONE,NONE,NRBC
EH5_Siemens012/jai_0001268_93_73.png,MICR,NONE,NONE,BAST
CDB_Sample125/jai_0000266_337_845.png,NORM,NONE,NONE,MALA
EH5_Siemens037/jai_0000358_581_1076.png,NORM,ACAN,NONE,NONE
EH5_Siemens037/jai_0000400_965_918.png,NORM,NONE,NONE,NONE
CDB_Sample189/jai_0000119_1503_918.png,NORM,NONE,NONE,NONE
EH5_Siemens083/jai_0000015_1696_736.png,NORM,NONE,HYPO,NONE
CDB_Sample030/jai_0000017_1626_1217.png,NORM,NONE,HYPO,NONE
CDB_Sample030/jai_0000185_1180_407.png,NORM,OVAL,NONE,NONE
EH5_Siemens012/jai_0000836_207_898.png,NORM,NONE,NONE,NRBC
CDB_Sample156/jai_0000308_1111_1388.png,NORM,ACAN,NONE,NONE
EH5_Siemens008/jai_0001145_503_593.png,NORM,NONE,NONE,NONE
CDB_Sample125/jai_0000057_1705_417.png,NORM,NONE,TARG,NONE
EH5_Siemens012/jai_0000187_1943_1429.png,NORM,OVAL,NONE,BAST
EH5_Siemens008/jai_0000148_1790_1006.png,NORM,NONE,HYPR,NONE
EH5_Siemens003/jai_0000980_112_879.png,NORM,NONE,NONE,NONE
EH5_Siemens012/jai_0000147_740_776.png,NORM,NONE,TARG,NONE
CDB_Sample189/jai_0000123_1918_253.png,NORM,NONE,NONE,PABO
EH5_Siemens013/jai_0000414_1488_809.png,MICR,NONE,NONE,NONE
EH5_Siemens014/jai_0000150_1953_1440.png,NORM,NONE,HYPO,NONE
EH5_Siemens037/jai_0000441_696_510.png,NORM,ACAN,NONE,NONE
CDB_Sample012/jai_0000065_1845_427.png,MACR,NONE,NONE,NONE
EH5_Siemens041/jai_0000188_1681_418.png,NORM,BITE,NONE,NONE
CDB_Sample125/jai_0000183_727_899.png,NORM,NONE,NONE,MALA
EH5_Siemens008/jai_0000019_1110_338.png,NORM,NONE,NONE,NONE
EH5_Siemens012/jai_0000147_517_171.png,NORM,NONE,HYPO,NONE
EH5_Siemens012/jai_0000179_888_564.png,NORM,NONE,TARG,NONE
CDB_Sample012/jai_0000193_1527_192.png,NORM,NONE,NONE,NONE
CDB_Sample012/jai_0000108_128_933.png,NORM,NONE,HYPR,NONE
EH5_Siemens012/jai_0000951_513_920.png,NORM,NONE,NONE,"BAST, HOJO, RETI"
EH5_Siemens012/jai_0000346_548_430.png,MACR,NONE,HYPO,NONE
EH5_Siemens083/jai_0000142_250_403.png,MACR,NONE,NONE,NONE
CDB_Sample189/jai_0000163_188_50.png,NORM,NONE,NONE,RETI
CDB_Sample125/jai_0000224_1728_530.png,NORM,NONE,NONE,MALA
CDB_Sample189/jai_0000034_1928_1227.png,NORM,NONE,NONE,HOJO
CDB_Sample125/jai_0000009_1741_30.png,NORM,NONE,NONE,NONE
CDB_Sample189/jai_0000116_1353_899.png,NORM,ELLI,NONE,NONE
EH5_Siemens037/jai_0000399_1326_1167.png,NORM,NONE,TARG,NONE
EH5_Siemens029/jai_0000439_148_159.png,NORM,OVAL,NONE,NONE
EH5_Siemens013/jai_0001155_904_1376.png,NORM,NONE,HYPO,NONE
EH5_Siemens013/jai_0001064_426_128.png,NORM,NONE,NONE,NONE
CDB_Sample189/jai_0000246_627_1140.png,NORM,SICK,NONE,NONE
EH5_Siemens083/jai_0000060_612_1325.png,MACR,NONE,HYPO,NONE
EH5_Siemens012/jai_0001512_564_319.png,NORM,NONE,TARG,BAST
EH5_Siemens013/jai_0000758_332_329.png,NORM,NONE,NONE,RETI
EH5_Siemens012/jai_0000277_747_326.png,NORM,NONE,HYPO,RETI
CDB_Sample125/jai_0000097_643_534.png,NORM,NONE,NONE,NONE
EH5_Siemens083/jai_0001428_523_1198.png,NORM,NONE,TARG,NONE
CDB_Sample156/jai_0000180_754_1395.png,NORM,ECHI,NONE,NONE
CDB_Sample189/jai_0000380_1308_1272.png,NORM,NONE,NONE,NONE
CDB_Sample030/jai_0000231_627_598.png,MICR,NONE,NONE,NONE
CDB_Sample189/jai_0000335_384_802.png,NORM,NONE,NONE,HOJO
EH5_Siemens012/jai_0000130_1819_748.png,NORM,NONE,NONE,"BAST, RETI"
EH5_Siemens013/jai_0001155_832_395.png,NORM,OVAL,NONE,NONE
EH5_Siemens012/jai_0001268_1072_216.png,MICR,OVAL,NONE,"HOJO, RETI"
EH5_Siemens012/jai_0000264_1196_1287.png,NORM,NONE,NONE,"BAST, HOJO, RETI"
EH5_Siemens029/jai_0000695_1652_432.png,NORM,TEAR,NONE,NONE
CDB_Sample189/jai_0000245_290_415.png,NORM,SICK,NONE,NONE
EH5_Siemens083/jai_0000179_582_618.png,MICR,ELLI,NONE,NONE
CDB_Sample012/jai_0000116_228_122.png,NORM,NONE,NONE,NONE
CDB_Sample189/jai_0000038_751_204.png,NORM,NONE,NONE,"HOJO, RETI"
CDB_Sample189/jai_0000294_1118_1219.png,NORM,NONE,HYPO,NONE
EH5_Siemens012/jai_0000182_1823_296.png,NORM,NONE,HYPR,NONE
EH5_Siemens013/jai_0000417_1303_91.png,NORM,TEAR,NONE,NONE
CDB_Sample012/jai_0000109_1693_169.png,MICR,NONE,NONE,NONE
CDB_Sample156/jai_0000181_131_1150.png,NORM,NONE,NONE,HOJO
EH5_Siemens037/jai_0000481_1351_427.png,NORM,ACAN,NONE,NONE
EH5_Siemens029/jai_0000310_1397_1346.png,NORM,NONE,NONE,NONE
CDB_Sample156/jai_0000310_1452_1432.png,NORM,NONE,NONE,NONE
CDB_Sample189/jai_0000248_1301_74.png,NORM,SICK,NONE,NONE
EH5_Siemens012/jai_0001261_1830_454.png,MICR,NONE,NONE,BAST
EH5_Siemens012/jai_0001268_1072_216.png,MICR,OVAL,NONE,"HOJO, RETI"
EH5_Siemens083/jai_0000183_1646_960.png,NORM,NONE,NONE,"BAST, RETI"
CDB_Sample125/jai_0000317_874_125.png,NORM,NONE,NONE,MALA
EH5_Siemens029/jai_0000052_1205_864.png,NORM,NONE,NONE,NONE
CDB_Sample189/jai_0000164_1773_492.png,NORM,SICK,NONE,NONE
CDB_Sample189/jai_0000121_22_625.png,NORM,SICK,NONE,RETI
EH5_Siemens012/jai_0000057_1427_1132.png,NORM,NONE,NONE,NRBC
CDB_Sample125/jai_0000350_1255_919.png,NORM,NONE,HYPR,NONE
EH5_Siemens029/jai_0000439_1227_196.png,NORM,TEAR,NONE,NONE
CDB_Sample189/jai_0000247_788_269.png,NORM,NONE,NONE,PABO
CDB_Sample030/jai_0000231_1291_360.png,MICR,SPHE,NONE,NONE
CDB_Sample012/jai_0000025_1872_923.png,NORM,NONE,NONE,NONE
EH5_Siemens012/jai_0000951_513_920.png,NORM,NONE,NONE,"BAST, HOJO, RETI"
EH5_Siemens083/jai_0000064_727_1119.png,NORM,ELLI,NONE,NONE
EH5_Siemens029/jai_0000439_1081_709.png,NORM,NONE,NONE,HOJO
CDB_Sample156/jai_0000095_1101_361.png,NORM,ACAN,NONE,NONE
EH5_Siemens008/jai_0000148_287_1150.png,NORM,NONE,NONE,NONE
EH5_Siemens029/jai_0000655_1445_169.png,NORM,NONE,NONE,NONE
EH5_Siemens012/jai_0000057_1427_1132.png,NORM,NONE,NONE,NRBC
EH5_Siemens012/jai_0000179_200_1331.png,NORM,NONE,TARG,NONE
EH5_Siemens012/jai_0000951_513_920.png,NORM,NONE,NONE,"BAST, HOJO, RETI"
EH5_Siemens012/jai_0000951_513_920.png,NORM,NONE,NONE,"BAST, HOJO, RETI"
EH5_Siemens012/jai_0000187_119_168.png,NORM,NONE,NONE,NONE
CDB_Sample189/jai_0000115_1183_460.png,NORM,SICK,NONE,NONE
EH5_Siemens037/jai_0000009_1730_534.png,NORM,ECHI,NONE,NONE
EH5_Siemens013/jai_0001155_1524_593.png,MICR,NONE,NONE,NONE
CDB_Sample012/jai_0000106_554_729.png,NORM,NONE,NONE,NONE
CDB_Sample030/jai_0000231_1100_445.png,NORM,ELLI,NONE,NONE
EH5_Siemens013/jai_0001060_1805_810.png,NORM,NONE,NONE,NONE
CDB_Sample030/jai_0000227_1683_852.png,NORM,NONE,HYPR,NONE
EH5_Siemens014/jai_0000196_495_1338.png,NORM,HELM,NONE,NONE
EH5_Siemens029/jai_0000873_966_1075.png,MICR,NONE,HYPO,NONE
EH5_Siemens013/jai_0000969_1773_1273.png,NORM,NONE,HYPR,NONE
CDB_Sample189/jai_0000114_1171_661.png,NORM,NONE,NONE,RETI
CDB_Sample156/jai_0000610_152_986.png,NORM,NONE,NONE,NONE
CDB_Sample125/jai_0000263_311_426.png,NORM,NONE,HYPO,NONE
EH5_Siemens037/jai_0000526_1263_733.png,NORM,OVAL,NONE,NONE
CDB_Sample189/jai_0000248_220_671.png,NORM,NONE,NONE,NONE
EH5_Siemens083/jai_0000309_50_1393.png,NORM,OVAL,HYPO,NONE
EH5_Siemens037/jai_0000009_508_742.png,NORM,NONE,NONE,HOJO
EH5_Siemens037/jai_0000312_1511_191.png,NORM,NONE,NONE,HOJO
EH5_Siemens012/jai_0001437_654_1314.png,NORM,OVAL,NONE,"BAST, HOJO"
CDB_Sample030/jai_0000235_781_504.png,NORM,NONE,NONE,RETI
CDB_Sample189/jai_0000250_1755_154.png,MICR,NONE,NONE,NONE
EH5_Siemens029/jai_0000052_1485_663.png,MICR,SCHI,NONE,NONE
CDB_Sample030/jai_0000141_1457_1326.png,NORM,OVAL,HYPO,NONE
EH5_Siemens029/jai_0000439_1081_709.png,NORM,NONE,NONE,HOJO
EH5_Siemens083/jai_0000223_809_1109.png,NORM,ACAN,NONE,NONE
CDB_Sample012/jai_0000156_1644_582.png,MICR,NONE,NONE,NONE
EH5_Siemens045/jai_0000102_681_274.png,MICR,SCHI,NONE,NONE
EH5_Siemens037/jai_0000400_1427_1323.png,NORM,NONE,NONE,NONE
CDB_Sample189/jai_0000034_819_226.png,NORM,NONE,NONE,PABO
CDB_Sample189/jai_0000034_567_1093.png,NORM,SICK,NONE,NONE
CDB_Sample189/jai_0000116_469_810.png,NORM,SICK,NONE,NONE
EH5_Siemens083/jai_0000401_1583_1317.png,NORM,NONE,HYPO,NONE
EH5_Siemens012/jai_0001353_1286_1185.png,NORM,HELM,NONE,"BAST, HOJO"
CDB_Sample030/jai_0000097_715_1459.png,MICR,NONE,NONE,NONE
CDB_Sample030/jai_0000235_1873_1075.png,NORM,NONE,NONE,NONE
CDB_Sample125/jai_0000274_993_754.png,NORM,NONE,HYPO,RETI
CDB_Sample156/jai_0000566_52_1049.png,NORM,ECHI,NONE,NONE
EH5_Siemens029/jai_0000654_363_644.png,NORM,HELM,NONE,NONE
EH5_Siemens029/jai_0000398_1240_697.png,NORM,NONE,NONE,NONE
EH5_Siemens083/jai_0000401_1296_34.png,NORM,NONE,TARG,NONE
CDB_Sample125/jai_0000004_157_918.png,NORM,NONE,NONE,NONE
EH5_Siemens012/jai_0000264_1196_1287.png,NORM,NONE,NONE,"BAST, HOJO, RETI"
EH5_Siemens083/jai_0000060_1059_616.png,NORM,ECHI,NONE,NONE
EH5_Siemens029/jai_0000395_1100_43.png,NORM,NONE,NONE,NONE
EH5_Siemens012/jai_0001512_564_319.png,NORM,NONE,TARG,BAST
EH5_Siemens012/jai_0000187_509_724.png,NORM,NONE,TARG,NONE
CDB_Sample012/jai_0000156_815_959.png,NORM,NONE,NONE,"BAST, RETI"
CDB_Sample030/jai_0000144_405_523.png,NORM,NONE,NONE,RETI
CDB_Sample030/jai_0000013_1330_411.png,NORM,NONE,NONE,NONE
EH5_Siemens012/jai_0001353_1286_1185.png,NORM,HELM,NONE,"BAST, HOJO"
CDB_Sample012/jai_0000194_125_1068.png,MICR,NONE,NONE,NONE
EH5_Siemens039/jai_0000090_581_1352.png,NORM,HELM,NONE,NONE
EH5_Siemens012/jai_0000182_530_1077.png,NORM,NONE,NONE,NRBC
EH5_Siemens012/jai_0001353_1286_1185.png,NORM,HELM,NONE,"BAST, HOJO"
EH5_Siemens012/jai_0000179_795_1190.png,NORM,NONE,TARG,NONE
EH5_Siemens029/jai_0000479_974_447.png,NORM,NONE,NONE,NONE
EH5_Siemens012/jai_0000303_679_703.png,NORM,NONE,NONE,HOJO
CDB_Sample030/jai_0000146_1898_832.png,MICR,ELLI,HYPO,NONE
EH5_Siemens008/jai_0000287_780_722.png,NORM,NONE,NONE,NONE
EH5_Siemens012/jai_0001268_93_73.png,MICR,NONE,NONE,BAST
EH5_Siemens029/jai_0000396_1811_860.png,NORM,OVAL,NONE,NONE
EH5_Siemens012/jai_0000264_1196_1287.png,NORM,NONE,NONE,"BAST, HOJO, RETI"
EH5_Siemens012/jai_0000264_1196_1287.png,NORM,NONE,NONE,"BAST, HOJO, RETI"
EH5_Siemens012/jai_0000019_1830_684.png,NORM,NONE,HYPO,NONE
EH5_Siemens037/jai_0000527_424_1048.png,NORM,ECHI,NONE,NONE
CDB_Sample189/jai_0000119_603_817.png,NORM,NONE,NONE,NONE
CDB_Sample012/jai_0000025_960_406.png,MICR,NONE,NONE,NONE
EH5_Siemens012/jai_0000179_921_876.png,NORM,NONE,NONE,NRBC
EH5_Siemens083/jai_0000015_1074_646.png,MICR,NONE,NONE,NONE
CDB_Sample156/jai_0000350_216_274.png,NORM,ECHI,NONE,HOJO
CDB_Sample030/jai_0000140_1349_157.png,NORM,OVAL,NONE,NONE
CDB_Sample125/jai_0000059_910_133.png,NORM,ECHI,NONE,NONE
EH5_Siemens003/jai_0000663_626_1024.png,NORM,NONE,NONE,NONE
CDB_Sample125/jai_0000265_1969_502.png,NORM,NONE,NONE,MALA
EH5_Siemens012/jai_0000447_179_911.png,MICR,SCHI,NONE,NONE
EH5_Siemens029/jai_0000396_1908_165.png,MACR,NONE,NONE,NONE
CDB_Sample189/jai_0000033_988_601.png,NORM,NONE,NONE,PABO
EH5_Siemens003/jai_0000006_949_450.png,MICR,SPHE,NONE,NONE
EH5_Siemens012/jai_0000951_513_920.png,NORM,NONE,NONE,"BAST, HOJO, RETI"
EH5_Siemens013/jai_0000119_1501_279.png,NORM,NONE,NONE,NONE
CDB_Sample156/jai_0000308_186_1255.png,NORM,NONE,NONE,NONE
EH5_Siemens012/jai_0001268_1072_216.png,MICR,OVAL,NONE,"HOJO, RETI"
CDB_Sample156/jai_0000095_617_740.png,NORM,ACAN,NONE,NONE
EH5_Siemens003/jai_0000278_709_75.png,NORM,NONE,NONE,NONE
EH5_Siemens012/jai_0001268_1072_216.png,MICR,OVAL,NONE,"HOJO, RETI"
EH5_Siemens029/jai_0000525_457_1070.png,NORM,NONE,NONE,NONE
EH5_Siemens003/jai_0000224_313_902.png,NORM,NONE,STOM,NONE
EH5_Siemens012/jai_0001268_1072_216.png,MICR,OVAL,NONE,"HOJO, RETI"
EH5_Siemens012/jai_0001268_1072_216.png,MICR,OVAL,NONE,"HOJO, RETI"
CDB_Sample189/jai_0000288_1211_1246.png,NORM,NONE,NONE,NONE
CDB_Sample189/jai_0000373_1853_1117.png,NORM,NONE,NONE,PABO
EH5_Siemens083/jai_0000101_1740_370.png,NORM,NONE,HYPO,NONE
EH5_Siemens041/jai_0000188_1717_604.png,NORM,BITE,NONE,NONE
CDB_Sample189/jai_0000038_751_204.png,NORM,NONE,NONE,"HOJO, RETI"
CDB_Sample189/jai_0000160_270_1010.png,NORM,NONE,NONE,HOJO
CDB_Sample189/jai_0000123_1918_253.png,NORM,NONE,NONE,PABO
CDB_Sample125/jai_0000354_1366_666.png,MICR,NONE,NONE,NONE
EH5_Siemens037/jai_0000653_485_955.png,NORM,NONE,NONE,NONE
CDB_Sample125/jai_0000181_1732_925.png,MICR,NONE,NONE,NONE
CDB_Sample156/jai_0000269_1714_927.png,NORM,ECHI,NONE,NONE
CDB_Sample156/jai_0000351_529_1118.png,NORM,NONE,NONE,NONE
EH5_Siemens012/jai_0001353_1286_1185.png,NORM,HELM,NONE,"BAST, HOJO"
EH5_Siemens012/jai_0000527_454_908.png,NORM,NONE,NONE,"BAST, RETI"
CDB_Sample189/jai_0000038_751_204.png,NORM,NONE,NONE,"HOJO, RETI"
CDB_Sample125/jai_0000353_740_283.png,NORM,NONE,NONE,NONE
CDB_Sample125/jai_0000314_696_302.png,NORM,NONE,NONE,NONE
EH5_Siemens012/jai_0001353_1286_1185.png,NORM,HELM,NONE,"BAST, HOJO"
CDB_Sample125/jai_0000271_1448_396.png,NORM,NONE,HYPO,RETI
EH5_Siemens037/jai_0000657_474_699.png,NORM,NONE,NONE,NONE
CDB_Sample189/jai_0000038_751_204.png,NORM,NONE,NONE,"HOJO, RETI"
EH5_Siemens012/jai_0001353_1286_1185.png,NORM,HELM,NONE,"BAST, HOJO"
CDB_Sample125/jai_0000356_1860_666.png,NORM,NONE,HYPO,NONE
EH5_Siemens037/jai_0000135_1577_823.png,NORM,NONE,NONE,HOJO
EH5_Siemens037/jai_0000356_1666_660.png,NORM,ACAN,NONE,NONE
CDB_Sample189/jai_0000378_414_32.png,NORM,NONE,NONE,NONE
CDB_Sample156/jai_0000266_1618_454.png,NORM,ACAN,NONE,NONE
CDB_Sample125/jai_0000057_1727_1288.png,NORM,NONE,NONE,MALA
CDB_Sample156/jai_0000351_1137_39.png,NORM,ACAN,NONE,NONE
EH5_Siemens083/jai_0000401_1425_1148.png,NORM,NONE,HYPO,NONE
CDB_Sample156/jai_0000309_476_768.png,NORM,ECHI,NONE,NONE
CDB_Sample189/jai_0000114_356_735.png,NORM,NONE,HYPO,HOJO
EH5_Siemens037/jai_0000358_1751_218.png,NORM,NONE,NONE,NONE
EH5_Siemens029/jai_0000440_128_1049.png,NORM,NONE,NONE,NONE
CDB_Sample189/jai_0000294_1572_1078.png,NORM,NONE,NONE,NONE
CDB_Sample030/jai_0000020_576_1396.png,MICR,NONE,NONE,NONE
EH5_Siemens012/jai_0001268_1072_216.png,MICR,OVAL,NONE,"HOJO, RETI"
EH5_Siemens012/jai_0000136_709_1111.png,NORM,NONE,NONE,"BAST, RETI"
EH5_Siemens013/jai_0001114_757_1248.png,NORM,OVAL,NONE,NONE
CDB_Sample125/jai_0000274_1647_1013.png,NORM,NONE,NONE,NONE
EH5_Siemens008/jai_0001145_1354_358.png,NORM,NONE,NONE,NONE
EH5_Siemens008/jai_0001145_689_560.png,NORM,NONE,NONE,NONE
CDB_Sample125/jai_0000356_1267_601.png,NORM,NONE,NONE,MALA
EH5_Siemens013/jai_0000803_1431_33.png,MICR,NONE,NONE,NONE
CDB_Sample189/jai_0000033_1651_1223.png,NORM,NONE,NONE,HOJO
CDB_Sample030/jai_0000020_1967_986.png,NORM,NONE,NONE,BAST
EH5_Siemens012/jai_0000043_1432_839.png,NORM,NONE,NONE,NRBC
EH5_Siemens083/jai_0000185_471_1288.png,NORM,OVAL,HYPO,NONE
CDB_Sample156/jai_0000607_215_88.png,NORM,ECHI,NONE,NONE
EH5_Siemens012/jai_0000655_732_889.png,MICR,NONE,NONE,"BAST, RETI"
EH5_Siemens029/jai_0000396_1856_258.png,NORM,ECHI,NONE,NONE
CDB_Sample030/jai_0000273_1901_626.png,NORM,ELLI,NONE,NONE
EH5_Siemens012/jai_0000995_442_1239.png,MICR,NONE,NONE,BAST
EH5_Siemens012/jai_0000277_747_326.png,NORM,NONE,HYPO,RETI
EH5_Siemens012/jai_0000147_286_280.png,NORM,NONE,TARG,NONE
CDB_Sample125/jai_0000095_40_774.png,NORM,NONE,NONE,NONE
CDB_Sample189/jai_0000038_751_204.png,NORM,NONE,NONE,"HOJO, RETI"
EH5_Siemens029/jai_0000133_1197_563.png,NORM,NONE,NONE,NONE
EH5_Siemens012/jai_0000264_1196_1287.png,NORM,NONE,NONE,"BAST, HOJO, RETI"
CDB_Sample125/jai_0000095_1095_1051.png,NORM,NONE,NONE,NONE
CDB_Sample030/jai_0000277_1117_882.png,NORM,OVAL,HYPO,NONE
CDB_Sample125/jai_0000355_712_166.png,NORM,ECHI,NONE,NONE
EH5_Siemens013/jai_0001193_1836_710.png,NORM,TEAR,NONE,NONE
EH5_Siemens029/jai_0000396_1181_157.png,MICR,NONE,NONE,NONE
CDB_Sample012/jai_0000116_72_394.png,NORM,NONE,NONE,BAST
EH5_Siemens003/jai_0000236_1027_420.png,NORM,NONE,NONE,NONE
CDB_Sample030/jai_0000020_1009_831.png,NORM,OVAL,HYPO,NONE
EH5_Siemens013/jai_0001193_1752_77.png,NORM,ECHI,NONE,NONE
EH5_Siemens012/jai_0001268_1072_216.png,MICR,OVAL,NONE,"HOJO, RETI"
EH5_Siemens029/jai_0000310_1228_98.png,NORM,ECHI,NONE,NONE
EH5_Siemens012/jai_0000527_454_908.png,NORM,NONE,NONE,"BAST, RETI"
EH5_Siemens003/jai_0000278_1913_910.png,NORM,NONE,NONE,NONE
EH5_Siemens012/jai_0001006_631_444.png,NORM,NONE,TARG,BAST
EH5_Siemens008/jai_0000578_1265_173.png,NORM,BITE,NONE,NONE
EH5_Siemens029/jai_0000695_1128_1428.png,NORM,NONE,NONE,NONE
CDB_Sample189/jai_0000374_866_1279.png,NORM,NONE,NONE,HOJO
EH5_Siemens012/jai_0001437_654_1314.png,NORM,OVAL,NONE,"BAST, HOJO"
EH5_Siemens012/jai_0001437_654_1314.png,NORM,OVAL,NONE,"BAST, HOJO"
EH5_Siemens012/jai_0001353_1286_1185.png,NORM,HELM,NONE,"BAST, HOJO"
EH5_Siemens029/jai_0000653_1218_445.png,NORM,NONE,NONE,NONE
EH5_Siemens012/jai_0000139_490_1333.png,NORM,NONE,NONE,"BAST, RETI"
CDB_Sample125/jai_0000314_1941_170.png,NORM,NONE,NONE,MALA
EH5_Siemens045/jai_0000095_866_905.png,NORM,HELM,NONE,NONE
EH5_Siemens012/jai_0000347_1486_1215.png,MICR,NONE,NONE,"BAST, RETI"
CDB_Sample189/jai_0000167_1544_179.png,NORM,NONE,STOM,NONE
EH5_Siemens029/jai_0000655_1382_525.png,MICR,NONE,NONE,NONE
CDB_Sample189/jai_0000249_344_76.png,NORM,NONE,NONE,PABO
EH5_Siemens083/jai_0000184_1313_812.png,MACR,NONE,HYPO,NONE
CDB_Sample012/jai_0000113_288_1340.png,NORM,NONE,STOM,NONE
CDB_Sample125/jai_0000356_690_1377.png,NORM,NONE,NONE,MALA
EH5_Siemens008/jai_0001145_569_118.png,NORM,NONE,NONE,NONE
CDB_Sample189/jai_0000117_1722_874.png,NORM,SICK,NONE,NONE
CDB_Sample030/jai_0000020_454_494.png,NORM,ELLI,NONE,NONE
CDB_Sample189/jai_0000247_788_269.png,NORM,NONE,NONE,PABO
CDB_Sample030/jai_0000056_1593_1392.png,NORM,NONE,NONE,NONE
EH5_Siemens037/jai_0000009_588_217.png,NORM,ECHI,NONE,NONE
CDB_Sample189/jai_0000033_988_601.png,NORM,NONE,NONE,PABO
CDB_Sample189/jai_0000122_1859_296.png,NORM,NONE,NONE,HOJO
EH5_Siemens008/jai_0000241_1234_1356.png,NORM,NONE,NONE,NONE
EH5_Siemens013/jai_0000158_402_159.png,NORM,OVAL,NONE,NONE
CDB_Sample125/jai_0000010_47_1218.png,NORM,NONE,NONE,MALA
EH5_Siemens013/jai_0000414_529_538.png,MICR,NONE,NONE,NONE
CDB_Sample156/jai_0000306_178_1294.png,NORM,NONE,NONE,NONE
EH5_Siemens037/jai_0000142_892_793.png,MICR,NONE,NONE,NONE
EH5_Siemens041/jai_0000188_1681_418.png,NORM,BITE,NONE,NONE
CDB_Sample030/jai_0000148_209_218.png,NORM,ELLI,NONE,NONE
EH5_Siemens012/jai_0001353_1286_1185.png,NORM,HELM,NONE,"BAST, HOJO"
EH5_Siemens008/jai_0000362_1749_526.png,NORM,NONE,NONE,NONE
CDB_Sample189/jai_0000373_627_831.png,NORM,NONE,NONE,PABO
EH5_Siemens012/jai_0000318_153_43.png,NORM,NONE,TARG,NONE
CDB_Sample125/jai_0000096_145_1103.png,NORM,NONE,HYPO,NONE
CDB_Sample125/jai_0000350_340_256.png,NORM,NONE,HYPR,NONE
CDB_Sample189/jai_0000038_751_204.png,NORM,NONE,NONE,"HOJO, RETI"
EH5_Siemens012/jai_0000187_1943_1429.png,NORM,OVAL,NONE,BAST
EH5_Siemens003/jai_0000274_1673_1184.png,NORM,NONE,STOM,NONE
CDB_Sample012/jai_0000199_990_1046.png,MICR,NONE,NONE,NONE
CDB_Sample030/jai_0000186_858_1424.png,NORM,OVAL,NONE,NONE
EH5_Siemens037/jai_0000358_1248_140.png,NORM,NONE,NONE,HOJO
EH5_Siemens013/jai_0000071_62_81.png,MICR,NONE,NONE,NONE
EH5_Siemens041/jai_0000188_1681_418.png,NORM,BITE,NONE,NONE
EH5_Siemens013/jai_0000158_383_341.png,MACR,NONE,HYPR,NONE
CDB_Sample030/jai_0000056_1930_1342.png,NORM,NONE,HYPO,NONE
EH5_Siemens012/jai_0001477_753_715.png,NORM,NONE,NONE,"BAST, RETI"
EH5_Siemens012/jai_0000019_457_1096.png,NORM,NONE,HYPR,NONE
CDB_Sample189/jai_0000038_751_204.png,NORM,NONE,NONE,"HOJO, RETI"
EH5_Siemens037/jai_0000611_1502_793.png,NORM,ECHI,NONE,NONE
EH5_Siemens029/jai_0000692_391_139.png,NORM,NONE,NONE,NONE
CDB_Sample189/jai_0000038_751_204.png,NORM,NONE,NONE,"HOJO, RETI"
EH5_Siemens003/jai_0000876_647_1002.png,MICR,NONE,NONE,NONE
CDB_Sample125/jai_0000274_594_766.png,NORM,NONE,NONE,MALA
EH5_Siemens012/jai_0000147_1682_374.png,NORM,NONE,NONE,NRBC
CDB_Sample030/jai_0000275_1621_117.png,NORM,NONE,HYPR,NONE
EH5_Siemens008/jai_0000287_942_1436.png,NORM,NONE,NONE,NONE
EH5_Siemens012/jai_0000057_1427_1132.png,NORM,NONE,NONE,NRBC
CDB_Sample030/jai_0000096_730_769.png,NORM,OVAL,NONE,NONE
CDB_Sample189/jai_0000160_270_1010.png,NORM,NONE,NONE,HOJO
CDB_Sample189/jai_0000376_1653_1064.png,NORM,NONE,NONE,NONE
EH5_Siemens012/jai_0001437_654_1314.png,NORM,OVAL,NONE,"BAST, HOJO"
EH5_Siemens029/jai_0000310_492_982.png,NORM,NONE,NONE,RETI
EH5_Siemens029/jai_0000655_642_951.png,NORM,NONE,NONE,NONE
EH5_Siemens045/jai_0000136_1434_106.png,MICR,SCHI,NONE,NONE
EH5_Siemens012/jai_0000187_1025_815.png,NORM,NONE,NONE,NRBC
EH5_Siemens013/jai_0001155_1191_689.png,NORM,NONE,NONE,NONE
CDB_Sample030/jai_0000056_1553_1093.png,NORM,ECHI,NONE,NONE
CDB_Sample125/jai_0000272_159_258.png,NORM,NONE,TARG,RETI
EH5_Siemens029/jai_0000654_712_198.png,MICR,SPHE,NONE,NONE
EH5_Siemens029/jai_0000395_1735_1348.png,NORM,NONE,NONE,NONE
EH5_Siemens029/jai_0000439_837_1213.png,MICR,OVAL,NONE,NONE
CDB_Sample125/jai_0000263_517_110.png,NORM,NONE,NONE,RETI
EH5_Siemens012/jai_0001399_1707_1344.png,NORM,NONE,HYPO,NONE
EH5_Siemens012/jai_0001268_1072_216.png,MICR,OVAL,NONE,"HOJO, RETI"
EH5_Siemens037/jai_0000358_1248_140.png,NORM,NONE,NONE,HOJO
CDB_Sample030/jai_0000233_1960_600.png,NORM,NONE,NONE,NONE
EH5_Siemens012/jai_0000059_55_1182.png,NORM,NONE,NONE,NONE
EH5_Siemens008/jai_0000241_829_1210.png,NORM,ECHI,NONE,NONE
EH5_Siemens003/jai_0000278_798_212.png,NORM,NONE,NONE,NONE
CDB_Sample189/jai_0000160_1963_1016.png,NORM,NONE,NONE,NONE
EH5_Siemens012/jai_0000059_1789_295.png,NORM,NONE,NONE,NRBC
EH5_Siemens012/jai_0000174_360_339.png,NORM,BITE,NONE,NONE
EH5_Siemens013/jai_0001193_1011_388.png,NORM,TEAR,NONE,NONE
CDB_Sample189/jai_0000035_1565_1109.png,NORM,SICK,NONE,NONE
EH5_Siemens012/jai_0000264_1196_1287.png,NORM,NONE,NONE,"BAST, HOJO, RETI"
CDB_Sample030/jai_0000229_974_678.png,MICR,NONE,NONE,NONE
EH5_Siemens012/jai_0000057_1427_1132.png,NORM,NONE,NONE,NRBC
CDB_Sample030/jai_0000233_901_870.png,NORM,NONE,NONE,NONE
CDB_Sample030/jai_0000011_713_822.png,NORM,ELLI,NONE,NONE
EH5_Siemens012/jai_0001437_654_1314.png,NORM,OVAL,NONE,"BAST, HOJO"
CDB_Sample012/jai_0000069_696_423.png,NORM,NONE,NONE,NONE
EH5_Siemens083/jai_0000098_1227_795.png,MACR,NONE,HYPR,NONE
EH5_Siemens037/jai_0000356_1200_766.png,NORM,ECHI,NONE,NONE
CDB_Sample125/jai_0000224_1063_405.png,MACR,NONE,NONE,NONE
EH5_Siemens083/jai_0000183_1646_960.png,NORM,NONE,NONE,"BAST, RETI"
EH5_Siemens012/jai_0000951_513_920.png,NORM,NONE,NONE,"BAST, HOJO, RETI"
EH5_Siemens012/jai_0000046_321_800.png,NORM,NONE,NONE,NRBC
CDB_Sample030/jai_0000017_642_109.png,NORM,NONE,NONE,HOJO
EH5_Siemens012/jai_0000395_1004_511.png,NORM,NONE,NONE,BAST
CDB_Sample012/jai_0000066_135_1150.png,MICR,NONE,NONE,NONE
CDB_Sample030/jai_0000229_663_1448.png,NORM,OVAL,NONE,NONE
EH5_Siemens029/jai_0000440_1405_888.png,MICR,NONE,NONE,NONE
EH5_Siemens029/jai_0000828_377_1038.png,NORM,NONE,NONE,NONE
CDB_Sample030/jai_0000274_1089_1208.png,NORM,OVAL,NONE,NONE
CDB_Sample125/jai_0000058_627_108.png,NORM,NONE,NONE,NONE
EH5_Siemens012/jai_0000059_1789_295.png,NORM,NONE,NONE,NRBC
EH5_Siemens029/jai_0000052_1959_101.png,NORM,ECHI,NONE,NONE
CDB_Sample012/jai_0000062_352_497.png,MICR,NONE,NONE,NONE
CDB_Sample156/jai_0000140_609_946.png,NORM,ECHI,NONE,NONE
EH5_Siemens029/jai_0000439_513_947.png,NORM,NONE,NONE,NONE
EH5_Siemens029/jai_0000439_1809_218.png,MICR,NONE,NONE,NONE
CDB_Sample156/jai_0000522_1945_1416.png,NORM,ACAN,NONE,NONE
CDB_Sample126/jai_0000100_332_783.png,NORM,NONE,HYPR,NONE
EH5_Siemens012/jai_0001609_1420_692.png,NORM,NONE,HYPR,"BAST, RETI"
CDB_Sample189/jai_0000079_972_1244.png,MICR,NONE,NONE,NONE
EH5_Siemens012/jai_0000139_1441_1414.png,NORM,OVAL,NONE,NONE
CDB_Sample012/jai_0000108_469_855.png,NORM,NONE,HYPR,NONE
EH5_Siemens037/jai_0000613_1589_914.png,NORM,ECHI,NONE,NONE
EH5_Siemens012/jai_0000264_1196_1287.png,NORM,NONE,NONE,"BAST, HOJO, RETI"
CDB_Sample125/jai_0000351_1607_450.png,NORM,NONE,NONE,RETI
EH5_Siemens012/jai_0000057_1427_1132.png,NORM,NONE,NONE,NRBC
CDB_Sample030/jai_0000186_1237_346.png,NORM,TEAR,NONE,NONE
EH5_Siemens037/jai_0000356_862_1258.png,NORM,NONE,NONE,NONE
CDB_Sample125/jai_0000268_731_1083.png,MICR,NONE,NONE,NONE
EH5_Siemens083/jai_0000064_614_412.png,MICR,NONE,NONE,NONE
CDB_Sample012/jai_0000026_685_1330.png,NORM,NONE,NONE,NONE
EH5_Siemens029/jai_0000655_1095_1009.png,NORM,TEAR,NONE,RETI
CDB_Sample189/jai_0000035_1175_773.png,NORM,NONE,NONE,PABO
CDB_Sample125/jai_0000354_770_1049.png,NORM,NONE,NONE,NONE
CDB_Sample189/jai_0000162_1329_262.png,NORM,ECHI,NONE,NONE
CDB_Sample030/jai_0000013_504_1023.png,MICR,NONE,NONE,NONE
EH5_Siemens083/jai_0000101_1518_354.png,NORM,ECHI,NONE,NONE
CDB_Sample012/jai_0000032_892_1220.png,NORM,NONE,NONE,NONE
EH5_Siemens083/jai_0000185_1475_97.png,NORM,OVAL,HYPO,NONE
EH5_Siemens003/jai_0000980_1809_343.png,MICR,NONE,NONE,NONE
CDB_Sample125/jai_0000009_445_891.png,NORM,NONE,NONE,NONE
EH5_Siemens012/jai_0000046_321_800.png,NORM,NONE,NONE,NRBC
CDB_Sample125/jai_0000269_352_241.png,NORM,NONE,NONE,MALA
CDB_Sample189/jai_0000245_290_415.png,NORM,SICK,NONE,NONE
CDB_Sample156/jai_0000270_1357_374.png,NORM,NONE,NONE,NONE
CDB_Sample125/jai_0000349_851_1298.png,NORM,NONE,NONE,NONE
EH5_Siemens012/jai_0001268_93_73.png,MICR,NONE,NONE,BAST
CDB_Sample189/jai_0000033_1651_1223.png,NORM,NONE,NONE,HOJO
EH5_Siemens037/jai_0000570_318_112.png,NORM,ECHI,NONE,NONE
EH5_Siemens029/jai_0000310_1650_701.png,MICR,SPHE,NONE,NONE
EH5_Siemens012/jai_0000057_917_1252.png,NORM,NONE,TARG,NONE
CDB_Sample156/jai_0000307_1788_854.png,NORM,NONE,NONE,NONE
EH5_Siemens008/jai_0001222_349_599.png,NORM,NONE,NONE,NONE
EH5_Siemens012/jai_0001353_1286_1185.png,NORM,HELM,NONE,"BAST, HOJO"
CDB_Sample125/jai_0000273_1704_654.png,NORM,NONE,NONE,MALA
CDB_Sample030/jai_0000018_169_1398.png,NORM,NONE,HYPO,NONE
CDB_Sample156/jai_0000310_1315_1293.png,NORM,NONE,NONE,NONE
CDB_Sample012/jai_0000106_1567_1263.png,NORM,NONE,NONE,NONE
EH5_Siemens003/jai_0000060_1222_505.png,NORM,NONE,HYPR,NONE
EH5_Siemens037/jai_0000656_251_1072.png,NORM,NONE,NONE,RETI
EH5_Siemens029/jai_0000654_712_198.png,MICR,SPHE,NONE,NONE
EH5_Siemens012/jai_0000136_735_637.png,NORM,NONE,NONE,NONE
CDB_Sample030/jai_0000015_1122_1080.png,MICR,NONE,NONE,NONE
CDB_Sample125/jai_0000266_1531_722.png,NORM,NONE,NONE,MALA
CDB_Sample030/jai_0000018_289_1320.png,NORM,NONE,HYPO,NONE
EH5_Siemens012/jai_0001353_1286_1185.png,NORM,HELM,NONE,"BAST, HOJO"
EH5_Siemens037/jai_0000611_692_704.png,NORM,NONE,NONE,NONE
EH5_Siemens041/jai_0000187_1819_1116.png,MICR,SCHI,NONE,NONE
CDB_Sample189/jai_0000161_1080_1188.png,NORM,NONE,NONE,PABO
CDB_Sample030/jai_0000227_782_987.png,NORM,OVAL,NONE,NONE
EH5_Siemens012/jai_0000182_156_872.png,NORM,NONE,TARG,NONE
CDB_Sample189/jai_0000377_482_81.png,NORM,NONE,NONE,HOJO
EH5_Siemens037/jai_0000526_1725_739.png,NORM,NONE,TARG,NONE
CDB_Sample189/jai_0000333_1683_307.png,MICR,NONE,NONE,NONE
EH5_Siemens013/jai_0001060_1235_951.png,NORM,NONE,NONE,RETI
EH5_Siemens037/jai_0000656_1019_338.png,NORM,NONE,NONE,NONE
EH5_Siemens045/jai_0000185_1032_383.png,MICR,SCHI,NONE,NONE
CDB_Sample012/jai_0000116_72_394.png,NORM,NONE,NONE,BAST
EH5_Siemens003/jai_0000242_980_1016.png,NORM,NONE,HYPR,NONE
CDB_Sample125/jai_0000183_339_340.png,NORM,NONE,NONE,MALA
EH5_Siemens008/jai_0000578_401_1145.png,NORM,NONE,NONE,NONE
CDB_Sample012/jai_0000065_858_784.png,NORM,NONE,NONE,NONE
EH5_Siemens083/jai_0001472_1080_532.png,NORM,NONE,HYPO,NONE
EH5_Siemens003/jai_0000158_511_666.png,NORM,NONE,STOM,NONE
EH5_Siemens012/jai_0001353_1286_1185.png,NORM,HELM,NONE,"BAST, HOJO"
CDB_Sample189/jai_0000381_1500_1228.png,NORM,NONE,NONE,HOJO
EH5_Siemens012/jai_0000192_274_267.png,NORM,OVAL,HYPO,NONE
EH5_Siemens012/jai_0000951_513_920.png,NORM,NONE,NONE,"BAST, HOJO, RETI"
CDB_Sample012/jai_0000106_1189_1002.png,NORM,NONE,NONE,NONE
EH5_Siemens012/jai_0000139_1226_171.png,NORM,ACAN,NONE,NONE
CDB_Sample125/jai_0000009_1925_736.png,NORM,NONE,NONE,MALA
EH5_Siemens012/jai_0001268_1072_216.png,MICR,OVAL,NONE,"HOJO, RETI"
EH5_Siemens008/jai_0001437_1110_227.png,NORM,BITE,NONE,NONE
CDB_Sample012/jai_0000117_1842_685.png,NORM,NONE,NONE,NONE
EH5_Siemens012/jai_0001353_1286_1185.png,NORM,HELM,NONE,"BAST, HOJO"
EH5_Siemens013/jai_0000071_1475_1131.png,NORM,NONE,NONE,NONE
EH5_Siemens083/jai_0000267_1141_457.png,NORM,OVAL,NONE,NONE
CDB_Sample156/jai_0000264_300_211.png,NORM,ECHI,NONE,NONE
EH5_Siemens013/jai_0000072_331_947.png,NORM,TEAR,NONE,NONE
EH5_Siemens012/jai_0001525_1498_1380.png,NORM,NONE,NONE,"BAST, RETI"
CDB_Sample030/jai_0000103_1561_1229.png,NORM,OVAL,NONE,NONE
EH5_Siemens013/jai_0000072_318_159.png,MICR,SPHE,NONE,NONE
CDB_Sample189/jai_0000160_685_133.png,NORM,NONE,NONE,NONE
CDB_Sample012/jai_0000106_1419_1012.png,NORM,NONE,NONE,NONE
CDB_Sample156/jai_0000181_339_1026.png,NORM,NONE,NONE,NONE
EH5_Siemens012/jai_0001437_654_1314.png,NORM,OVAL,NONE,"BAST, HOJO"
CDB_Sample030/jai_0000097_1737_134.png,NORM,OVAL,NONE,RETI
CDB_Sample012/jai_0000110_1456_1071.png,NORM,NONE,NONE,NONE
EH5_Siemens037/jai_0000611_1826_1027.png,NORM,ECHI,NONE,NONE
EH5_Siemens012/jai_0000063_1740_535.png,NORM,NONE,HYPO,NONE
EH5_Siemens083/jai_0000181_770_410.png,NORM,NONE,HYPR,NONE
EH5_Siemens003/jai_0000663_67_585.png,NORM,NONE,NONE,NONE
EH5_Siemens012/jai_0000059_316_1355.png,NORM,OVAL,NONE,NONE
EH5_Siemens012/jai_0000192_1822_1272.png,NORM,NONE,NONE,NONE
EH5_Siemens012/jai_0001268_1072_216.png,MICR,OVAL,NONE,"HOJO, RETI"
EH5_Siemens012/jai_0000057_1569_1060.png,NORM,NONE,NONE,NRBC
CDB_Sample189/jai_0000114_1787_644.png,NORM,OVAL,HYPO,PABO
EH5_Siemens012/jai_0001437_654_1314.png,NORM,OVAL,NONE,"BAST, HOJO"
CDB_Sample189/jai_0000293_1281_66.png,NORM,NONE,NONE,NONE
CDB_Sample125/jai_0000271_1415_703.png,NORM,NONE,NONE,MALA
EH5_Siemens012/jai_0000264_1196_1287.png,NORM,NONE,NONE,"BAST, HOJO, RETI"
CDB_Sample125/jai_0000273_968_372.png,MICR,SCHI,NONE,NONE
CDB_Sample012/jai_0000194_376_854.png,NORM,NONE,HYPO,NONE
EH5_Siemens045/jai_0000184_1650_237.png,NORM,BITE,NONE,NONE
CDB_Sample030/jai_0000016_102_1164.png,MICR,NONE,NONE,NONE
CDB_Sample189/jai_0000161_526_964.png,NORM,NONE,NONE,HOJO
EH5_Siemens012/jai_0000057_144_1345.png,NORM,NONE,HYPO,NONE
EH5_Siemens003/jai_0000278_1857_139.png,NORM,NONE,NONE,NONE
CDB_Sample156/jai_0000097_1858_723.png,NORM,NONE,NONE,HOJO
CDB_Sample125/jai_0000354_194_1002.png,NORM,NONE,NONE,MALA
EH5_Siemens008/jai_0001437_841_350.png,NORM,BITE,NONE,NONE
EH5_Siemens003/jai_0000663_201_1061.png,NORM,NONE,NONE,NONE
EH5_Siemens083/jai_0001472_543_113.png,MACR,NONE,NONE,BAST
EH5_Siemens041/jai_0000231_872_1284.png,MICR,SCHI,NONE,NONE
CDB_Sample189/jai_0000033_1277_554.png,NORM,NONE,NONE,PABO
EH5_Siemens013/jai_0000072_1543_663.png,NORM,TEAR,NONE,NONE
EH5_Siemens029/jai_0000353_169_34.png,NORM,NONE,NONE,NONE
EH5_Siemens037/jai_0000611_1509_374.png,NORM,NONE,NONE,NONE
EH5_Siemens012/jai_0000192_478_1235.png,NORM,NONE,TARG,NONE
CDB_Sample125/jai_0000271_661_521.png,MICR,SCHI,NONE,NONE
EH5_Siemens013/jai_0000371_39_1149.png,NORM,TEAR,NONE,NONE
CDB_Sample156/jai_0000268_1410_418.png,NORM,NONE,NONE,NONE
EH5_Siemens037/jai_0000657_236_1125.png,NORM,ECHI,NONE,NONE
EH5_Siemens008/jai_0001437_841_350.png,NORM,BITE,NONE,NONE
CDB_Sample189/jai_0000038_751_204.png,NORM,NONE,NONE,"HOJO, RETI"
EH5_Siemens083/jai_0000356_1424_1367.png,NORM,OVAL,HYPR,NONE
EH5_Siemens029/jai_0000568_1393_898.png,NORM,NONE,NONE,NONE
EH5_Siemens003/jai_0000747_1667_1003.png,NORM,NONE,NONE,NONE
CDB_Sample125/jai_0000053_619_1361.png,NORM,NONE,NONE,BAST
EH5_Siemens013/jai_0000758_1117_1377.png,NORM,NONE,NONE,RETI
EH5_Siemens083/jai_0000098_1825_349.png,NORM,TEAR,NONE,NONE
EH5_Siemens012/jai_0000182_1498_775.png,MICR,SPHE,NONE,NONE
CDB_Sample189/jai_0000165_547_873.png,NORM,NONE,NONE,PABO
CDB_Sample012/jai_0000113_1176_895.png,NORM,NONE,STOM,NONE
EH5_Siemens012/jai_0000192_1501_626.png,NORM,NONE,NONE,NONE
EH5_Siemens012/jai_0000951_513_920.png,NORM,NONE,NONE,"BAST, HOJO, RETI"
EH5_Siemens012/jai_0000147_972_832.png,MICR,NONE,NONE,BAST
CDB_Sample189/jai_0000374_888_506.png,NORM,NONE,NONE,RETI
CDB_Sample030/jai_0000062_340_38.png,NORM,NONE,NONE,NONE
EH5_Siemens012/jai_0000264_1225_305.png,NORM,NONE,TARG,NONE
EH5_Siemens029/jai_0000692_1505_593.png,NORM,NONE,NONE,BAST
CDB_Sample125/jai_0000057_1727_1288.png,NORM,NONE,NONE,MALA
EH5_Siemens013/jai_0000074_1704_769.png,NORM,NONE,NONE,NONE
CDB_Sample156/jai_0000181_148_735.png,NORM,ACAN,NONE,NONE
EH5_Siemens012/jai_0001261_1830_454.png,MICR,NONE,NONE,BAST
EH5_Siemens003/jai_0000227_234_990.png,NORM,NONE,NONE,HOJO
CDB_Sample125/jai_0000268_1639_195.png,NORM,NONE,NONE,MALA
EH5_Siemens012/jai_0001437_654_1314.png,NORM,OVAL,NONE,"BAST, HOJO"
EH5_Siemens083/jai_0000016_1131_133.png,MICR,SCHI,NONE,NONE
EH5_Siemens013/jai_0000969_1446_1289.png,NORM,TEAR,NONE,NONE
EH5_Siemens029/jai_0000133_796_145.png,NORM,NONE,NONE,NONE
CDB_Sample030/jai_0000061_795_102.png,NORM,NONE,NONE,NONE
EH5_Siemens008/jai_0001437_1110_227.png,NORM,BITE,NONE,NONE
EH5_Siemens083/jai_0000142_886_728.png,MICR,NONE,NONE,NONE
EH5_Siemens037/jai_0000400_1217_378.png,NORM,NONE,NONE,NONE
EH5_Siemens013/jai_0000758_803_864.png,NORM,NONE,NONE,NONE
CDB_Sample030/jai_0000275_1204_992.png,MICR,NONE,NONE,NONE
EH5_Siemens037/jai_0000009_177_1262.png,NORM,ECHI,NONE,NONE
EH5_Siemens012/jai_0001437_654_1314.png,NORM,OVAL,NONE,"BAST, HOJO"
EH5_Siemens012/jai_0001268_1072_216.png,MICR,OVAL,NONE,"HOJO, RETI"
EH5_Siemens012/jai_0001268_1072_216.png,MICR,OVAL,NONE,"HOJO, RETI"
CDB_Sample030/jai_0000148_1194_808.png,NORM,NONE,NONE,NONE
CDB_Sample156/jai_0000181_59_156.png,NORM,ECHI,NONE,NONE
EH5_Siemens012/jai_0001477_876_585.png,NORM,NONE,NONE,BAST
CDB_Sample189/jai_0000035_1089_122.png,NORM,NONE,NONE,HOJO
CDB_Sample189/jai_0000249_344_76.png,NORM,NONE,NONE,PABO
EH5_Siemens012/jai_0001353_1286_1185.png,NORM,HELM,NONE,"BAST, HOJO"
CDB_Sample125/jai_0000095_1367_169.png,NORM,ECHI,NONE,NONE
EH5_Siemens037/jai_0000441_1695_1184.png,NORM,NONE,TARG,NONE
CDB_Sample030/jai_0000277_809_1293.png,NORM,ECHI,NONE,NONE
EH5_Siemens029/jai_0000822_465_412.png,NORM,NONE,HYPO,NONE
EH5_Siemens012/jai_0000264_1196_1287.png,NORM,NONE,NONE,"BAST, HOJO, RETI"
EH5_Siemens003/jai_0000976_1626_527.png,NORM,OVAL,NONE,NONE
EH5_Siemens012/jai_0000182_1901_1098.png,MACR,NONE,HYPO,"BAST, RETI"
CDB_Sample156/jai_0000610_1132_1167.png,NORM,NONE,NONE,MALA
CDB_Sample030/jai_0000231_439_714.png,NORM,OVAL,NONE,NONE
CDB_Sample189/jai_0000294_1644_745.png,NORM,NONE,NONE,RETI
CDB_Sample189/jai_0000168_1635_1095.png,NORM,ECHI,NONE,NONE
EH5_Siemens045/jai_0000011_1939_1252.png,MICR,SCHI,NONE,NONE
EH5_Siemens012/jai_0000130_1819_748.png,NORM,NONE,NONE,"BAST, RETI"
CDB_Sample012/jai_0000107_993_1161.png,MICR,SPHE,NONE,NONE
EH5_Siemens012/jai_0000182_922_906.png,NORM,NONE,NONE,RETI
CDB_Sample189/jai_0000038_1863_102.png,NORM,NONE,NONE,HOJO
CDB_Sample189/jai_0000247_788_269.png,NORM,NONE,NONE,PABO
EH5_Siemens029/jai_0000653_1055_677.png,NORM,NONE,HYPO,NONE
CDB_Sample125/jai_0000268_1639_195.png,NORM,NONE,NONE,MALA
EH5_Siemens008/jai_0001349_1457_455.png,NORM,NONE,NONE,NONE
EH5_Siemens012/jai_0001353_1286_1185.png,NORM,HELM,NONE,"BAST, HOJO"
EH5_Siemens037/jai_0000483_527_1092.png,NORM,OVAL,HYPO,NONE
EH5_Siemens029/jai_0000479_342_453.png,NORM,HELM,NONE,NONE
CDB_Sample125/jai_0000094_334_692.png,NORM,ECHI,NONE,NONE
EH5_Siemens013/jai_0000803_1601_46.png,NORM,TEAR,NONE,NONE
CDB_Sample189/jai_0000163_1648_917.png,NORM,NONE,NONE,HOJO
EH5_Siemens012/jai_0001514_830_856.png,NORM,NONE,HYPR,"BAST, RETI"
EH5_Siemens013/jai_0000758_1274_533.png,MICR,SPHE,NONE,NONE
EH5_Siemens083/jai_0000142_493_1324.png,NORM,ACAN,NONE,NONE
EH5_Siemens008/jai_0001392_1499_519.png,MICR,SPHE,NONE,NONE
EH5_Siemens013/jai_0000119_1358_1010.png,NORM,TEAR,NONE,NONE
EH5_Siemens012/jai_0001353_1286_1185.png,NORM,HELM,NONE,"BAST, HOJO"
EH5_Siemens013/jai_0000758_1812_441.png,NORM,NONE,NONE,RETI
EH5_Siemens012/jai_0001268_1072_216.png,MICR,OVAL,NONE,"HOJO, RETI"
EH5_Siemens008/jai_0000241_1088_444.png,NORM,NONE,NONE,NONE
CDB_Sample125/jai_0000055_162_1302.png,MACR,NONE,HYPO,NONE
EH5_Siemens012/jai_0001268_1072_216.png,MICR,OVAL,NONE,"HOJO, RETI"
CDB_Sample189/jai_0000166_494_148.png,NORM,NONE,NONE,HOJO
EH5_Siemens008/jai_0001437_1110_227.png,NORM,BITE,NONE,NONE
CDB_Sample125/jai_0000351_893_594.png,NORM,NONE,NONE,NONE
EH5_Siemens083/jai_0000185_880_272.png,NORM,NONE,HYPO,NONE
EH5_Siemens029/jai_0000440_1637_247.png,NORM,NONE,NONE,NONE
EH5_Siemens003/jai_0000265_1198_1048.png,NORM,NONE,NONE,HOJO
EH5_Siemens013/jai_0000371_977_1251.png,NORM,NONE,NONE,NONE
CDB_Sample125/jai_0000182_350_704.png,NORM,NONE,NONE,NONE
CDB_Sample030/jai_0000103_1124_683.png,NORM,OVAL,NONE,NONE
CDB_Sample125/jai_0000053_1876_648.png,NORM,NONE,HYPO,NONE
CDB_Sample125/jai_0000009_1925_736.png,NORM,NONE,NONE,MALA
CDB_Sample189/jai_0000160_181_1113.png,NORM,NONE,NONE,RETI
CDB_Sample012/jai_0000025_716_372.png,NORM,NONE,NONE,NONE
EH5_Siemens029/jai_0000568_1831_762.png,MICR,NONE,NONE,NONE
EH5_Siemens013/jai_0000327_1939_939.png,NORM,NONE,NONE,RETI
EH5_Siemens037/jai_0000568_777_658.png,NORM,ECHI,NONE,NONE
CDB_Sample125/jai_0000263_1917_792.png,NORM,NONE,NONE,RETI
EH5_Siemens008/jai_0001141_713_1300.png,NORM,NONE,NONE,NONE
CDB_Sample189/jai_0000164_1267_935.png,NORM,NONE,NONE,NONE
CDB_Sample030/jai_0000235_1824_1024.png,NORM,TEAR,NONE,RETI
EH5_Siemens012/jai_0000264_1196_1287.png,NORM,NONE,NONE,"BAST, HOJO, RETI"
EH5_Siemens012/jai_0001173_1272_157.png,NORM,NONE,NONE,"BAST, RETI"
EH5_Siemens045/jai_0000094_92_1129.png,MICR,SCHI,NONE,NONE
EH5_Siemens037/jai_0000526_1612_619.png,NORM,HELM,NONE,NONE
CDB_Sample189/jai_0000114_1423_747.png,NORM,NONE,NONE,HOJO
EH5_Siemens012/jai_0000527_58_691.png,NORM,NONE,NONE,"BAST, RETI"
EH5_Siemens012/jai_0000174_537_466.png,NORM,NONE,TARG,NONE
EH5_Siemens012/jai_0000043_908_1424.png,NORM,NONE,NONE,NRBC
EH5_Siemens012/jai_0000130_1819_748.png,NORM,NONE,NONE,"BAST, RETI"
EH5_Siemens008/jai_0000021_520_1416.png,NORM,OVAL,NONE,NONE
CDB_Sample030/jai_0000100_1359_92.png,NORM,NONE,NONE,NONE
EH5_Siemens029/jai_0000133_1609_1127.png,NORM,NONE,NONE,NONE
EH5_Siemens083/jai_0000060_1657_1336.png,NORM,NONE,NONE,NONE
CDB_Sample189/jai_0000034_848_1294.png,NORM,SICK,NONE,NONE
EH5_Siemens045/jai_0000184_1650_237.png,NORM,BITE,NONE,NONE
EH5_Siemens083/jai_0000015_333_417.png,MACR,NONE,HYPR,NONE
EH5_Siemens045/jai_0000186_1508_995.png,MICR,SCHI,NONE,NONE
CDB_Sample156/jai_0000306_154_1029.png,NORM,NONE,NONE,NONE
EH5_Siemens029/jai_0000653_830_373.png,NORM,NONE,NONE,NONE
CDB_Sample030/jai_0000229_1315_119.png,NORM,NONE,HYPR,NONE
CDB_Sample189/jai_0000165_710_1330.png,MICR,NONE,NONE,PABO
EH5_Siemens037/jai_0000611_1561_907.png,NORM,NONE,TARG,NONE
EH5_Siemens013/jai_0000072_318_159.png,MICR,SPHE,NONE,NONE
EH5_Siemens012/jai_0001353_1286_1185.png,NORM,HELM,NONE,"BAST, HOJO"
EH5_Siemens013/jai_0000158_1719_577.png,NORM,NONE,NONE,RETI
CDB_Sample156/jai_0000264_1787_1220.png,NORM,NONE,NONE,NONE
CDB_Sample125/jai_0000356_1678_1408.png,MICR,SPHE,NONE,NONE
EH5_Siemens013/jai_0001060_1279_529.png,NORM,OVAL,NONE,NONE
CDB_Sample030/jai_0000272_1444_218.png,NORM,TEAR,NONE,NONE
EH5_Siemens012/jai_0000264_1196_1287.png,NORM,NONE,NONE,"BAST, HOJO, RETI"
EH5_Siemens037/jai_0000568_1513_350.png,NORM,NONE,NONE,HOJO
EH5_Siemens037/jai_0000483_650_30.png,NORM,NONE,HYPR,NONE
EH5_Siemens012/jai_0000174_938_1403.png,NORM,NONE,NONE,NRBC
CDB_Sample189/jai_0000288_310_156.png,NORM,NONE,NONE,NONE
EH5_Siemens012/jai_0000063_922_1152.png,NORM,NONE,NONE,NONE
EH5_Siemens083/jai_0000182_201_625.png,NORM,NONE,NONE,"BAST, RETI"
EH5_Siemens012/jai_0000182_530_1077.png,NORM,NONE,NONE,NRBC
EH5_Siemens013/jai_0000413_167_739.png,NORM,TEAR,NONE,NONE
EH5_Siemens029/jai_0000133_1138_1136.png,NORM,NONE,NONE,NONE
CDB_Sample156/jai_0000607_713_763.png,NORM,ECHI,NONE,NONE
EH5_Siemens083/jai_0000183_1646_960.png,NORM,NONE,NONE,"BAST, RETI"
CDB_Sample156/jai_0000610_848_349.png,NORM,NONE,NONE,MALA
CDB_Sample125/jai_0000058_504_1321.png,NORM,ECHI,NONE,NONE
CDB_Sample189/jai_0000248_1594_596.png,NORM,SICK,NONE,NONE
CDB_Sample125/jai_0000317_995_883.png,NORM,NONE,NONE,MALA
EH5_Siemens037/jai_0000400_677_324.png,NORM,ECHI,NONE,NONE
CDB_Sample030/jai_0000227_1662_1031.png,NORM,NONE,HYPO,NONE
EH5_Siemens013/jai_0000803_1949_772.png,NORM,NONE,NONE,RETI
CDB_Sample156/jai_0000308_1581_1173.png,NORM,ECHI,NONE,NONE
EH5_Siemens008/jai_0001613_1004_255.png,NORM,OVAL,NONE,NONE
EH5_Siemens012/jai_0001353_1286_1185.png,NORM,HELM,NONE,"BAST, HOJO"
CDB_Sample030/jai_0000017_1377_942.png,NORM,NONE,NONE,NONE
EH5_Siemens012/jai_0001353_885_1111.png,NORM,NONE,HYPR,"BAST, RETI"
CDB_Sample030/jai_0000146_367_1013.png,MICR,NONE,NONE,NONE
CDB_Sample156/jai_0000351_1080_1211.png,NORM,ACAN,NONE,NONE
EH5_Siemens029/jai_0000695_317_1388.png,NORM,NONE,NONE,NONE
EH5_Siemens045/jai_0000184_1710_203.png,NORM,HELM,NONE,NONE
EH5_Siemens012/jai_0001353_1286_1185.png,NORM,HELM,NONE,"BAST, HOJO"
EH5_Siemens012/jai_0000174_938_1403.png,NORM,NONE,NONE,NRBC
EH5_Siemens029/jai_0000654_995_369.png,NORM,NONE,NONE,NONE
EH5_Siemens012/jai_0001437_654_1314.png,NORM,OVAL,NONE,"BAST, HOJO"
CDB_Sample030/jai_0000103_405_119.png,NORM,ELLI,NONE,NONE
EH5_Siemens029/jai_0000398_1631_1137.png,NORM,NONE,HYPO,NONE
EH5_Siemens083/jai_0000356_648_1067.png,NORM,ECHI,NONE,NONE
EH5_Siemens012/jai_0001437_654_1314.png,NORM,OVAL,NONE,"BAST, HOJO"
CDB_Sample156/jai_0000051_692_1261.png,NORM,NONE,NONE,NONE
EH5_Siemens083/jai_0000185_653_346.png,NORM,NONE,HYPR,NONE
CDB_Sample125/jai_0000275_934_310.png,NORM,NONE,NONE,MALA
EH5_Siemens083/jai_0000015_269_715.png,MICR,NONE,NONE,NONE
EH5_Siemens012/jai_0000063_1094_1225.png,NORM,NONE,HYPO,NONE
CDB_Sample189/jai_0000121_87_1450.png,NORM,NONE,NONE,NONE
CDB_Sample156/jai_0000394_1688_97.png,NORM,ACAN,NONE,NONE
EH5_Siemens029/jai_0000048_912_973.png,MICR,NONE,NONE,NONE
CDB_Sample012/jai_0000029_561_951.png,NORM,NONE,NONE,RETI
EH5_Siemens029/jai_0000225_1595_766.png,NORM,NONE,HYPO,NONE
CDB_Sample189/jai_0000293_1806_1398.png,NORM,SICK,NONE,NONE
EH5_Siemens012/jai_0000063_819_369.png,NORM,NONE,TARG,NONE
EH5_Siemens037/jai_0000483_179_122.png,NORM,NONE,NONE,NONE
EH5_Siemens008/jai_0000022_212_788.png,NORM,NONE,NONE,NONE
EH5_Siemens008/jai_0000449_1834_379.png,NORM,NONE,TARG,NONE
CDB_Sample012/jai_0000070_1676_1439.png,NORM,NONE,NONE,NONE
EH5_Siemens008/jai_0000578_1265_173.png,NORM,BITE,NONE,NONE
EH5_Siemens012/jai_0000043_1432_839.png,NORM,NONE,NONE,NRBC
CDB_Sample125/jai_0000059_1154_945.png,NORM,ECHI,NONE,MALA
EH5_Siemens008/jai_0001437_1110_227.png,NORM,BITE,NONE,NONE
CDB_Sample030/jai_0000189_177_1331.png,MICR,NONE,NONE,NONE
EH5_Siemens012/jai_0000182_642_1253.png,NORM,NONE,NONE,"BAST, RETI"
EH5_Siemens012/jai_0000019_640_154.png,NORM,NONE,TARG,NONE
EH5_Siemens012/jai_0001353_1286_1185.png,NORM,HELM,NONE,"BAST, HOJO"
EH5_Siemens012/jai_0001166_576_1304.png,NORM,NONE,NONE,"BAST, RETI"
CDB_Sample012/jai_0000065_90_1247.png,NORM,NONE,NONE,NONE
EH5_Siemens012/jai_0001353_1286_1185.png,NORM,HELM,NONE,"BAST, HOJO"
EH5_Siemens029/jai_0000439_1414_689.png,NORM,NONE,STOM,NONE
EH5_Siemens029/jai_0000822_1504_1201.png,NORM,TEAR,NONE,NONE
EH5_Siemens013/jai_0000074_127_1315.png,NORM,NONE,HYPR,NONE
EH5_Siemens012/jai_0000264_1196_1287.png,NORM,NONE,NONE,"BAST, HOJO, RETI"
EH5_Siemens029/jai_0000692_505_1053.png,NORM,NONE,NONE,NONE
CDB_Sample125/jai_0000274_993_754.png,NORM,NONE,HYPO,RETI
CDB_Sample156/jai_0000565_331_1112.png,NORM,NONE,NONE,NONE
CDB_Sample125/jai_0000273_932_1381.png,MICR,NONE,NONE,NONE
CDB_Sample125/jai_0000264_1069_85.png,NORM,NONE,HYPO,NONE
CDB_Sample189/jai_0000292_1242_672.png,NORM,NONE,NONE,NONE
EH5_Siemens045/jai_0000189_704_723.png,MICR,SCHI,NONE,NONE
EH5_Siemens013/jai_0000071_1859_54.png,NORM,TEAR,NONE,NONE
CDB_Sample189/jai_0000115_1183_460.png,NORM,SICK,NONE,NONE
CDB_Sample030/jai_0000060_808_704.png,NORM,ECHI,NONE,NONE
EH5_Siemens012/jai_0000147_1682_374.png,NORM,NONE,NONE,NRBC
EH5_Siemens008/jai_0001392_66_734.png,NORM,NONE,NONE,NONE
EH5_Siemens012/jai_0000046_1562_1127.png,NORM,OVAL,NONE,NONE
EH5_Siemens012/jai_0000044_386_1053.png,NORM,NONE,HYPO,NONE
CDB_Sample125/jai_0000225_294_771.png,NORM,NONE,NONE,MALA
CDB_Sample012/jai_0000070_822_577.png,NORM,NONE,NONE,NONE
CDB_Sample030/jai_0000231_1357_387.png,NORM,TEAR,NONE,NONE
EH5_Siemens012/jai_0000019_343_783.png,MACR,NONE,HYPO,HOJO
EH5_Siemens013/jai_0000074_1401_822.png,NORM,NONE,NONE,NONE
EH5_Siemens012/jai_0000217_227_533.png,NORM,NONE,TARG,NONE
EH5_Siemens037/jai_0000441_611_978.png,NORM,ACAN,NONE,NONE
EH5_Siemens012/jai_0001256_755_1091.png,NORM,NONE,NONE,BAST
CDB_Sample012/jai_0000062_1436_473.png,NORM,NONE,NONE,NONE
EH5_Siemens029/jai_0000653_1633_378.png,NORM,NONE,HYPR,NONE
EH5_Siemens012/jai_0000303_64_613.png,NORM,NONE,NONE,NRBC
EH5_Siemens029/jai_0000439_1848_1230.png,NORM,NONE,STOM,NONE
CDB_Sample156/jai_0000264_269_1083.png,NORM,ACAN,NONE,NONE
CDB_Sample156/jai_0000182_546_1291.png,NORM,ECHI,NONE,NONE
EH5_Siemens012/jai_0000057_1427_1132.png,NORM,NONE,NONE,NRBC
EH5_Siemens012/jai_0000019_956_1247.png,NORM,NONE,NONE,"BAST, RETI"
CDB_Sample012/jai_0000149_1937_993.png,MICR,NONE,NONE,NONE
EH5_Siemens029/jai_0000048_900_1133.png,MACR,OVAL,HYPR,NONE
CDB_Sample156/jai_0000097_907_185.png,NORM,NONE,NONE,NONE
EH5_Siemens012/jai_0000043_1432_839.png,NORM,NONE,NONE,NRBC
EH5_Siemens012/jai_0000182_1901_1098.png,MACR,NONE,HYPO,"BAST, RETI"
EH5_Siemens003/jai_0000783_1066_908.png,NORM,OVAL,NONE,NONE
CDB_Sample189/jai_0000038_751_204.png,NORM,NONE,NONE,"HOJO, RETI"
CDB_Sample125/jai_0000181_1922_913.png,NORM,NONE,NONE,MALA
EH5_Siemens008/jai_0001657_858_840.png,NORM,OVAL,NONE,NONE
EH5_Siemens008/jai_0000024_1363_706.png,NORM,OVAL,NONE,NONE
EH5_Siemens045/jai_0000185_1032_383.png,MICR,SCHI,NONE,NONE
CDB_Sample030/jai_0000272_1749_1405.png,NORM,NONE,NONE,NONE
CDB_Sample030/jai_0000141_1905_225.png,NORM,TEAR,NONE,NONE
EH5_Siemens029/jai_0000822_409_873.png,NORM,NONE,NONE,NONE
CDB_Sample156/jai_0000392_580_718.png,NORM,HELM,NONE,NONE
EH5_Siemens083/jai_0000013_682_664.png,NORM,OVAL,HYPO,NONE
CDB_Sample189/jai_0000168_1623_806.png,NORM,NONE,NONE,HOJO
CDB_Sample189/jai_0000123_1918_253.png,NORM,NONE,NONE,PABO
CDB_Sample125/jai_0000273_340_651.png,NORM,NONE,NONE,MALA
CDB_Sample030/jai_0000018_1455_1098.png,NORM,OVAL,NONE,NONE
EH5_Siemens012/jai_0000139_1436_643.png,NORM,NONE,NONE,"BAST, RETI"
EH5_Siemens012/jai_0000182_1498_775.png,MICR,SPHE,NONE,NONE
EH5_Siemens012/jai_0000192_832_383.png,NORM,NONE,HYPO,NONE
EH5_Siemens041/jai_0000358_716_1142.png,NORM,HELM,NONE,NONE
EH5_Siemens012/jai_0000318_349_260.png,NORM,NONE,TARG,NONE
EH5_Siemens012/jai_0001256_755_1091.png,NORM,NONE,NONE,BAST
CDB_Sample189/jai_0000168_1623_806.png,NORM,NONE,NONE,HOJO
CDB_Sample012/jai_0000107_993_1161.png,MICR,SPHE,NONE,NONE
EH5_Siemens037/jai_0000656_1521_605.png,NORM,ECHI,NONE,NONE
EH5_Siemens012/jai_0001268_1072_216.png,MICR,OVAL,NONE,"HOJO, RETI"
EH5_Siemens012/jai_0001268_1072_216.png,MICR,OVAL,NONE,"HOJO, RETI"
EH5_Siemens029/jai_0000310_1137_1407.png,NORM,NONE,HYPR,NONE
EH5_Siemens083/jai_0000183_1227_536.png,NORM,NONE,NONE,NONE
CDB_Sample189/jai_0000373_543_513.png,NORM,NONE,NONE,PABO
EH5_Siemens012/jai_0000951_513_920.png,NORM,NONE,NONE,"BAST, HOJO, RETI"
CDB_Sample156/jai_0000308_522_1048.png,NORM,ECHI,NONE,NONE
CDB_Sample030/jai_0000100_1422_149.png,NORM,OVAL,NONE,NONE
EH5_Siemens012/jai_0001261_1830_454.png,MICR,NONE,NONE,BAST
EH5_Siemens003/jai_0000976_1460_900.png,NORM,NONE,NONE,NONE
CDB_Sample125/jai_0000054_1181_968.png,NORM,NONE,NONE,MALA
CDB_Sample189/jai_0000117_497_104.png,NORM,NONE,NONE,PABO
EH5_Siemens012/jai_0000147_1682_374.png,NORM,NONE,NONE,NRBC
CDB_Sample125/jai_0000266_973_1299.png,MICR,NONE,NONE,NONE
EH5_Siemens037/jai_0000482_1153_402.png,MICR,SCHI,NONE,NONE
EH5_Siemens008/jai_0000595_949_268.png,NORM,NONE,NONE,NONE
CDB_Sample189/jai_0000118_801_1305.png,NORM,NONE,NONE,HOJO
EH5_Siemens083/jai_0000183_707_562.png,NORM,NONE,HYPO,NONE
EH5_Siemens083/jai_0000013_1423_863.png,NORM,NONE,HYPO,NONE
CDB_Sample125/jai_0000225_1386_926.png,NORM,NONE,NONE,MALA
EH5_Siemens045/jai_0000185_1032_383.png,MICR,SCHI,NONE,NONE
EH5_Siemens013/jai_0000889_748_149.png,NORM,NONE,NONE,NONE
EH5_Siemens012/jai_0001353_1286_1185.png,NORM,HELM,NONE,"BAST, HOJO"
CDB_Sample189/jai_0000038_751_204.png,NORM,NONE,NONE,"HOJO, RETI"
CDB_Sample030/jai_0000235_453_965.png,NORM,NONE,NONE,RETI
CDB_Sample125/jai_0000095_1057_843.png,NORM,NONE,NONE,NONE
EH5_Siemens029/jai_0000133_1395_1248.png,NORM,NONE,NONE,NONE
EH5_Siemens008/jai_0000022_1309_1434.png,NORM,OVAL,HYPO,NONE
EH5_Siemens012/jai_0000174_221_182.png,MICR,NONE,NONE,"BAST, RETI"
CDB_Sample189/jai_0000038_751_204.png,NORM,NONE,NONE,"HOJO, RETI"
EH5_Siemens012/jai_0000003_1026_425.png,NORM,NONE,TARG,NONE
EH5_Siemens029/jai_0000398_147_1054.png,NORM,NONE,NONE,NONE
CDB_Sample030/jai_0000274_282_1263.png,MICR,SPHE,NONE,NONE
CDB_Sample189/jai_0000290_472_275.png,NORM,SICK,NONE,NONE
EH5_Siemens012/jai_0001261_1435_477.png,NORM,NONE,NONE,"BAST, RETI"
EH5_Siemens029/jai_0000133_1301_106.png,NORM,NONE,NONE,NONE
EH5_Siemens012/jai_0000059_1789_295.png,NORM,NONE,NONE,NRBC
EH5_Siemens083/jai_0000101_1636_1227.png,MICR,NONE,NONE,NONE
EH5_Siemens029/jai_0000310_542_294.png,MICR,OVAL,NONE,NONE
EH5_Siemens012/jai_0001353_1286_1185.png,NORM,HELM,NONE,"BAST, HOJO"
EH5_Siemens083/jai_0000017_65_1099.png,NORM,NONE,HYPO,NONE
CDB_Sample156/jai_0000180_105_805.png,NORM,ACAN,NONE,NONE
EH5_Siemens083/jai_0001430_692_1350.png,NORM,NONE,NONE,"BAST, RETI"
EH5_Siemens012/jai_0000147_1682_374.png,NORM,NONE,NONE,NRBC
EH5_Siemens029/jai_0000133_700_51.png,NORM,NONE,NONE,NONE
CDB_Sample156/jai_0000094_78_753.png,NORM,ECHI,NONE,NONE
EH5_Siemens029/jai_0000310_1943_1041.png,MICR,NONE,NONE,NONE
EH5_Siemens013/jai_0000413_273_533.png,NORM,NONE,NONE,NONE
CDB_Sample125/jai_0000355_1688_1278.png,NORM,NONE,NONE,MALA
EH5_Siemens083/jai_0001430_1448_633.png,NORM,NONE,HYPO,NONE
EH5_Siemens008/jai_0000578_655_1149.png,NORM,NONE,NONE,NONE
EH5_Siemens013/jai_0000072_967_599.png,NORM,TEAR,NONE,NONE
CDB_Sample125/jai_0000050_229_222.png,NORM,NONE,NONE,NONE
CDB_Sample156/jai_0000652_194_1245.png,NORM,ECHI,NONE,NONE
EH5_Siemens012/jai_0001268_1072_216.png,MICR,OVAL,NONE,"HOJO, RETI"
EH5_Siemens012/jai_0001268_1072_216.png,MICR,OVAL,NONE,"HOJO, RETI"
CDB_Sample189/jai_0000246_1501_492.png,NORM,NONE,NONE,PABO
CDB_Sample189/jai_0000119_855_489.png,NORM,NONE,NONE,PABO
CDB_Sample030/jai_0000144_1241_267.png,NORM,TEAR,NONE,NONE
EH5_Siemens029/jai_0000525_748_1166.png,NORM,NONE,NONE,NONE
CDB_Sample125/jai_0000053_619_1361.png,NORM,NONE,NONE,BAST
EH5_Siemens012/jai_0000043_908_1424.png,NORM,NONE,NONE,NRBC
EH5_Siemens012/jai_0001268_1072_216.png,MICR,OVAL,NONE,"HOJO, RETI"
CDB_Sample125/jai_0000314_193_804.png,NORM,NONE,NONE,MALA
EH5_Siemens012/jai_0000182_1113_1096.png,NORM,NONE,TARG,NONE
CDB_Sample030/jai_0000019_379_1218.png,NORM,ELLI,NONE,NONE
CDB_Sample189/jai_0000251_1090_1035.png,NORM,NONE,STOM,NONE
EH5_Siemens037/jai_0000400_1441_828.png,NORM,NONE,NONE,NONE
EH5_Siemens029/jai_0000654_1049_1107.png,NORM,NONE,NONE,NONE
EH5_Siemens008/jai_0001392_125_443.png,NORM,NONE,NONE,NONE
EH5_Siemens029/jai_0000396_1011_553.png,NORM,NONE,NONE,NONE
EH5_Siemens013/jai_0000969_1417_523.png,NORM,TEAR,NONE,NONE
EH5_Siemens012/jai_0001353_1286_1185.png,NORM,HELM,NONE,"BAST, HOJO"
EH5_Siemens039/jai_0000352_1667_807.png,NORM,HELM,NONE,NONE
EH5_Siemens083/jai_0000142_396_434.png,NORM,NONE,HYPO,NONE
CDB_Sample030/jai_0000234_485_1196.png,NORM,OVAL,HYPO,NONE
CDB_Sample126/jai_0000062_1548_294.png,NORM,NONE,NONE,NONE
EH5_Siemens013/jai_0001193_1638_266.png,MICR,NONE,NONE,NONE
CDB_Sample030/jai_0000148_767_587.png,NORM,ELLI,NONE,NONE
EH5_Siemens083/jai_0000101_1007_749.png,MICR,NONE,NONE,NONE
CDB_Sample125/jai_0000271_1415_703.png,NORM,NONE,NONE,MALA
EH5_Siemens083/jai_0000185_1521_1063.png,NORM,NONE,NONE,RETI
EH5_Siemens003/jai_0000242_236_101.png,NORM,NONE,NONE,NONE
EH5_Siemens003/jai_0000872_1793_396.png,MICR,NONE,NONE,NONE
CDB_Sample125/jai_0000225_313_596.png,NORM,NONE,NONE,NONE
CDB_Sample189/jai_0000248_1301_74.png,NORM,SICK,NONE,NONE
CDB_Sample189/jai_0000288_246_375.png,NORM,NONE,NONE,PABO
EH5_Siemens003/jai_0000980_1105_328.png,NORM,NONE,HYPO,NONE
CDB_Sample125/jai_0000275_1097_412.png,NORM,NONE,NONE,MALA
CDB_Sample030/jai_0000233_887_939.png,MICR,NONE,NONE,NONE
EH5_Siemens083/jai_0000184_1118_832.png,NORM,NONE,NONE,NONE
EH5_Siemens012/jai_0000043_908_1424.png,NORM,NONE,NONE,NRBC
CDB_Sample030/jai_0000013_1293_132.png,NORM,NONE,NONE,NONE
CDB_Sample030/jai_0000055_770_1169.png,NORM,TEAR,NONE,NONE
EH5_Siemens008/jai_0000024_794_718.png,NORM,NONE,NONE,NONE
CDB_Sample030/jai_0000233_138_95.png,NORM,NONE,NONE,BAST
EH5_Siemens012/jai_0000019_956_1247.png,NORM,NONE,NONE,"BAST, RETI"
EH5_Siemens037/jai_0000395_1542_545.png,MACR,NONE,NONE,NONE
CDB_Sample189/jai_0000251_1862_751.png,NORM,SICK,NONE,NONE
EH5_Siemens012/jai_0001353_1286_1185.png,NORM,HELM,NONE,"BAST, HOJO"
EH5_Siemens012/jai_0001512_564_319.png,NORM,NONE,TARG,BAST
CDB_Sample030/jai_0000102_697_440.png,NORM,OVAL,NONE,NONE
CDB_Sample012/jai_0000107_434_607.png,NORM,NONE,NONE,HOJO
EH5_Siemens029/jai_0000440_1539_496.png,NORM,OVAL,NONE,NONE
CDB_Sample189/jai_0000251_1142_601.png,NORM,NONE,NONE,RETI
CDB_Sample012/jai_0000031_1666_720.png,NORM,NONE,STOM,NONE
EH5_Siemens083/jai_0001472_1479_817.png,MACR,NONE,HYPR,RETI
CDB_Sample189/jai_0000337_1873_779.png,NORM,NONE,NONE,PABO
EH5_Siemens029/jai_0000654_1812_1172.png,MICR,SPHE,NONE,NONE
EH5_Siemens012/jai_0001437_654_1314.png,NORM,OVAL,NONE,"BAST, HOJO"
CDB_Sample125/jai_0000053_619_1361.png,NORM,NONE,NONE,BAST
EH5_Siemens012/jai_0000057_1013_1174.png,NORM,NONE,HYPO,NONE
CDB_Sample030/jai_0000142_1259_1044.png,NORM,OVAL,HYPO,NONE
EH5_Siemens012/jai_0001437_654_1314.png,NORM,OVAL,NONE,"BAST, HOJO"
EH5_Siemens083/jai_0000356_1963_212.png,MICR,NONE,NONE,NONE
EH5_Siemens012/jai_0000264_1196_1287.png,NORM,NONE,NONE,"BAST, HOJO, RETI"
EH5_Siemens012/jai_0000059_717_940.png,NORM,OVAL,NONE,NONE
CDB_Sample156/jai_0000350_216_274.png,NORM,ECHI,NONE,HOJO
EH5_Siemens012/jai_0000059_1645_609.png,NORM,NONE,HYPO,NONE
EH5_Siemens083/jai_0000183_983_50.png,MICR,NONE,NONE,NONE
CDB_Sample189/jai_0000114_1933_872.png,NORM,NONE,NONE,HOJO
CDB_Sample189/jai_0000119_400_1066.png,NORM,NONE,NONE,HOJO
EH5_Siemens012/jai_0000043_908_1424.png,NORM,NONE,NONE,NRBC
EH5_Siemens003/jai_0000051_1179_1119.png,NORM,NONE,NONE,HOJO
EH5_Siemens012/jai_0000264_1196_1287.png,NORM,NONE,NONE,"BAST, HOJO, RETI"
EH5_Siemens083/jai_0000064_727_1119.png,NORM,ELLI,NONE,NONE
EH5_Siemens012/jai_0000264_1196_1287.png,NORM,NONE,NONE,"BAST, HOJO, RETI"
EH5_Siemens037/jai_0000009_1715_661.png,NORM,NONE,HYPO,NONE
CDB_Sample030/jai_0000012_178_930.png,MICR,NONE,NONE,NONE
EH5_Siemens083/jai_0000401_889_444.png,NORM,ELLI,NONE,NONE
CDB_Sample012/jai_0000198_475_335.png,NORM,NONE,NONE,NONE
EH5_Siemens012/jai_0001477_753_715.png,NORM,NONE,NONE,"BAST, RETI"
CDB_Sample125/jai_0000315_940_1026.png,NORM,NONE,NONE,MALA
EH5_Siemens012/jai_0000951_513_920.png,NORM,NONE,NONE,"BAST, HOJO, RETI"
CDB_Sample030/jai_0000146_180_1185.png,MICR,SPHE,NONE,NONE
EH5_Siemens013/jai_0000847_378_748.png,NORM,NONE,NONE,RETI
EH5_Siemens083/jai_0000015_645_879.png,MICR,NONE,NONE,NONE
CDB_Sample030/jai_0000274_282_1263.png,MICR,SPHE,NONE,NONE
CDB_Sample012/jai_0000198_1757_1037.png,NORM,NONE,HYPO,NONE
CDB_Sample189/jai_0000245_290_415.png,NORM,SICK,NONE,NONE
CDB_Sample189/jai_0000114_478_823.png,NORM,NONE,HYPO,PABO
EH5_Siemens012/jai_0000264_1196_1287.png,NORM,NONE,NONE,"BAST, HOJO, RETI"
EH5_Siemens012/jai_0001437_654_1314.png,NORM,OVAL,NONE,"BAST, HOJO"
EH5_Siemens012/jai_0000836_207_898.png,NORM,NONE,NONE,NRBC
EH5_Siemens012/jai_0000139_490_1333.png,NORM,NONE,NONE,"BAST, RETI"
EH5_Siemens012/jai_0001603_102_646.png,MICR,NONE,NONE,BAST
EH5_Siemens012/jai_0000044_1475_499.png,NORM,HELM,NONE,NONE
EH5_Siemens013/jai_0000417_330_457.png,NORM,NONE,NONE,NONE
CDB_Sample030/jai_0000277_463_661.png,NORM,NONE,NONE,NONE
EH5_Siemens083/jai_0000182_201_625.png,NORM,NONE,NONE,"BAST, RETI"
EH5_Siemens008/jai_0000022_1474_459.png,NORM,HELM,NONE,NONE
EH5_Siemens013/jai_0000417_1472_465.png,MICR,NONE,NONE,NONE
EH5_Siemens008/jai_0000241_1027_476.png,NORM,NONE,NONE,NONE
CDB_Sample125/jai_0000355_1662_125.png,NORM,NONE,NONE,MALA
CDB_Sample125/jai_0000008_1595_417.png,NORM,OVAL,NONE,NONE
CDB_Sample156/jai_0000307_1190_108.png,NORM,NONE,NONE,NONE
CDB_Sample030/jai_0000189_836_1067.png,NORM,NONE,NONE,RETI
EH5_Siemens012/jai_0000182_1704_967.png,NORM,NONE,HYPR,NONE
EH5_Siemens037/jai_0000481_1575_628.png,NORM,ECHI,NONE,NONE
CDB_Sample030/jai_0000062_1460_1286.png,NORM,NONE,NONE,NONE
EH5_Siemens012/jai_0001173_1495_196.png,MICR,NONE,NONE,BAST
EH5_Siemens012/jai_0000182_731_1039.png,NORM,NONE,TARG,NONE
EH5_Siemens045/jai_0000189_704_723.png,MICR,SCHI,NONE,NONE
CDB_Sample125/jai_0000053_1066_1375.png,NORM,NONE,NONE,MALA
EH5_Siemens029/jai_0000871_1871_344.png,MICR,SPHE,NONE,NONE
CDB_Sample189/jai_0000161_1556_854.png,NORM,NONE,NONE,PABO
EH5_Siemens037/jai_0000135_1458_785.png,NORM,NONE,NONE,HOJO
CDB_Sample012/jai_0000062_946_242.png,NORM,NONE,NONE,RETI
CDB_Sample012/jai_0000026_1470_655.png,NORM,NONE,NONE,NONE
CDB_Sample012/jai_0000146_684_1149.png,MICR,NONE,NONE,NONE
EH5_Siemens037/jai_0000657_1650_396.png,NORM,OVAL,NONE,NONE
EH5_Siemens012/jai_0000136_709_1111.png,NORM,NONE,NONE,"BAST, RETI"
CDB_Sample030/jai_0000147_53_1247.png,NORM,NONE,NONE,NONE
EH5_Siemens012/jai_0000174_938_1403.png,NORM,NONE,NONE,NRBC
CDB_Sample125/jai_0000314_193_804.png,NORM,NONE,NONE,MALA
CDB_Sample189/jai_0000165_547_873.png,NORM,NONE,NONE,PABO
EH5_Siemens012/jai_0001173_864_994.png,NORM,NONE,HYPR,"BAST, RETI"
EH5_Siemens012/jai_0000187_1441_476.png,NORM,NONE,NONE,NONE
CDB_Sample030/jai_0000140_1295_838.png,NORM,NONE,NONE,NONE
EH5_Siemens029/jai_0000655_1608_110.png,MICR,NONE,NONE,NONE
EH5_Siemens003/jai_0000064_779_404.png,NORM,NONE,NONE,NONE
CDB_Sample030/jai_0000272_1211_1196.png,NORM,NONE,NONE,NONE
EH5_Siemens012/jai_0001599_995_346.png,MICR,NONE,NONE,BAST
CDB_Sample189/jai_0000249_796_1048.png,NORM,NONE,NONE,RETI
CDB_Sample012/jai_0000030_1294_623.png,MICR,NONE,NONE,NONE
EH5_Siemens008/jai_0000021_76_1335.png,NORM,NONE,NONE,NONE
EH5_Siemens045/jai_0000184_841_1202.png,NORM,HELM,NONE,NONE
CDB_Sample030/jai_0000186_319_439.png,NORM,NONE,HYPR,NONE
CDB_Sample012/jai_0000199_1772_453.png,NORM,NONE,NONE,NONE
CDB_Sample156/jai_0000608_409_621.png,NORM,NONE,NONE,NONE
EH5_Siemens003/jai_0000872_591_1184.png,MICR,NONE,NONE,NONE
CDB_Sample125/jai_0000271_1268_1147.png,NORM,NONE,HYPO,RETI
EH5_Siemens008/jai_0000578_539_1214.png,NORM,NONE,TARG,NONE
EH5_Siemens012/jai_0000951_513_920.png,NORM,NONE,NONE,"BAST, HOJO, RETI"
EH5_Siemens045/jai_0000134_668_1124.png,MICR,SCHI,NONE,NONE
EH5_Siemens037/jai_0000611_1851_968.png,NORM,ECHI,NONE,NONE
EH5_Siemens013/jai_0000758_1274_533.png,MICR,SPHE,NONE,NONE
EH5_Siemens083/jai_0001430_716_1153.png,NORM,NONE,TARG,NONE
EH5_Siemens012/jai_0000264_1196_1287.png,NORM,NONE,NONE,"BAST, HOJO, RETI"
EH5_Siemens012/jai_0000019_74_48.png,NORM,ECHI,NONE,NONE
CDB_Sample125/jai_0000268_1972_1136.png,NORM,NONE,NONE,MALA
EH5_Siemens012/jai_0000834_1351_268.png,NORM,NONE,HYPO,NONE
CDB_Sample012/jai_0000111_789_447.png,MICR,NONE,NONE,NONE
EH5_Siemens037/jai_0000358_1926_622.png,NORM,ECHI,NONE,NONE
EH5_Siemens012/jai_0001599_995_346.png,MICR,NONE,NONE,BAST
EH5_Siemens008/jai_0000287_282_1139.png,NORM,NONE,NONE,NONE
EH5_Siemens008/jai_0000449_101_497.png,NORM,NONE,NONE,NONE
EH5_Siemens029/jai_0000440_719_600.png,NORM,NONE,NONE,NONE
EH5_Siemens012/jai_0001353_1286_1185.png,NORM,HELM,NONE,"BAST, HOJO"
EH5_Siemens013/jai_0000333_587_1225.png,NORM,NONE,NONE,NONE
CDB_Sample012/jai_0000069_1814_1368.png,NORM,NONE,NONE,NONE
CDB_Sample125/jai_0000055_1790_766.png,NORM,NONE,NONE,NONE
EH5_Siemens029/jai_0000654_1391_86.png,NORM,NONE,NONE,NONE
EH5_Siemens083/jai_0000185_386_36.png,NORM,ECHI,NONE,NONE
EH5_Siemens083/jai_0000101_1559_300.png,NORM,NONE,NONE,NONE
CDB_Sample125/jai_0000004_1422_526.png,NORM,NONE,HYPR,NONE
EH5_Siemens008/jai_0001437_1110_227.png,NORM,BITE,NONE,NONE
EH5_Siemens083/jai_0000101_1054_665.png,NORM,NONE,HYPO,NONE
CDB_Sample156/jai_0000265_1764_281.png,NORM,ACAN,NONE,NONE
CDB_Sample189/jai_0000038_751_204.png,NORM,NONE,NONE,"HOJO, RETI"
EH5_Siemens014/jai_0000191_706_390.png,MICR,SCHI,NONE,NONE
EH5_Siemens012/jai_0000174_221_182.png,MICR,NONE,NONE,"BAST, RETI"
EH5_Siemens012/jai_0000187_1943_1429.png,NORM,OVAL,NONE,BAST
EH5_Siemens029/jai_0000439_1355_671.png,NORM,NONE,NONE,NONE
CDB_Sample189/jai_0000038_751_204.png,NORM,NONE,NONE,"HOJO, RETI"
EH5_Siemens012/jai_0000182_381_625.png,NORM,NONE,TARG,NONE
EH5_Siemens041/jai_0001349_1760_535.png,MICR,SCHI,NONE,NONE
EH5_Siemens013/jai_0001155_841_534.png,NORM,TEAR,NONE,NONE
EH5_Siemens012/jai_0001353_1286_1185.png,NORM,HELM,NONE,"BAST, HOJO"
CDB_Sample030/jai_0000061_1631_1057.png,MICR,NONE,NONE,NONE
CDB_Sample030/jai_0000229_1810_405.png,NORM,TEAR,NONE,NONE
EH5_Siemens029/jai_0000822_552_999.png,NORM,NONE,NONE,NONE
CDB_Sample012/jai_0000109_1030_105.png,NORM,NONE,NONE,NONE
EH5_Siemens012/jai_0001268_1072_216.png,MICR,OVAL,NONE,"HOJO, RETI"
EH5_Siemens013/jai_0000371_1376_457.png,NORM,NONE,NONE,NONE
EH5_Siemens013/jai_0000158_383_341.png,MACR,NONE,HYPR,NONE
EH5_Siemens083/jai_0000014_1059_576.png,MICR,SCHI,NONE,NONE
CDB_Sample030/jai_0000231_1030_947.png,MICR,NONE,NONE,NONE
EH5_Siemens012/jai_0000192_216_1237.png,NORM,NONE,HYPO,NONE
EH5_Siemens029/jai_0000398_1779_114.png,MICR,OVAL,NONE,NONE
EH5_Siemens029/jai_0000353_926_908.png,NORM,NONE,HYPR,NONE
EH5_Siemens037/jai_0000313_1774_780.png,NORM,NONE,HYPR,NONE
CDB_Sample030/jai_0000103_523_787.png,MICR,NONE,NONE,NONE
CDB_Sample125/jai_0000180_44_878.png,NORM,NONE,NONE,MALA
CDB_Sample189/jai_0000121_1610_560.png,NORM,NONE,NONE,PABO
EH5_Siemens083/jai_0000098_1961_497.png,MACR,NONE,HYPR,NONE
EH5_Siemens012/jai_0000147_972_832.png,MICR,NONE,NONE,BAST
CDB_Sample030/jai_0000140_417_744.png,NORM,NONE,HYPR,NONE
CDB_Sample125/jai_0000356_662_936.png,NORM,NONE,HYPO,NONE
EH5_Siemens008/jai_0001392_1042_1358.png,NORM,NONE,HYPO,NONE
EH5_Siemens012/jai_0000951_513_920.png,NORM,NONE,NONE,"BAST, HOJO, RETI"
CDB_Sample189/jai_0000373_1894_621.png,NORM,NONE,NONE,NONE
CDB_Sample189/jai_0000334_649_758.png,NORM,NONE,NONE,NONE
CDB_Sample030/jai_0000139_38_669.png,NORM,NONE,NONE,RETI
EH5_Siemens013/jai_0000798_1054_1438.png,MICR,SPHE,NONE,NONE
EH5_Siemens083/jai_0001428_1342_1299.png,MACR,NONE,NONE,RETI
EH5_Siemens029/jai_0000653_1367_533.png,NORM,NONE,NONE,NONE
CDB_Sample189/jai_0000038_751_204.png,NORM,NONE,NONE,"HOJO, RETI"
CDB_Sample030/jai_0000103_1560_59.png,MICR,SCHI,NONE,NONE
EH5_Siemens083/jai_0000101_1403_907.png,NORM,OVAL,NONE,NONE
EH5_Siemens013/jai_0000798_921_921.png,NORM,NONE,NONE,NONE
EH5_Siemens012/jai_0001437_654_1314.png,NORM,OVAL,NONE,"BAST, HOJO"
CDB_Sample189/jai_0000115_1007_246.png,NORM,SICK,NONE,NONE
CDB_Sample189/jai_0000334_925_901.png,NORM,NONE,NONE,NONE
CDB_Sample189/jai_0000333_1204_1004.png,NORM,NONE,STOM,NONE
EH5_Siemens013/jai_0000413_1895_420.png,NORM,NONE,NONE,RETI
EH5_Siemens083/jai_0000401_1556_179.png,NORM,NONE,TARG,NONE
EH5_Siemens029/jai_0000568_1641_826.png,MICR,NONE,NONE,NONE
CDB_Sample125/jai_0000355_142_1158.png,NORM,NONE,NONE,NONE
EH5_Siemens083/jai_0000064_335_1034.png,MICR,NONE,NONE,NONE
EH5_Siemens013/jai_0000417_1533_823.png,NORM,NONE,NONE,NONE
CDB_Sample156/jai_0000651_919_1317.png,NORM,NONE,NONE,NONE
CDB_Sample125/jai_0000004_1634_183.png,NORM,HELM,NONE,NONE
EH5_Siemens012/jai_0000059_1789_295.png,NORM,NONE,NONE,NRBC
EH5_Siemens003/jai_0000980_1062_915.png,NORM,NONE,NONE,NONE
CDB_Sample156/jai_0000266_800_1373.png,NORM,ECHI,NONE,NONE
EH5_Siemens012/jai_0000019_1513_32.png,NORM,OVAL,NONE,NONE
EH5_Siemens012/jai_0000951_513_920.png,NORM,NONE,NONE,"BAST, HOJO, RETI"
CDB_Sample030/jai_0000147_1390_991.png,NORM,NONE,HYPO,NONE
EH5_Siemens083/jai_0001472_543_113.png,MACR,NONE,NONE,BAST
CDB_Sample189/jai_0000373_1853_1117.png,NORM,NONE,NONE,PABO
CDB_Sample012/jai_0000116_660_646.png,NORM,NONE,STOM,NONE
EH5_Siemens012/jai_0000303_64_613.png,NORM,NONE,NONE,NRBC
CDB_Sample012/jai_0000199_884_570.png,NORM,NONE,NONE,RETI
EH5_Siemens083/jai_0000180_1744_649.png,NORM,NONE,HYPO,NONE
CDB_Sample125/jai_0000355_242_925.png,NORM,NONE,NONE,NONE
EH5_Siemens012/jai_0001603_102_646.png,MICR,NONE,NONE,BAST
EH5_Siemens012/jai_0000264_1196_1287.png,NORM,NONE,NONE,"BAST, HOJO, RETI"
CDB_Sample012/jai_0000116_1901_745.png,NORM,NONE,HYPO,NONE
EH5_Siemens012/jai_0000063_921_424.png,NORM,NONE,NONE,NONE
CDB_Sample189/jai_0000038_751_204.png,NORM,NONE,NONE,"HOJO, RETI"
CDB_Sample012/jai_0000116_1537_1060.png,NORM,NONE,HYPO,NONE
CDB_Sample156/jai_0000137_684_694.png,NORM,NONE,NONE,NONE
EH5_Siemens003/jai_0000663_77_1376.png,NORM,NONE,NONE,NONE
CDB_Sample030/jai_0000103_175_479.png,NORM,NONE,HYPO,NONE
EH5_Siemens012/jai_0000995_442_1239.png,MICR,NONE,NONE,BAST
CDB_Sample030/jai_0000019_1460_662.png,NORM,NONE,NONE,NONE
CDB_Sample125/jai_0000275_934_310.png,NORM,NONE,NONE,MALA
CDB_Sample189/jai_0000033_1651_1223.png,NORM,NONE,NONE,HOJO
EH5_Siemens037/jai_0000613_1498_796.png,NORM,NONE,NONE,NONE
EH5_Siemens012/jai_0000951_1062_515.png,NORM,NONE,TARG,NONE
EH5_Siemens012/jai_0000318_118_730.png,NORM,NONE,NONE,NRBC
EH5_Siemens012/jai_0000951_513_920.png,NORM,NONE,NONE,"BAST, HOJO, RETI"
CDB_Sample156/jai_0000350_216_274.png,NORM,ECHI,NONE,HOJO
CDB_Sample189/jai_0000040_632_563.png,NORM,NONE,NONE,RETI
CDB_Sample189/jai_0000035_1365_402.png,NORM,NONE,NONE,NONE
EH5_Siemens012/jai_0001268_1072_216.png,MICR,OVAL,NONE,"HOJO, RETI"
CDB_Sample189/jai_0000374_866_1279.png,NORM,NONE,NONE,HOJO
CDB_Sample189/jai_0000378_660_190.png,NORM,NONE,NONE,RETI
CDB_Sample189/jai_0000373_627_831.png,NORM,NONE,NONE,PABO
CDB_Sample030/jai_0000056_1729_1346.png,NORM,NONE,NONE,NONE
CDB_Sample030/jai_0000227_1362_1163.png,NORM,NONE,NONE,NONE
CDB_Sample156/jai_0000610_539_128.png,NORM,ACAN,NONE,NONE
EH5_Siemens012/jai_0001268_1072_216.png,MICR,OVAL,NONE,"HOJO, RETI"
EH5_Siemens013/jai_0000327_944_85.png,NORM,NONE,HYPR,NONE
CDB_Sample030/jai_0000232_1537_1193.png,NORM,OVAL,NONE,NONE
EH5_Siemens012/jai_0000182_530_1077.png,NORM,NONE,NONE,NRBC
EH5_Siemens037/jai_0000526_1562_686.png,NORM,NONE,HYPR,NONE
CDB_Sample125/jai_0000053_619_1361.png,NORM,NONE,NONE,BAST
EH5_Siemens012/jai_0001353_1286_1185.png,NORM,HELM,NONE,"BAST, HOJO"
EH5_Siemens003/jai_0000278_462_1252.png,NORM,NONE,NONE,NONE
EH5_Siemens012/jai_0001609_708_413.png,NORM,ELLI,HYPO,NONE
EH5_Siemens012/jai_0000139_553_664.png,NORM,NONE,HYPO,"BAST, RETI"
CDB_Sample189/jai_0000251_1641_493.png,NORM,NONE,NONE,HOJO
EH5_Siemens012/jai_0001599_995_346.png,MICR,NONE,NONE,BAST
CDB_Sample012/jai_0000117_1800_1341.png,NORM,NONE,STOM,NONE
EH5_Siemens012/jai_0000003_1782_1368.png,NORM,NONE,HYPR,NONE
EH5_Siemens003/jai_0000980_1217_1166.png,MICR,NONE,NONE,NONE
CDB_Sample030/jai_0000061_1060_700.png,NORM,NONE,NONE,NONE
EH5_Siemens012/jai_0000303_64_613.png,NORM,NONE,NONE,NRBC
CDB_Sample030/jai_0000274_1904_1234.png,NORM,NONE,NONE,NONE
EH5_Siemens012/jai_0001437_654_1314.png,NORM,OVAL,NONE,"BAST, HOJO"
CDB_Sample189/jai_0000119_618_363.png,NORM,NONE,NONE,HOJO
EH5_Siemens083/jai_0000015_40_348.png,NORM,NONE,HYPR,NONE
EH5_Siemens029/jai_0000654_770_668.png,MICR,NONE,NONE,NONE
EH5_Siemens012/jai_0001353_1286_1185.png,NORM,HELM,NONE,"BAST, HOJO"
CDB_Sample189/jai_0000079_1296_1294.png,NORM,SICK,NONE,NONE
CDB_Sample189/jai_0000034_848_1294.png,NORM,SICK,NONE,NONE
EH5_Siemens012/jai_0001353_1286_1185.png,NORM,HELM,NONE,"BAST, HOJO"
CDB_Sample125/jai_0000269_1884_735.png,NORM,ECHI,NONE,NONE
CDB_Sample156/jai_0000178_273_1413.png,NORM,ECHI,NONE,NONE
EH5_Siemens029/jai_0000440_1151_348.png,MICR,NONE,NONE,NONE
CDB_Sample189/jai_0000245_290_415.png,NORM,SICK,NONE,NONE
EH5_Siemens012/jai_0001353_1286_1185.png,NORM,HELM,NONE,"BAST, HOJO"
CDB_Sample125/jai_0000182_1453_955.png,NORM,NONE,NONE,NONE
CDB_Sample189/jai_0000114_478_823.png,NORM,NONE,HYPO,PABO
CDB_Sample156/jai_0000180_882_465.png,NORM,ECHI,NONE,NONE
EH5_Siemens012/jai_0000264_1196_1287.png,NORM,NONE,NONE,"BAST, HOJO, RETI"
CDB_Sample189/jai_0000115_911_1217.png,NORM,NONE,NONE,HOJO
EH5_Siemens083/jai_0000064_1576_1342.png,MACR,OVAL,NONE,NONE
EH5_Siemens008/jai_0000003_1355_1215.png,NORM,NONE,NONE,NONE
CDB_Sample030/jai_0000146_287_364.png,MICR,SCHI,NONE,NONE
EH5_Siemens029/jai_0000353_1750_1382.png,NORM,TEAR,NONE,NONE
EH5_Siemens083/jai_0000183_358_239.png,MACR,NONE,NONE,NONE
EH5_Siemens008/jai_0001178_835_131.png,NORM,NONE,NONE,NONE
CDB_Sample189/jai_0000372_937_591.png,NORM,NONE,NONE,NONE
EH5_Siemens037/jai_0000657_149_1106.png,NORM,ECHI,NONE,NONE
EH5_Siemens003/jai_0000872_1791_337.png,MICR,NONE,NONE,NONE
EH5_Siemens029/jai_0000568_1944_620.png,NORM,ECHI,NONE,NONE
CDB_Sample030/jai_0000231_366_174.png,MICR,NONE,NONE,NONE
EH5_Siemens083/jai_0000184_1431_963.png,MICR,ECHI,NONE,NONE
EH5_Siemens029/jai_0000052_448_536.png,NORM,HELM,NONE,NONE
CDB_Sample189/jai_0000251_1862_751.png,NORM,SICK,NONE,NONE
CDB_Sample030/jai_0000101_549_563.png,MICR,NONE,NONE,NONE
EH5_Siemens012/jai_0001268_1072_216.png,MICR,OVAL,NONE,"HOJO, RETI"
EH5_Siemens041/jai_0000357_1343_1239.png,NORM,HELM,NONE,NONE
EH5_Siemens012/jai_0000182_258_509.png,MICR,NONE,NONE,NONE
EH5_Siemens012/jai_0001256_755_1091.png,NORM,NONE,NONE,BAST
CDB_Sample030/jai_0000275_740_780.png,NORM,NONE,NONE,NONE
CDB_Sample189/jai_0000292_192_1072.png,NORM,NONE,NONE,NONE
CDB_Sample189/jai_0000038_751_204.png,NORM,NONE,NONE,"HOJO, RETI"
EH5_Siemens012/jai_0001089_1154_813.png,MICR,SCHI,NONE,NONE
EH5_Siemens012/jai_0001268_1072_216.png,MICR,OVAL,NONE,"HOJO, RETI"
CDB_Sample189/jai_0000114_1390_1248.png,NORM,NONE,STOM,NONE
CDB_Sample012/jai_0000106_930_403.png,NORM,TEAR,NONE,NONE
CDB_Sample156/jai_0000351_1137_39.png,NORM,ACAN,NONE,NONE
EH5_Siemens012/jai_0000187_973_782.png,NORM,NONE,HYPO,NONE
CDB_Sample189/jai_0000376_511_1395.png,NORM,NONE,NONE,NONE
CDB_Sample189/jai_0000117_497_104.png,NORM,NONE,NONE,PABO
EH5_Siemens012/jai_0001437_654_1314.png,NORM,OVAL,NONE,"BAST, HOJO"
CDB_Sample030/jai_0000017_214_1186.png,NORM,OVAL,HYPO,NONE
EH5_Siemens012/jai_0000951_513_920.png,NORM,NONE,NONE,"BAST, HOJO, RETI"
EH5_Siemens012/jai_0000264_1196_1287.png,NORM,NONE,NONE,"BAST, HOJO, RETI"
CDB_Sample189/jai_0000116_1886_291.png,NORM,NONE,NONE,RETI
CDB_Sample189/jai_0000121_22_625.png,NORM,SICK,NONE,RETI
CDB_Sample189/jai_0000038_1863_102.png,NORM,NONE,NONE,HOJO
EH5_Siemens013/jai_0000417_327_732.png,NORM,NONE,NONE,NONE
CDB_Sample126/jai_0000104_1250_839.png,NORM,NONE,NONE,NONE
EH5_Siemens012/jai_0001166_576_1304.png,NORM,NONE,NONE,"BAST, RETI"
EH5_Siemens037/jai_0000356_1444_631.png,NORM,NONE,NONE,NONE
CDB_Sample189/jai_0000038_751_204.png,NORM,NONE,NONE,"HOJO, RETI"
EH5_Siemens012/jai_0000136_709_1111.png,NORM,NONE,NONE,"BAST, RETI"
CDB_Sample156/jai_0000050_261_234.png,NORM,NONE,NONE,NONE
EH5_Siemens012/jai_0000057_929_805.png,NORM,OVAL,HYPO,NONE
EH5_Siemens012/jai_0001268_506_1175.png,MICR,NONE,NONE,"BAST, RETI"
EH5_Siemens029/jai_0000479_411_404.png,NORM,NONE,NONE,NONE
EH5_Siemens029/jai_0000822_825_1050.png,MICR,NONE,NONE,NONE
CDB_Sample189/jai_0000373_627_831.png,NORM,NONE,NONE,PABO
EH5_Siemens003/jai_0000242_810_195.png,NORM,NONE,HYPR,NONE
EH5_Siemens012/jai_0001353_1286_1185.png,NORM,HELM,NONE,"BAST, HOJO"
EH5_Siemens008/jai_0000583_726_1009.png,NORM,NONE,NONE,NONE
EH5_Siemens012/jai_0000264_1196_1287.png,NORM,NONE,NONE,"BAST, HOJO, RETI"
CDB_Sample012/jai_0000112_1359_1151.png,NORM,NONE,NONE,NONE
EH5_Siemens013/jai_0001193_1704_684.png,NORM,ELLI,NONE,NONE
EH5_Siemens037/jai_0000568_1283_492.png,NORM,NONE,NONE,NONE
EH5_Siemens083/jai_0000181_396_91.png,NORM,ECHI,NONE,NONE
CDB_Sample125/jai_0000263_1000_903.png,NORM,NONE,HYPR,NONE
EH5_Siemens083/jai_0000064_530_1076.png,MICR,SCHI,NONE,NONE
EH5_Siemens083/jai_0000185_300_170.png,MACR,NONE,HYPO,NONE
CDB_Sample030/jai_0000013_1054_548.png,NORM,TEAR,NONE,NONE
EH5_Siemens012/jai_0000139_1684_1311.png,NORM,NONE,TARG,NONE
CDB_Sample189/jai_0000165_547_873.png,NORM,NONE,NONE,PABO
EH5_Siemens008/jai_0000481_299_1270.png,NORM,NONE,NONE,NONE
CDB_Sample012/jai_0000108_597_1029.png,NORM,NONE,NONE,NONE
EH5_Siemens012/jai_0000264_1196_1287.png,NORM,NONE,NONE,"BAST, HOJO, RETI"
EH5_Siemens029/jai_0000439_1453_426.png,NORM,NONE,NONE,NONE
EH5_Siemens012/jai_0001512_779_1122.png,NORM,NONE,NONE,NRBC
CDB_Sample189/jai_0000378_1193_1080.png,NORM,NONE,NONE,PABO
EH5_Siemens029/jai_0000873_1393_884.png,MICR,NONE,NONE,NONE
EH5_Siemens012/jai_0000043_908_1424.png,NORM,NONE,NONE,NRBC
CDB_Sample189/jai_0000288_246_375.png,NORM,NONE,NONE,PABO
EH5_Siemens012/jai_0000951_513_920.png,NORM,NONE,NONE,"BAST, HOJO, RETI"
CDB_Sample189/jai_0000040_515_690.png,NORM,ELLI,NONE,NONE
CDB_Sample125/jai_0000010_1215_1318.png,NORM,NONE,NONE,MALA
EH5_Siemens013/jai_0000333_383_1331.png,NORM,NONE,NONE,NONE
EH5_Siemens008/jai_0000277_1100_72.png,NORM,NONE,NONE,NONE
CDB_Sample030/jai_0000233_629_130.png,NORM,TEAR,NONE,NONE
EH5_Siemens013/jai_0001067_1184_278.png,NORM,NONE,NONE,NONE
CDB_Sample012/jai_0000025_1515_901.png,NORM,NONE,NONE,NONE
EH5_Siemens008/jai_0000621_1671_1020.png,NORM,NONE,NONE,NONE
EH5_Siemens008/jai_0000788_1451_794.png,NORM,NONE,NONE,NONE
EH5_Siemens003/jai_0000158_1827_220.png,NORM,NONE,NONE,NONE
CDB_Sample189/jai_0000034_431_746.png,NORM,NONE,STOM,NONE
CDB_Sample030/jai_0000100_816_461.png,NORM,NONE,HYPR,NONE
EH5_Siemens013/jai_0000071_1134_519.png,NORM,NONE,NONE,NONE
EH5_Siemens037/jai_0000656_1369_656.png,NORM,ECHI,NONE,NONE
CDB_Sample189/jai_0000161_1080_1188.png,NORM,NONE,NONE,PABO
CDB_Sample156/jai_0000051_1104_1188.png,NORM,NONE,NONE,NONE
EH5_Siemens012/jai_0000182_116_510.png,NORM,NONE,NONE,NONE
EH5_Siemens029/jai_0000654_1049_1200.png,NORM,NONE,NONE,NONE
EH5_Siemens041/jai_0000146_505_974.png,NORM,BITE,NONE,NONE
CDB_Sample189/jai_0000034_75_159.png,NORM,SICK,NONE,NONE
CDB_Sample189/jai_0000378_1193_1080.png,NORM,NONE,NONE,PABO
CDB_Sample125/jai_0000053_1066_1375.png,NORM,NONE,NONE,MALA
CDB_Sample030/jai_0000234_234_857.png,MICR,NONE,NONE,NONE
EH5_Siemens008/jai_0001145_369_206.png,NORM,NONE,NONE,NONE
CDB_Sample125/jai_0000052_1652_84.png,NORM,HELM,NONE,NONE
EH5_Siemens012/jai_0000182_1901_1098.png,MACR,NONE,HYPO,"BAST, RETI"
EH5_Siemens003/jai_0000227_1319_353.png,MICR,NONE,NONE,NONE
EH5_Siemens083/jai_0000402_829_376.png,NORM,NONE,NONE,NONE
CDB_Sample030/jai_0000011_713_822.png,NORM,ELLI,NONE,NONE
EH5_Siemens012/jai_0001261_1435_477.png,NORM,NONE,NONE,"BAST, RETI"
EH5_Siemens008/jai_0000287_911_933.png,MICR,NONE,NONE,NONE
EH5_Siemens012/jai_0000951_513_920.png,NORM,NONE,NONE,"BAST, HOJO, RETI"
EH5_Siemens008/jai_0000150_274_1442.png,NORM,NONE,NONE,NONE
EH5_Siemens012/jai_0000059_1939_256.png,NORM,NONE,HYPO,NONE
EH5_Siemens012/jai_0001268_1072_216.png,MICR,OVAL,NONE,"HOJO, RETI"
CDB_Sample125/jai_0000350_1297_866.png,NORM,NONE,NONE,MALA
CDB_Sample125/jai_0000271_661_521.png,MICR,SCHI,NONE,NONE
CDB_Sample189/jai_0000160_181_1113.png,NORM,NONE,NONE,RETI
EH5_Siemens012/jai_0000187_1416_1188.png,NORM,NONE,TARG,NONE
CDB_Sample189/jai_0000038_751_204.png,NORM,NONE,NONE,"HOJO, RETI"
EH5_Siemens003/jai_0000980_1677_616.png,NORM,NONE,NONE,NONE
EH5_Siemens003/jai_0000980_148_158.png,NORM,NONE,NONE,NONE
CDB_Sample125/jai_0000095_1012_327.png,NORM,NONE,NONE,NONE
EH5_Siemens037/jai_0000657_933_1101.png,NORM,OVAL,NONE,NONE
CDB_Sample030/jai_0000275_1800_1148.png,NORM,NONE,NONE,NONE
EH5_Siemens083/jai_0000016_1603_1192.png,NORM,OVAL,HYPO,NONE
CDB_Sample125/jai_0000317_1651_1193.png,NORM,ECHI,NONE,MALA
CDB_Sample189/jai_0000038_751_204.png,NORM,NONE,NONE,"HOJO, RETI"
CDB_Sample156/jai_0000138_544_753.png,NORM,ECHI,NONE,NONE
EH5_Siemens037/jai_0000655_526_986.png,NORM,NONE,TARG,NONE
CDB_Sample189/jai_0000033_988_601.png,NORM,NONE,NONE,PABO
EH5_Siemens083/jai_0000183_1646_960.png,NORM,NONE,NONE,"BAST, RETI"
EH5_Siemens013/jai_0000417_1946_548.png,NORM,TEAR,NONE,NONE
EH5_Siemens003/jai_0000980_1806_833.png,NORM,NONE,NONE,NONE
CDB_Sample189/jai_0000373_627_831.png,NORM,NONE,NONE,PABO
EH5_Siemens012/jai_0000057_1097_325.png,NORM,OVAL,HYPO,NONE
EH5_Siemens029/jai_0000439_1147_1114.png,NORM,NONE,NONE,NONE
EH5_Siemens029/jai_0000655_1055_1389.png,NORM,NONE,NONE,NONE
CDB_Sample030/jai_0000184_1844_257.png,NORM,NONE,NONE,NONE
EH5_Siemens013/jai_0000417_177_817.png,NORM,NONE,NONE,NONE
EH5_Siemens029/jai_0000692_430_453.png,NORM,NONE,NONE,NONE
EH5_Siemens008/jai_0001437_841_350.png,NORM,BITE,NONE,NONE
CDB_Sample189/jai_0000334_472_416.png,NORM,NONE,HYPO,PABO
CDB_Sample030/jai_0000188_1423_1155.png,NORM,NONE,NONE,RETI
EH5_Siemens012/jai_0000995_442_1239.png,MICR,NONE,NONE,BAST
CDB_Sample012/jai_0000155_1713_879.png,NORM,NONE,NONE,NONE
EH5_Siemens013/jai_0000158_975_1327.png,NORM,NONE,NONE,NONE
EH5_Siemens013/jai_0000969_1802_301.png,MICR,SPHE,NONE,NONE
EH5_Siemens037/jai_0000135_1584_518.png,MACR,NONE,HYPO,NONE
EH5_Siemens029/jai_0000048_429_1281.png,NORM,OVAL,NONE,NONE
EH5_Siemens008/jai_0001349_364_452.png,NORM,NONE,NONE,NONE
EH5_Siemens012/jai_0000019_1581_1135.png,NORM,NONE,TARG,NONE
EH5_Siemens012/jai_0000264_1196_1287.png,NORM,NONE,NONE,"BAST, HOJO, RETI"
EH5_Siemens012/jai_0000019_948_319.png,NORM,NONE,HYPR,NONE
CDB_Sample125/jai_0000052_1568_716.png,NORM,ECHI,NONE,NONE
EH5_Siemens045/jai_0000185_1153_292.png,MICR,SCHI,NONE,NONE
EH5_Siemens012/jai_0000905_62_1391.png,NORM,NONE,HYPR,"BAST, RETI"
EH5_Siemens003/jai_0000980_1036_1046.png,NORM,NONE,HYPO,NONE
EH5_Siemens012/jai_0001268_1072_216.png,MICR,OVAL,NONE,"HOJO, RETI"
EH5_Siemens083/jai_0001387_581_1295.png,NORM,NONE,HYPO,NONE
EH5_Siemens012/jai_0000182_1498_775.png,MICR,SPHE,NONE,NONE
CDB_Sample030/jai_0000060_1457_725.png,NORM,NONE,NONE,NONE
CDB_Sample189/jai_0000079_1011_1383.png,NORM,NONE,NONE,NONE
CDB_Sample189/jai_0000038_751_204.png,NORM,NONE,NONE,"HOJO, RETI"
CDB_Sample125/jai_0000010_1748_300.png,NORM,NONE,NONE,MALA
CDB_Sample189/jai_0000245_821_925.png,NORM,NONE,NONE,NONE
CDB_Sample030/jai_0000056_801_343.png,NORM,TEAR,NONE,NONE
CDB_Sample156/jai_0000266_1019_542.png,NORM,TEAR,NONE,NONE
CDB_Sample012/jai_0000193_1455_290.png,NORM,NONE,NONE,NONE
EH5_Siemens012/jai_0000173_645_274.png,NORM,NONE,TARG,NONE
CDB_Sample156/jai_0000605_1580_931.png,NORM,HELM,NONE,NONE
CDB_Sample030/jai_0000184_1098_877.png,NORM,NONE,NONE,NONE
EH5_Siemens083/jai_0000058_1607_1321.png,MICR,NONE,NONE,NONE
CDB_Sample125/jai_0000266_1531_722.png,NORM,NONE,NONE,MALA
EH5_Siemens012/jai_0000182_758_431.png,NORM,OVAL,HYPO,NONE
EH5_Siemens012/jai_0000358_454_691.png,NORM,NONE,NONE,BAST
EH5_Siemens013/jai_0000758_662_265.png,NORM,TEAR,NONE,NONE
EH5_Siemens008/jai_0000277_574_1268.png,NORM,NONE,NONE,NONE
EH5_Siemens083/jai_0000183_794_837.png,NORM,NONE,HYPO,NONE
CDB_Sample189/jai_0000247_1106_853.png,NORM,ELLI,NONE,NONE
EH5_Siemens003/jai_0000980_1278_1366.png,NORM,NONE,NONE,NONE
EH5_Siemens045/jai_0000184_1650_237.png,NORM,BITE,NONE,NONE
EH5_Siemens013/jai_0000544_332_782.png,NORM,NONE,NONE,NONE
EH5_Siemens083/jai_0000098_1689_974.png,NORM,OVAL,HYPO,NONE
EH5_Siemens013/jai_0000758_332_329.png,NORM,NONE,NONE,RETI
CDB_Sample189/jai_0000288_246_375.png,NORM,NONE,NONE,PABO
EH5_Siemens008/jai_0001145_1607_1182.png,NORM,NONE,NONE,NONE
EH5_Siemens029/jai_0000822_504_109.png,MICR,NONE,NONE,NONE
EH5_Siemens012/jai_0000951_513_920.png,NORM,NONE,NONE,"BAST, HOJO, RETI"
EH5_Siemens029/jai_0000396_378_850.png,NORM,ECHI,NONE,NONE
EH5_Siemens003/jai_0000158_1378_292.png,NORM,NONE,NONE,NONE
EH5_Siemens008/jai_0000148_108_115.png,NORM,OVAL,NONE,NONE
CDB_Sample156/jai_0000521_1101_634.png,NORM,NONE,NONE,NONE
EH5_Siemens029/jai_0000653_741_401.png,MICR,SCHI,NONE,NONE
CDB_Sample189/jai_0000373_627_831.png,NORM,NONE,NONE,PABO
EH5_Siemens083/jai_0000101_1087_797.png,NORM,NONE,HYPR,NONE
CDB_Sample189/jai_0000116_857_711.png,NORM,NONE,NONE,RETI
EH5_Siemens012/jai_0001353_1286_1185.png,NORM,HELM,NONE,"BAST, HOJO"
CDB_Sample189/jai_0000160_1103_730.png,NORM,NONE,NONE,NONE
EH5_Siemens013/jai_0000074_1724_576.png,NORM,TEAR,NONE,NONE
CDB_Sample030/jai_0000096_1734_362.png,MICR,NONE,NONE,NONE
EH5_Siemens012/jai_0000174_360_339.png,NORM,BITE,NONE,NONE
CDB_Sample030/jai_0000140_926_512.png,NORM,ELLI,NONE,NONE
CDB_Sample156/jai_0000264_308_85.png,NORM,NONE,NONE,NONE
EH5_Siemens013/jai_0000371_405_1139.png,NORM,NONE,NONE,NONE
CDB_Sample125/jai_0000353_1824_1122.png,NORM,NONE,NONE,MALA
CDB_Sample030/jai_0000102_447_1314.png,NORM,OVAL,NONE,NONE
EH5_Siemens037/jai_0000400_1897_799.png,NORM,NONE,NONE,NONE
EH5_Siemens008/jai_0000188_867_313.png,NORM,NONE,NONE,NONE
CDB_Sample012/jai_0000065_702_497.png,NORM,NONE,NONE,NONE
EH5_Siemens012/jai_0000179_921_876.png,NORM,NONE,NONE,NRBC
EH5_Siemens008/jai_0001344_687_661.png,NORM,NONE,NONE,NONE
CDB_Sample030/jai_0000013_490_771.png,NORM,ELLI,NONE,NONE
EH5_Siemens012/jai_0000174_938_1403.png,NORM,NONE,NONE,NRBC
EH5_Siemens029/jai_0000525_1392_347.png,NORM,NONE,NONE,NONE
CDB_Sample156/jai_0000140_1624_89.png,NORM,ECHI,NONE,NONE
EH5_Siemens012/jai_0000046_1719_150.png,NORM,NONE,HYPO,RETI
CDB_Sample189/jai_0000381_1168_935.png,NORM,NONE,NONE,NONE
EH5_Siemens029/jai_0000655_509_1374.png,NORM,NONE,NONE,NONE
EH5_Siemens039/jai_0000188_1848_1231.png,NORM,HELM,NONE,NONE
EH5_Siemens013/jai_0001193_99_230.png,MICR,SPHE,NONE,NONE
CDB_Sample030/jai_0000277_539_854.png,NORM,ECHI,HYPO,NONE
EH5_Siemens003/jai_0000006_1871_297.png,NORM,NONE,NONE,NONE
EH5_Siemens012/jai_0000139_1290_276.png,NORM,NONE,TARG,NONE
EH5_Siemens083/jai_0000356_1818_649.png,NORM,NONE,NONE,NONE
CDB_Sample030/jai_0000145_1110_333.png,NORM,TEAR,NONE,NONE
EH5_Siemens012/jai_0000147_1922_1391.png,NORM,NONE,HYPO,NONE
EH5_Siemens029/jai_0000569_1449_153.png,MICR,SCHI,NONE,NONE
EH5_Siemens012/jai_0000217_1055_175.png,NORM,NONE,HYPO,NONE
CDB_Sample125/jai_0000273_1852_59.png,MICR,NONE,NONE,NONE
EH5_Siemens083/jai_0000179_1379_968.png,NORM,NONE,HYPR,NONE
EH5_Siemens008/jai_0000616_51_324.png,NORM,NONE,NONE,NONE
EH5_Siemens037/jai_0000092_471_854.png,MACR,NONE,HYPR,NONE
CDB_Sample189/jai_0000117_497_104.png,NORM,NONE,NONE,PABO
EH5_Siemens029/jai_0000653_602_503.png,NORM,ECHI,NONE,NONE
EH5_Siemens012/jai_0001437_654_1314.png,NORM,OVAL,NONE,"BAST, HOJO"
EH5_Siemens008/jai_0000287_42_381.png,NORM,NONE,NONE,NONE
CDB_Sample156/jai_0000181_148_735.png,NORM,ACAN,NONE,NONE
EH5_Siemens083/jai_0000142_554_1195.png,NORM,OVAL,NONE,NONE
CDB_Sample012/jai_0000196_769_1164.png,NORM,NONE,NONE,NONE
EH5_Siemens012/jai_0000057_1569_1060.png,NORM,NONE,NONE,NRBC
EH5_Siemens029/jai_0000692_1239_612.png,NORM,NONE,NONE,NONE
CDB_Sample030/jai_0000103_191_162.png,NORM,NONE,NONE,NONE
CDB_Sample030/jai_0000233_1227_930.png,NORM,NONE,NONE,NONE
EH5_Siemens012/jai_0000043_1432_839.png,NORM,NONE,NONE,NRBC
EH5_Siemens012/jai_0001437_654_1314.png,NORM,OVAL,NONE,"BAST, HOJO"
CDB_Sample189/jai_0000161_1080_1188.png,NORM,NONE,NONE,PABO
CDB_Sample012/jai_0000116_72_394.png,NORM,NONE,NONE,BAST
CDB_Sample030/jai_0000147_765_298.png,NORM,ELLI,NONE,NONE
EH5_Siemens037/jai_0000656_1608_600.png,MICR,NONE,NONE,NONE
CDB_Sample189/jai_0000288_246_375.png,NORM,NONE,NONE,PABO
CDB_Sample125/jai_0000353_591_944.png,NORM,NONE,NONE,MALA
EH5_Siemens012/jai_0000139_1729_1191.png,NORM,NONE,TARG,NONE
CDB_Sample156/jai_0000652_677_963.png,NORM,NONE,NONE,NONE
EH5_Siemens083/jai_0000016_31_117.png,NORM,HELM,NONE,NONE
EH5_Siemens012/jai_0000264_1196_1287.png,NORM,NONE,NONE,"BAST, HOJO, RETI"
EH5_Siemens014/jai_0000022_1312_819.png,NORM,BITE,NONE,NONE
CDB_Sample125/jai_0000050_1786_114.png,NORM,NONE,NONE,NONE
CDB_Sample189/jai_0000340_1242_778.png,NORM,NONE,HYPO,NONE
EH5_Siemens003/jai_0000265_573_1385.png,NORM,NONE,NONE,HOJO
CDB_Sample156/jai_0000395_1232_1042.png,NORM,ECHI,NONE,NONE
EH5_Siemens003/jai_0000920_596_712.png,NORM,NONE,NONE,NONE
EH5_Siemens029/jai_0000052_1807_1023.png,NORM,NONE,HYPR,NONE
CDB_Sample030/jai_0000232_1499_43.png,NORM,TEAR,NONE,NONE
EH5_Siemens012/jai_0001268_506_1175.png,MICR,NONE,NONE,"BAST, RETI"
EH5_Siemens029/jai_0000692_670_518.png,NORM,HELM,NONE,NONE
EH5_Siemens013/jai_0001155_1310_161.png,NORM,NONE,HYPR,NONE
CDB_Sample030/jai_0000018_506_1147.png,MICR,TEAR,NONE,NONE
CDB_Sample189/jai_0000335_384_802.png,NORM,NONE,NONE,HOJO
EH5_Siemens012/jai_0000063_1404_903.png,NORM,NONE,HYPO,NONE
EH5_Siemens083/jai_0000064_727_1119.png,NORM,ELLI,NONE,NONE
EH5_Siemens012/jai_0000264_1196_1287.png,NORM,NONE,NONE,"BAST, HOJO, RETI"
EH5_Siemens083/jai_0000179_828_642.png,NORM,OVAL,HYPO,NONE
CDB_Sample156/jai_0000270_1535_490.png,NORM,NONE,NONE,NONE
EH5_Siemens037/jai_0000142_59_815.png,NORM,NONE,HYPO,NONE
EH5_Siemens045/jai_0000184_1650_237.png,NORM,BITE,NONE,NONE
EH5_Siemens083/jai_0000182_746_201.png,NORM,TEAR,NONE,NONE
EH5_Siemens012/jai_0000264_1196_1287.png,NORM,NONE,NONE,"BAST, HOJO, RETI"
EH5_Siemens045/jai_0000184_1650_237.png,NORM,BITE,NONE,NONE
EH5_Siemens008/jai_0000287_1311_588.png,NORM,ECHI,NONE,NONE
EH5_Siemens012/jai_0001353_1286_1185.png,NORM,HELM,NONE,"BAST, HOJO"
EH5_Siemens012/jai_0001166_576_1304.png,NORM,NONE,NONE,"BAST, RETI"
CDB_Sample189/jai_0000161_1080_1188.png,NORM,NONE,NONE,PABO
EH5_Siemens012/jai_0000046_321_800.png,NORM,NONE,NONE,NRBC
EH5_Siemens029/jai_0000653_560_1336.png,NORM,NONE,NONE,NONE
EH5_Siemens029/jai_0000225_1823_516.png,NORM,TEAR,NONE,NONE
CDB_Sample125/jai_0000266_337_845.png,NORM,NONE,NONE,MALA
CDB_Sample012/jai_0000149_523_500.png,MICR,NONE,NONE,NONE
EH5_Siemens012/jai_0000173_309_1421.png,NORM,NONE,TARG,NONE
CDB_Sample012/jai_0000107_55_1064.png,NORM,NONE,NONE,NONE
CDB_Sample125/jai_0000055_1029_420.png,NORM,NONE,HYPR,NONE
EH5_Siemens012/jai_0000318_118_730.png,NORM,NONE,NONE,NRBC
CDB_Sample189/jai_0000033_1277_554.png,NORM,NONE,NONE,PABO
CDB_Sample156/jai_0000568_433_439.png,NORM,ACAN,NONE,NONE
EH5_Siemens083/jai_0000016_1935_462.png,MACR,NONE,NONE,NONE
CDB_Sample012/jai_0000112_141_1056.png,NORM,NONE,NONE,NONE
CDB_Sample156/jai_0000137_1234_1379.png,NORM,NONE,NONE,NONE
CDB_Sample125/jai_0000314_571_799.png,NORM,ECHI,NONE,NONE
CDB_Sample125/jai_0000356_1562_115.png,NORM,ECHI,NONE,NONE
CDB_Sample125/jai_0000057_1403_1365.png,NORM,NONE,NONE,NONE
EH5_Siemens008/jai_0000287_1336_1377.png,NORM,NONE,NONE,NONE
EH5_Siemens003/jai_0000158_731_166.png,NORM,NONE,HYPR,NONE
CDB_Sample156/jai_0000306_1069_1256.png,NORM,NONE,NONE,NONE
CDB_Sample156/jai_0000568_1687_53.png,NORM,NONE,NONE,NONE
EH5_Siemens012/jai_0000264_1196_1287.png,NORM,NONE,NONE,"BAST, HOJO, RETI"
CDB_Sample012/jai_0000067_1525_846.png,NORM,NONE,NONE,NONE
EH5_Siemens041/jai_0000146_505_974.png,NORM,BITE,NONE,NONE
CDB_Sample125/jai_0000181_887_990.png,NORM,NONE,HYPR,NONE
CDB_Sample125/jai_0000349_498_363.png,NORM,NONE,HYPR,NONE
CDB_Sample012/jai_0000193_1195_1113.png,NORM,NONE,NONE,NONE
EH5_Siemens008/jai_0000019_1271_624.png,NORM,NONE,NONE,NONE
CDB_Sample189/jai_0000119_618_363.png,NORM,NONE,NONE,HOJO
CDB_Sample189/jai_0000246_1501_492.png,NORM,NONE,NONE,PABO
CDB_Sample125/jai_0000273_1704_654.png,NORM,NONE,NONE,MALA
EH5_Siemens014/jai_0000022_1312_819.png,NORM,BITE,NONE,NONE
EH5_Siemens013/jai_0000889_644_1423.png,NORM,NONE,NONE,NONE
CDB_Sample189/jai_0000118_1340_770.png,NORM,NONE,STOM,NONE
CDB_Sample189/jai_0000340_1118_691.png,NORM,SICK,NONE,NONE
EH5_Siemens045/jai_0000184_1179_548.png,MICR,SCHI,NONE,NONE
EH5_Siemens012/jai_0000303_64_613.png,NORM,NONE,NONE,NRBC
CDB_Sample189/jai_0000119_618_363.png,NORM,NONE,NONE,HOJO
EH5_Siemens013/jai_0001155_1275_851.png,MICR,NONE,NONE,NONE
CDB_Sample125/jai_0000352_294_207.png,NORM,NONE,NONE,MALA
CDB_Sample156/jai_0000609_1768_1375.png,NORM,ECHI,NONE,NONE
CDB_Sample030/jai_0000231_1100_445.png,NORM,ELLI,NONE,NONE
CDB_Sample012/jai_0000117_1573_133.png,NORM,NONE,NONE,NONE
EH5_Siemens012/jai_0000174_1622_1178.png,NORM,NONE,NONE,RETI
EH5_Siemens029/jai_0000133_162_400.png,NORM,OVAL,NONE,NONE
EH5_Siemens012/jai_0001268_1072_216.png,MICR,OVAL,NONE,"HOJO, RETI"
EH5_Siemens008/jai_0001486_1622_919.png,NORM,OVAL,NONE,NONE
CDB_Sample189/jai_0000373_1853_1117.png,NORM,NONE,NONE,PABO
EH5_Siemens012/jai_0000951_513_920.png,NORM,NONE,NONE,"BAST, HOJO, RETI"
EH5_Siemens012/jai_0001437_654_1314.png,NORM,OVAL,NONE,"BAST, HOJO"
CDB_Sample125/jai_0000268_1730_225.png,NORM,NONE,NONE,MALA
CDB_Sample012/jai_0000030_1549_1026.png,NORM,NONE,NONE,NONE
EH5_Siemens012/jai_0000046_1719_150.png,NORM,NONE,HYPO,RETI
CDB_Sample189/jai_0000246_1209_1426.png,NORM,SICK,NONE,NONE
EH5_Siemens012/jai_0000951_513_920.png,NORM,NONE,NONE,"BAST, HOJO, RETI"
EH5_Siemens045/jai_0000097_1935_1198.png,MICR,SCHI,NONE,NONE
CDB_Sample012/jai_0000116_72_394.png,NORM,NONE,NONE,BAST
EH5_Siemens012/jai_0001437_654_1314.png,NORM,OVAL,NONE,"BAST, HOJO"
EH5_Siemens012/jai_0000528_1500_1025.png,MICR,SCHI,NONE,NONE
CDB_Sample156/jai_0000264_1027_1345.png,NORM,ECHI,NONE,NONE
EH5_Siemens029/jai_0000395_538_1187.png,NORM,NONE,NONE,NONE
EH5_Siemens012/jai_0000318_118_730.png,NORM,NONE,NONE,NRBC
EH5_Siemens037/jai_0000570_1153_324.png,NORM,NONE,HYPO,NONE
EH5_Siemens003/jai_0000744_673_1097.png,NORM,NONE,NONE,NONE
CDB_Sample030/jai_0000020_1967_986.png,NORM,NONE,NONE,BAST
EH5_Siemens083/jai_0000015_1399_63.png,NORM,NONE,HYPO,NONE
EH5_Siemens013/jai_0000758_555_432.png,NORM,NONE,NONE,NONE
CDB_Sample030/jai_0000014_239_1212.png,MICR,NONE,NONE,NONE
EH5_Siemens012/jai_0000057_1427_1132.png,NORM,NONE,NONE,NRBC
CDB_Sample012/jai_0000031_781_939.png,NORM,NONE,NONE,NONE
CDB_Sample125/jai_0000269_915_1134.png,NORM,NONE,HYPO,NONE
EH5_Siemens012/jai_0000059_338_690.png,NORM,NONE,NONE,"BAST, RETI"
EH5_Siemens083/jai_0000356_1723_954.png,NORM,OVAL,HYPO,NONE
CDB_Sample189/jai_0000251_1090_1035.png,NORM,NONE,STOM,NONE
CDB_Sample189/jai_0000165_710_1330.png,MICR,NONE,NONE,PABO
EH5_Siemens012/jai_0001173_1495_196.png,MICR,NONE,NONE,BAST
EH5_Siemens003/jai_0000980_1239_182.png,NORM,NONE,NONE,NONE
EH5_Siemens012/jai_0000044_69_126.png,NORM,NONE,NONE,NRBC
EH5_Siemens012/jai_0001512_779_1122.png,NORM,NONE,NONE,NRBC
CDB_Sample189/jai_0000116_1537_1121.png,NORM,NONE,NONE,PABO
CDB_Sample189/jai_0000288_246_375.png,NORM,NONE,NONE,PABO
EH5_Siemens012/jai_0000003_660_213.png,NORM,NONE,NONE,"BAST, RETI"
CDB_Sample189/jai_0000167_169_1197.png,NORM,NONE,HYPO,NONE
EH5_Siemens012/jai_0001268_1072_216.png,MICR,OVAL,NONE,"HOJO, RETI"
EH5_Siemens029/jai_0000871_1852_401.png,NORM,TEAR,NONE,NONE
CDB_Sample189/jai_0000118_614_757.png,NORM,NONE,NONE,NONE
EH5_Siemens012/jai_0000192_1068_1245.png,MICR,NONE,NONE,"BAST, RETI"
EH5_Siemens012/jai_0001477_876_585.png,NORM,NONE,NONE,BAST
EH5_Siemens003/jai_0000980_1192_958.png,NORM,NONE,NONE,NONE
CDB_Sample189/jai_0000247_647_1384.png,NORM,NONE,STOM,NONE
CDB_Sample189/jai_0000035_1175_773.png,NORM,NONE,NONE,PABO
EH5_Siemens083/jai_0000356_1686_561.png,MICR,NONE,NONE,BAST
EH5_Siemens012/jai_0000951_513_920.png,NORM,NONE,NONE,"BAST, HOJO, RETI"
CDB_Sample189/jai_0000033_988_601.png,NORM,NONE,NONE,PABO
EH5_Siemens029/jai_0000873_331_546.png,NORM,NONE,NONE,RETI
CDB_Sample012/jai_0000023_1619_295.png,NORM,NONE,NONE,NONE
CDB_Sample030/jai_0000103_405_119.png,NORM,ELLI,NONE,NONE
CDB_Sample156/jai_0000608_1723_1283.png,NORM,ECHI,NONE,NONE
EH5_Siemens012/jai_0000147_1682_374.png,NORM,NONE,NONE,NRBC
EH5_Siemens029/jai_0000395_790_804.png,NORM,NONE,NONE,NONE
EH5_Siemens012/jai_0001353_1286_1185.png,NORM,HELM,NONE,"BAST, HOJO"
EH5_Siemens037/jai_0000653_1462_738.png,MACR,NONE,NONE,NONE
EH5_Siemens003/jai_0000158_1256_34.png,NORM,NONE,TARG,NONE
CDB_Sample030/jai_0000145_924_1095.png,MICR,NONE,NONE,NONE
CDB_Sample012/jai_0000031_890_387.png,MACR,NONE,NONE,NONE
EH5_Siemens012/jai_0000019_956_1247.png,NORM,NONE,NONE,"BAST, RETI"
CDB_Sample012/jai_0000197_321_99.png,NORM,NONE,STOM,NONE
EH5_Siemens037/jai_0000570_1118_1445.png,NORM,NONE,NONE,NONE
EH5_Siemens037/jai_0000356_579_1323.png,MACR,NONE,HYPR,NONE
CDB_Sample030/jai_0000227_1685_1328.png,NORM,NONE,NONE,NONE
EH5_Siemens008/jai_0001437_1067_160.png,NORM,NONE,NONE,NONE
EH5_Siemens003/jai_0000980_1170_198.png,NORM,NONE,HYPR,NONE
EH5_Siemens083/jai_0000101_1304_520.png,NORM,OVAL,NONE,NONE
EH5_Siemens012/jai_0000527_58_691.png,NORM,NONE,NONE,"BAST, RETI"
EH5_Siemens008/jai_0000003_1200_644.png,NORM,NONE,NONE,NONE
EH5_Siemens012/jai_0001437_654_1314.png,NORM,OVAL,NONE,"BAST, HOJO"
EH5_Siemens012/jai_0000303_64_613.png,NORM,NONE,NONE,NRBC
EH5_Siemens013/jai_0000889_178_1279.png,NORM,NONE,NONE,"BAST, RETI"
EH5_Siemens012/jai_0000046_1328_248.png,NORM,NONE,TARG,NONE
EH5_Siemens029/jai_0000184_1858_1200.png,NORM,NONE,NONE,NONE
EH5_Siemens012/jai_0001268_1072_216.png,MICR,OVAL,NONE,"HOJO, RETI"
CDB_Sample012/jai_0000031_309_912.png,MICR,NONE,NONE,NONE
CDB_Sample012/jai_0000105_1207_37.png,NORM,NONE,HYPR,NONE
CDB_Sample189/jai_0000248_616_88.png,NORM,NONE,NONE,HOJO
EH5_Siemens008/jai_0001141_1797_578.png,NORM,NONE,NONE,NONE
EH5_Siemens012/jai_0000182_530_1077.png,NORM,NONE,NONE,NRBC
CDB_Sample189/jai_0000248_616_88.png,NORM,NONE,NONE,HOJO
CDB_Sample125/jai_0000351_1332_520.png,NORM,NONE,NONE,MALA
EH5_Siemens012/jai_0000395_1004_511.png,NORM,NONE,NONE,BAST
CDB_Sample030/jai_0000018_1048_136.png,NORM,NONE,NONE,NONE
EH5_Siemens037/jai_0000441_696_510.png,NORM,ACAN,NONE,NONE
CDB_Sample156/jai_0000097_1443_1223.png,NORM,ECHI,NONE,NONE
EH5_Siemens012/jai_0000057_1569_1060.png,NORM,NONE,NONE,NRBC
CDB_Sample189/jai_0000038_751_204.png,NORM,NONE,NONE,"HOJO, RETI"
EH5_Siemens013/jai_0001155_1565_1332.png,NORM,NONE,NONE,NONE
EH5_Siemens012/jai_0001268_1072_216.png,MICR,OVAL,NONE,"HOJO, RETI"
CDB_Sample030/jai_0000096_740_1151.png,NORM,NONE,STOM,NONE
EH5_Siemens013/jai_0001064_684_376.png,NORM,NONE,NONE,NONE
CDB_Sample189/jai_0000038_751_204.png,NORM,NONE,NONE,"HOJO, RETI"
EH5_Siemens083/jai_0000179_1337_775.png,MICR,NONE,NONE,NONE
CDB_Sample012/jai_0000029_561_951.png,NORM,NONE,NONE,RETI
CDB_Sample012/jai_0000031_805_1026.png,MICR,NONE,NONE,NONE
CDB_Sample012/jai_0000066_74_797.png,NORM,NONE,STOM,NONE
EH5_Siemens037/jai_0000655_639_996.png,NORM,NONE,NONE,NONE
CDB_Sample189/jai_0000038_751_204.png,NORM,NONE,NONE,"HOJO, RETI"
CDB_Sample012/jai_0000026_1532_265.png,MICR,NONE,NONE,NONE
EH5_Siemens012/jai_0000951_513_920.png,NORM,NONE,NONE,"BAST, HOJO, RETI"
CDB_Sample030/jai_0000147_1429_198.png,NORM,ECHI,NONE,NONE
EH5_Siemens012/jai_0001603_102_646.png,MICR,NONE,NONE,BAST
CDB_Sample156/jai_0000567_1072_441.png,NORM,ECHI,NONE,NONE
EH5_Siemens029/jai_0000568_1645_1041.png,NORM,NONE,NONE,NONE
CDB_Sample030/jai_0000103_1238_586.png,MICR,NONE,NONE,NONE
CDB_Sample189/jai_0000340_1836_525.png,NORM,NONE,NONE,RETI
EH5_Siemens012/jai_0000057_878_1298.png,NORM,OVAL,HYPO,NONE
CDB_Sample189/jai_0000033_1651_1223.png,NORM,NONE,NONE,HOJO
EH5_Siemens037/jai_0000611_1581_32.png,NORM,NONE,NONE,NONE
EH5_Siemens003/jai_0000980_1676_741.png,MICR,NONE,NONE,NONE
CDB_Sample012/jai_0000114_312_1276.png,NORM,NONE,NONE,NONE
EH5_Siemens083/jai_0000185_1043_288.png,NORM,NONE,NONE,"BAST, RETI"
EH5_Siemens013/jai_0000074_844_520.png,NORM,NONE,NONE,RETI
CDB_Sample012/jai_0000196_33_1054.png,NORM,NONE,NONE,NONE
EH5_Siemens083/jai_0000013_836_271.png,NORM,OVAL,NONE,NONE
EH5_Siemens037/jai_0000568_1381_655.png,NORM,ECHI,NONE,NONE
CDB_Sample189/jai_0000251_1142_601.png,NORM,NONE,NONE,RETI
CDB_Sample030/jai_0000142_517_311.png,NORM,TEAR,NONE,NONE
CDB_Sample030/jai_0000014_983_263.png,NORM,TEAR,NONE,NONE
EH5_Siemens037/jai_0000142_985_503.png,NORM,ELLI,NONE,NONE
CDB_Sample189/jai_0000161_1080_1188.png,NORM,NONE,NONE,PABO
CDB_Sample156/jai_0000266_870_1202.png,NORM,ECHI,NONE,NONE
EH5_Siemens012/jai_0000139_553_664.png,NORM,NONE,HYPO,"BAST, RETI"
EH5_Siemens083/jai_0000142_687_301.png,NORM,NONE,NONE,NONE
EH5_Siemens012/jai_0000019_857_62.png,NORM,NONE,HYPO,NONE
EH5_Siemens013/jai_0000333_577_519.png,NORM,NONE,NONE,NONE
CDB_Sample030/jai_0000275_1494_1218.png,NORM,NONE,NONE,RETI
EH5_Siemens012/jai_0000147_1841_775.png,NORM,NONE,TARG,NONE
CDB_Sample189/jai_0000337_1873_779.png,NORM,NONE,NONE,PABO
EH5_Siemens029/jai_0000439_198_1438.png,NORM,NONE,NONE,NONE
EH5_Siemens037/jai_0000526_541_1084.png,NORM,NONE,NONE,NONE
CDB_Sample156/jai_0000268_975_210.png,NORM,ECHI,NONE,NONE
CDB_Sample030/jai_0000100_1201_656.png,NORM,NONE,NONE,NONE
CDB_Sample125/jai_0000355_890_1434.png,NORM,NONE,NONE,NONE
EH5_Siemens029/jai_0000395_1263_1091.png,NORM,NONE,NONE,NONE
CDB_Sample030/jai_0000061_599_1152.png,NORM,OVAL,HYPO,NONE
CDB_Sample030/jai_0000020_1749_750.png,NORM,TEAR,NONE,NONE
CDB_Sample030/jai_0000012_1277_710.png,NORM,ECHI,NONE,NONE
EH5_Siemens012/jai_0001353_1286_1185.png,NORM,HELM,NONE,"BAST, HOJO"
CDB_Sample156/jai_0000264_1831_854.png,NORM,ECHI,NONE,NONE
EH5_Siemens012/jai_0000182_530_1077.png,NORM,NONE,NONE,NRBC
CDB_Sample156/jai_0000392_1556_89.png,NORM,NONE,NONE,NONE
CDB_Sample189/jai_0000038_751_204.png,NORM,NONE,NONE,"HOJO, RETI"
CDB_Sample189/jai_0000034_819_226.png,NORM,NONE,NONE,PABO
EH5_Siemens008/jai_0001657_586_125.png,NORM,NONE,HYPR,NONE
EH5_Siemens012/jai_0001353_1286_1185.png,NORM,HELM,NONE,"BAST, HOJO"
CDB_Sample012/jai_0000063_1471_438.png,NORM,NONE,NONE,RETI
CDB_Sample030/jai_0000102_430_736.png,MICR,NONE,NONE,NONE
EH5_Siemens003/jai_0000976_1018_760.png,NORM,NONE,NONE,NONE
CDB_Sample189/jai_0000119_618_363.png,NORM,NONE,NONE,HOJO
EH5_Siemens012/jai_0001353_1286_1185.png,NORM,HELM,NONE,"BAST, HOJO"
CDB_Sample030/jai_0000145_787_1331.png,MICR,NONE,NONE,NONE
EH5_Siemens083/jai_0000402_1344_1391.png,MICR,NONE,NONE,NONE
EH5_Siemens083/jai_0000183_1646_960.png,NORM,NONE,NONE,"BAST, RETI"
EH5_Siemens012/jai_0001353_1286_1185.png,NORM,HELM,NONE,"BAST, HOJO"
EH5_Siemens003/jai_0000278_637_140.png,NORM,NONE,NONE,NONE
CDB_Sample030/jai_0000016_376_1267.png,NORM,TEAR,NONE,NONE
CDB_Sample125/jai_0000268_1528_1166.png,NORM,NONE,NONE,MALA
EH5_Siemens012/jai_0000136_1684_495.png,NORM,NONE,HYPO,NONE
CDB_Sample189/jai_0000033_1651_1223.png,NORM,NONE,NONE,HOJO
EH5_Siemens012/jai_0001268_1072_216.png,MICR,OVAL,NONE,"HOJO, RETI"
EH5_Siemens012/jai_0001353_1286_1185.png,NORM,HELM,NONE,"BAST, HOJO"
EH5_Siemens037/jai_0000526_683_1230.png,NORM,NONE,NONE,NONE
EH5_Siemens012/jai_0000951_513_920.png,NORM,NONE,NONE,"BAST, HOJO, RETI"
CDB_Sample189/jai_0000117_497_104.png,NORM,NONE,NONE,PABO
CDB_Sample125/jai_0000266_1176_655.png,NORM,NONE,STOM,NONE
EH5_Siemens029/jai_0000873_436_374.png,NORM,OVAL,NONE,NONE
EH5_Siemens029/jai_0000395_1572_1339.png,NORM,NONE,NONE,NONE
EH5_Siemens008/jai_0000287_235_1048.png,NORM,NONE,NONE,NONE
CDB_Sample030/jai_0000188_1071_187.png,MICR,NONE,NONE,NONE
EH5_Siemens013/jai_0000803_876_623.png,NORM,NONE,NONE,NONE
EH5_Siemens037/jai_0000009_508_742.png,NORM,NONE,NONE,HOJO
EH5_Siemens013/jai_0000119_153_917.png,NORM,TEAR,NONE,NONE
CDB_Sample156/jai_0000605_1791_540.png,NORM,ECHI,NONE,NONE
EH5_Siemens012/jai_0000044_371_1384.png,NORM,OVAL,HYPR,BAST
CDB_Sample189/jai_0000119_855_489.png,NORM,NONE,NONE,PABO
CDB_Sample189/jai_0000168_1564_255.png,NORM,NONE,NONE,HOJO
EH5_Siemens029/jai_0000822_1588_488.png,MICR,SPHE,NONE,NONE
EH5_Siemens012/jai_0000951_513_920.png,NORM,NONE,NONE,"BAST, HOJO, RETI"
EH5_Siemens012/jai_0001173_1272_157.png,NORM,NONE,NONE,"BAST, RETI"
EH5_Siemens029/jai_0000398_1749_277.png,MICR,NONE,NONE,NONE
CDB_Sample030/jai_0000232_1765_318.png,NORM,TEAR,NONE,NONE
EH5_Siemens012/jai_0000043_908_1424.png,NORM,NONE,NONE,NRBC
EH5_Siemens029/jai_0000439_225_1385.png,MICR,NONE,NONE,NONE
EH5_Siemens037/jai_0000358_1248_140.png,NORM,NONE,NONE,HOJO
EH5_Siemens045/jai_0000184_1650_237.png,NORM,BITE,NONE,NONE
CDB_Sample156/jai_0000607_1503_388.png,NORM,NONE,NONE,NONE
EH5_Siemens003/jai_0000663_789_1336.png,NORM,NONE,NONE,NONE
CDB_Sample189/jai_0000038_751_204.png,NORM,NONE,NONE,"HOJO, RETI"
CDB_Sample030/jai_0000235_604_299.png,NORM,NONE,NONE,NONE
CDB_Sample189/jai_0000373_627_831.png,NORM,NONE,NONE,PABO
CDB_Sample189/jai_0000123_1918_253.png,NORM,NONE,NONE,PABO
EH5_Siemens041/jai_0000146_505_974.png,NORM,BITE,NONE,NONE
EH5_Siemens008/jai_0000287_1567_141.png,NORM,NONE,NONE,NONE
EH5_Siemens041/jai_0000188_1681_418.png,NORM,BITE,NONE,NONE
EH5_Siemens013/jai_0000158_170_187.png,NORM,NONE,NONE,NONE
CDB_Sample012/jai_0000032_880_644.png,MICR,NONE,NONE,NONE
EH5_Siemens012/jai_0000187_1450_864.png,NORM,NONE,HYPO,NONE
CDB_Sample030/jai_0000016_129_562.png,NORM,ELLI,NONE,NONE
CDB_Sample030/jai_0000274_440_53.png,NORM,TEAR,NONE,NONE
EH5_Siemens008/jai_0000621_723_1026.png,NORM,NONE,NONE,NONE
CDB_Sample030/jai_0000061_1570_450.png,MICR,NONE,NONE,NONE
EH5_Siemens012/jai_0000264_1196_1287.png,NORM,NONE,NONE,"BAST, HOJO, RETI"
EH5_Siemens012/jai_0000043_86_1253.png,NORM,NONE,NONE,BAST
EH5_Siemens012/jai_0000527_58_691.png,NORM,NONE,NONE,"BAST, RETI"
EH5_Siemens012/jai_0000046_321_800.png,NORM,NONE,NONE,NRBC
CDB_Sample156/jai_0000137_1279_934.png,NORM,ACAN,NONE,NONE
EH5_Siemens012/jai_0001437_654_1314.png,NORM,OVAL,NONE,"BAST, HOJO"
CDB_Sample030/jai_0000274_1456_358.png,NORM,TEAR,NONE,NONE
EH5_Siemens029/jai_0000654_363_644.png,NORM,HELM,NONE,NONE
CDB_Sample189/jai_0000373_1461_1393.png,MACR,NONE,NONE,NONE
CDB_Sample030/jai_0000061_1265_1286.png,NORM,NONE,HYPO,NONE
EH5_Siemens014/jai_0000196_495_1338.png,NORM,HELM,NONE,NONE
EH5_Siemens012/jai_0000043_908_1424.png,NORM,NONE,NONE,NRBC
EH5_Siemens029/jai_0000048_681_215.png,NORM,NONE,NONE,NONE
CDB_Sample030/jai_0000019_1708_682.png,NORM,NONE,HYPO,NONE
CDB_Sample012/jai_0000026_1934_1178.png,NORM,TEAR,NONE,NONE
EH5_Siemens083/jai_0000267_1920_218.png,NORM,OVAL,NONE,NONE
EH5_Siemens008/jai_0001344_273_527.png,NORM,NONE,NONE,NONE
CDB_Sample189/jai_0000249_796_1048.png,NORM,NONE,NONE,RETI
EH5_Siemens003/jai_0000980_1309_1134.png,NORM,NONE,NONE,RETI
EH5_Siemens012/jai_0000303_64_613.png,NORM,NONE,NONE,NRBC
EH5_Siemens083/jai_0000142_1605_241.png,MACR,NONE,NONE,BAST
EH5_Siemens013/jai_0000414_1375_686.png,NORM,NONE,NONE,NONE
CDB_Sample030/jai_0000185_42_418.png,NORM,OVAL,HYPO,NONE
CDB_Sample030/jai_0000234_1305_332.png,NORM,OVAL,HYPO,NONE
CDB_Sample012/jai_0000198_1207_322.png,NORM,NONE,NONE,NONE
EH5_Siemens003/jai_0000747_1493_1261.png,NORM,NONE,NONE,NONE
EH5_Siemens012/jai_0000136_123_439.png,MICR,SPHE,NONE,NONE
EH5_Siemens012/jai_0000130_1819_748.png,NORM,NONE,NONE,"BAST, RETI"
CDB_Sample030/jai_0000233_302_804.png,NORM,TEAR,NONE,NONE
CDB_Sample030/jai_0000189_1565_916.png,NORM,NONE,NONE,NONE
CDB_Sample189/jai_0000374_866_1279.png,NORM,NONE,NONE,HOJO
CDB_Sample189/jai_0000245_290_415.png,NORM,SICK,NONE,NONE
EH5_Siemens012/jai_0000951_513_920.png,NORM,NONE,NONE,"BAST, HOJO, RETI"
EH5_Siemens008/jai_0001486_1925_575.png,NORM,NONE,NONE,NONE
EH5_Siemens083/jai_0000180_1777_569.png,NORM,NONE,HYPO,"BAST, RETI"
EH5_Siemens012/jai_0001512_779_1122.png,NORM,NONE,NONE,NRBC
CDB_Sample189/jai_0000114_1933_872.png,NORM,NONE,NONE,HOJO
EH5_Siemens013/jai_0000119_545_1260.png,NORM,ECHI,NONE,NONE
CDB_Sample125/jai_0000271_1008_583.png,NORM,NONE,NONE,MALA
EH5_Siemens012/jai_0000264_1673_1082.png,NORM,NONE,TARG,NONE
CDB_Sample125/jai_0000051_132_627.png,NORM,NONE,NONE,MALA
EH5_Siemens037/jai_0000441_1937_194.png,NORM,NONE,NONE,NONE
EH5_Siemens012/jai_0001474_210_726.png,MICR,NONE,NONE,BAST
CDB_Sample125/jai_0000274_601_249.png,NORM,NONE,HYPO,NONE
CDB_Sample189/jai_0000079_1048_122.png,NORM,NONE,NONE,RETI
CDB_Sample189/jai_0000162_1355_1268.png,NORM,NONE,NONE,HOJO
EH5_Siemens029/jai_0000568_825_527.png,NORM,NONE,NONE,NONE
CDB_Sample156/jai_0000519_780_790.png,NORM,NONE,NONE,NONE
EH5_Siemens012/jai_0000043_86_1253.png,NORM,NONE,NONE,BAST
EH5_Siemens012/jai_0000046_321_800.png,NORM,NONE,NONE,NRBC
EH5_Siemens003/jai_0000278_324_1004.png,NORM,NONE,NONE,NONE
CDB_Sample125/jai_0000094_227_554.png,NORM,NONE,NONE,MALA
CDB_Sample012/jai_0000112_1724_216.png,NORM,NONE,NONE,NONE
EH5_Siemens083/jai_0001387_715_940.png,NORM,NONE,TARG,NONE
CDB_Sample189/jai_0000038_751_204.png,NORM,NONE,NONE,"HOJO, RETI"
EH5_Siemens012/jai_0001268_1072_216.png,MICR,OVAL,NONE,"HOJO, RETI"
EH5_Siemens012/jai_0000147_1420_1018.png,NORM,NONE,HYPO,NONE
EH5_Siemens037/jai_0000611_1931_626.png,MACR,NONE,NONE,NONE
CDB_Sample189/jai_0000246_1444_783.png,NORM,NONE,NONE,NONE
EH5_Siemens012/jai_0000044_69_126.png,NORM,NONE,NONE,NRBC
EH5_Siemens037/jai_0000568_1731_105.png,MICR,SCHI,NONE,NONE
EH5_Siemens012/jai_0000059_1489_1327.png,NORM,OVAL,NONE,NONE
EH5_Siemens029/jai_0000439_660_1084.png,NORM,NONE,NONE,NONE
CDB_Sample030/jai_0000139_1024_758.png,NORM,NONE,HYPR,NONE
CDB_Sample012/jai_0000064_117_360.png,NORM,NONE,STOM,NONE
EH5_Siemens012/jai_0000059_99_1341.png,NORM,NONE,TARG,NONE
EH5_Siemens003/jai_0000663_1759_1119.png,NORM,NONE,STOM,NONE
EH5_Siemens012/jai_0000147_1776_1101.png,MICR,NONE,NONE,"BAST, RETI"
CDB_Sample012/jai_0000114_144_59.png,MICR,NONE,NONE,NONE
EH5_Siemens012/jai_0001477_753_715.png,NORM,NONE,NONE,"BAST, RETI"
EH5_Siemens012/jai_0000182_83_1260.png,NORM,NONE,TARG,NONE
EH5_Siemens012/jai_0000043_1432_839.png,NORM,NONE,NONE,NRBC
CDB_Sample189/jai_0000377_1822_876.png,NORM,NONE,HYPO,NONE
EH5_Siemens012/jai_0000264_507_622.png,NORM,NONE,NONE,"BAST, RETI"
CDB_Sample156/jai_0000094_1079_682.png,NORM,NONE,NONE,NONE
EH5_Siemens037/jai_0000611_1940_1351.png,NORM,OVAL,NONE,NONE
EH5_Siemens012/jai_0000995_442_1239.png,MICR,NONE,NONE,BAST
EH5_Siemens012/jai_0000951_513_920.png,NORM,NONE,NONE,"BAST, HOJO, RETI"
CDB_Sample030/jai_0000232_1188_574.png,MICR,NONE,NONE,NONE
EH5_Siemens013/jai_0000969_1802_301.png,MICR,SPHE,NONE,NONE
EH5_Siemens012/jai_0000318_1132_500.png,MICR,NONE,HYPO,NONE
EH5_Siemens037/jai_0000312_1511_191.png,NORM,NONE,NONE,HOJO
EH5_Siemens012/jai_0001437_654_1314.png,NORM,OVAL,NONE,"BAST, HOJO"
CDB_Sample156/jai_0000395_1004_187.png,NORM,ACAN,NONE,NONE
EH5_Siemens012/jai_0001353_1286_1185.png,NORM,HELM,NONE,"BAST, HOJO"
EH5_Siemens012/jai_0000264_1196_1287.png,NORM,NONE,NONE,"BAST, HOJO, RETI"
CDB_Sample189/jai_0000117_497_104.png,NORM,NONE,NONE,PABO
EH5_Siemens037/jai_0000313_423_1387.png,NORM,NONE,NONE,NONE
EH5_Siemens013/jai_0000758_1894_1084.png,NORM,NONE,NONE,RETI
CDB_Sample030/jai_0000057_1141_621.png,NORM,ELLI,NONE,NONE
CDB_Sample030/jai_0000102_745_1401.png,NORM,NONE,NONE,NONE
EH5_Siemens003/jai_0000783_732_1224.png,NORM,NONE,NONE,RETI
CDB_Sample030/jai_0000273_1901_626.png,NORM,ELLI,NONE,NONE
CDB_Sample125/jai_0000271_1423_887.png,NORM,NONE,NONE,MALA
EH5_Siemens013/jai_0000119_749_1259.png,NORM,NONE,NONE,NONE
CDB_Sample012/jai_0000066_851_110.png,NORM,NONE,NONE,NONE
EH5_Siemens029/jai_0000184_737_189.png,NORM,NONE,NONE,NONE
EH5_Siemens012/jai_0000182_530_1077.png,NORM,NONE,NONE,NRBC
EH5_Siemens041/jai_0001348_1028_436.png,NORM,HELM,NONE,NONE
CDB_Sample012/jai_0000032_828_1008.png,NORM,NONE,STOM,NONE
CDB_Sample030/jai_0000231_1841_276.png,NORM,TEAR,NONE,NONE
EH5_Siemens012/jai_0001353_1286_1185.png,NORM,HELM,NONE,"BAST, HOJO"
EH5_Siemens008/jai_0000449_882_333.png,NORM,NONE,NONE,HOJO
CDB_Sample189/jai_0000038_751_204.png,NORM,NONE,NONE,"HOJO, RETI"
CDB_Sample030/jai_0000235_1357_506.png,MICR,NONE,NONE,NONE
CDB_Sample156/jai_0000182_1463_540.png,NORM,ECHI,NONE,NONE
EH5_Siemens012/jai_0000044_371_1384.png,NORM,OVAL,HYPR,BAST
CDB_Sample189/jai_0000373_1853_1117.png,NORM,NONE,NONE,PABO
CDB_Sample030/jai_0000141_346_1337.png,NORM,NONE,NONE,RETI
CDB_Sample189/jai_0000038_751_204.png,NORM,NONE,NONE,"HOJO, RETI"
EH5_Siemens013/jai_0000588_934_540.png,NORM,OVAL,NONE,NONE
EH5_Siemens012/jai_0000139_1273_965.png,NORM,NONE,TARG,NONE
EH5_Siemens012/jai_0001353_1286_1185.png,NORM,HELM,NONE,"BAST, HOJO"
EH5_Siemens012/jai_0001268_1072_216.png,MICR,OVAL,NONE,"HOJO, RETI"
CDB_Sample189/jai_0000288_1442_332.png,NORM,SICK,NONE,NONE
CDB_Sample156/jai_0000307_1148_459.png,NORM,ECHI,NONE,NONE
EH5_Siemens037/jai_0000441_1242_375.png,NORM,NONE,NONE,NONE
EH5_Siemens029/jai_0000871_1306_691.png,NORM,NONE,NONE,NONE
CDB_Sample189/jai_0000288_246_375.png,NORM,NONE,NONE,PABO
EH5_Siemens045/jai_0000095_1972_1162.png,MICR,SCHI,NONE,NONE
EH5_Siemens008/jai_0001610_92_564.png,NORM,BITE,NONE,NONE
EH5_Siemens012/jai_0000951_513_920.png,NORM,NONE,NONE,"BAST, HOJO, RETI"
EH5_Siemens008/jai_0000150_843_379.png,NORM,NONE,NONE,NONE
CDB_Sample012/jai_0000113_288_1340.png,NORM,NONE,STOM,NONE
CDB_Sample156/jai_0000652_352_1324.png,NORM,NONE,NONE,NONE
EH5_Siemens012/jai_0000836_207_898.png,NORM,NONE,NONE,NRBC
EH5_Siemens083/jai_0000401_407_186.png,MICR,SCHI,NONE,NONE
EH5_Siemens037/jai_0000483_1307_127.png,NORM,ECHI,NONE,NONE
EH5_Siemens013/jai_0001155_1301_1055.png,MICR,NONE,NONE,NONE
EH5_Siemens029/jai_0000052_1756_1146.png,NORM,TEAR,HYPO,NONE
CDB_Sample030/jai_0000014_1028_110.png,NORM,NONE,HYPO,NONE
CDB_Sample030/jai_0000229_1505_493.png,MICR,NONE,NONE,NONE
EH5_Siemens012/jai_0001512_564_319.png,NORM,NONE,TARG,BAST
EH5_Siemens029/jai_0000525_953_829.png,NORM,NONE,NONE,NONE
CDB_Sample125/jai_0000059_1703_1235.png,NORM,NONE,NONE,NONE
EH5_Siemens012/jai_0000264_1196_1287.png,NORM,NONE,NONE,"BAST, HOJO, RETI"
EH5_Siemens012/jai_0000264_1196_1287.png,NORM,NONE,NONE,"BAST, HOJO, RETI"
EH5_Siemens008/jai_0001392_1499_519.png,MICR,SPHE,NONE,NONE
CDB_Sample125/jai_0000267_449_208.png,NORM,NONE,NONE,NONE
EH5_Siemens037/jai_0000135_1242_895.png,NORM,NONE,TARG,NONE
EH5_Siemens083/jai_0001430_844_759.png,NORM,NONE,NONE,NONE
EH5_Siemens012/jai_0001268_1072_216.png,MICR,OVAL,NONE,"HOJO, RETI"
EH5_Siemens029/jai_0000133_579_1332.png,MACR,NONE,HYPR,NONE
EH5_Siemens012/jai_0001437_654_1314.png,NORM,OVAL,NONE,"BAST, HOJO"
CDB_Sample125/jai_0000354_1291_1292.png,NORM,ECHI,NONE,MALA
EH5_Siemens012/jai_0001261_1830_454.png,MICR,NONE,NONE,BAST
CDB_Sample189/jai_0000035_1175_773.png,NORM,NONE,NONE,PABO
EH5_Siemens012/jai_0001353_1286_1185.png,NORM,HELM,NONE,"BAST, HOJO"
CDB_Sample156/jai_0000308_1873_932.png,NORM,NONE,NONE,NONE
CDB_Sample030/jai_0000235_203_465.png,MICR,NONE,NONE,NONE
EH5_Siemens012/jai_0000174_938_1403.png,NORM,NONE,NONE,NRBC
CDB_Sample125/jai_0000352_172_606.png,NORM,NONE,NONE,MALA
EH5_Siemens012/jai_0001268_1072_216.png,MICR,OVAL,NONE,"HOJO, RETI"
EH5_Siemens013/jai_0000158_489_1276.png,NORM,TEAR,NONE,NONE
EH5_Siemens012/jai_0000003_660_213.png,NORM,NONE,NONE,"BAST, RETI"
EH5_Siemens008/jai_0000241_1752_1314.png,NORM,NONE,NONE,NONE
EH5_Siemens013/jai_0000074_1794_853.png,NORM,NONE,NONE,RETI
EH5_Siemens008/jai_0001186_1898_1015.png,NORM,NONE,NONE,NONE
CDB_Sample189/jai_0000117_497_104.png,NORM,NONE,NONE,PABO
EH5_Siemens029/jai_0000569_653_158.png,MICR,NONE,NONE,NONE
EH5_Siemens037/jai_0000358_1396_839.png,MICR,NONE,HYPO,NONE
EH5_Siemens045/jai_0000186_1249_692.png,NORM,BITE,NONE,NONE
CDB_Sample030/jai_0000144_1941_496.png,NORM,TEAR,NONE,NONE
CDB_Sample189/jai_0000116_469_810.png,NORM,SICK,NONE,NONE
EH5_Siemens029/jai_0000396_1536_1089.png,NORM,OVAL,NONE,NONE
CDB_Sample189/jai_0000034_947_586.png,MACR,NONE,NONE,HOJO
EH5_Siemens012/jai_0001268_1072_216.png,MICR,OVAL,NONE,"HOJO, RETI"
EH5_Siemens012/jai_0000046_321_800.png,NORM,NONE,NONE,NRBC
EH5_Siemens012/jai_0000264_1196_1287.png,NORM,NONE,NONE,"BAST, HOJO, RETI"
CDB_Sample189/jai_0000373_993_642.png,NORM,ELLI,NONE,NONE
CDB_Sample012/jai_0000197_1657_445.png,NORM,NONE,NONE,NONE
EH5_Siemens012/jai_0001353_1286_1185.png,NORM,HELM,NONE,"BAST, HOJO"
CDB_Sample156/jai_0000138_604_1262.png,NORM,ECHI,NONE,NONE
EH5_Siemens008/jai_0000150_1475_1425.png,NORM,NONE,HYPR,NONE
CDB_Sample030/jai_0000020_735_1357.png,NORM,NONE,HYPO,NONE
EH5_Siemens083/jai_0000181_1795_1012.png,NORM,OVAL,NONE,"BAST, RETI"
CDB_Sample030/jai_0000099_232_932.png,NORM,OVAL,NONE,NONE
EH5_Siemens083/jai_0000142_871_321.png,NORM,OVAL,HYPO,NONE
EH5_Siemens029/jai_0000692_1644_30.png,NORM,NONE,NONE,NONE
EH5_Siemens083/jai_0001472_543_113.png,MACR,NONE,NONE,BAST
EH5_Siemens012/jai_0000063_1825_1416.png,NORM,NONE,NONE,RETI
EH5_Siemens041/jai_0000188_803_982.png,MICR,SCHI,NONE,NONE
EH5_Siemens013/jai_0000327_697_819.png,NORM,NONE,NONE,NONE
CDB_Sample156/jai_0000095_692_839.png,NORM,NONE,NONE,NONE
CDB_Sample125/jai_0000054_1227_1339.png,NORM,NONE,NONE,MALA
EH5_Siemens012/jai_0000264_1196_1287.png,NORM,NONE,NONE,"BAST, HOJO, RETI"
EH5_Siemens041/jai_0000188_1681_418.png,NORM,BITE,NONE,NONE
CDB_Sample030/jai_0000144_710_130.png,NORM,OVAL,NONE,NONE
EH5_Siemens037/jai_0000395_1677_978.png,NORM,NONE,HYPO,NONE
EH5_Siemens013/jai_0001067_32_993.png,MICR,NONE,NONE,NONE
CDB_Sample030/jai_0000233_138_95.png,NORM,NONE,NONE,BAST
CDB_Sample030/jai_0000056_1266_582.png,NORM,OVAL,NONE,NONE
EH5_Siemens003/jai_0000980_1309_1134.png,NORM,NONE,NONE,RETI
CDB_Sample189/jai_0000035_292_311.png,MICR,NONE,NONE,NONE
EH5_Siemens012/jai_0001353_1286_1185.png,NORM,HELM,NONE,"BAST, HOJO"
EH5_Siemens012/jai_0000995_442_1239.png,MICR,NONE,NONE,BAST
CDB_Sample012/jai_0000195_586_120.png,MICR,NONE,NONE,NONE
CDB_Sample156/jai_0000264_269_1083.png,NORM,ACAN,NONE,NONE
CDB_Sample156/jai_0000181_131_1150.png,NORM,NONE,NONE,HOJO
CDB_Sample125/jai_0000182_1927_145.png,NORM,NONE,NONE,MALA
CDB_Sample189/jai_0000038_751_204.png,NORM,NONE,NONE,"HOJO, RETI"
EH5_Siemens083/jai_0001472_1003_989.png,NORM,OVAL,NONE,NONE
EH5_Siemens037/jai_0000395_1583_252.png,NORM,ECHI,NONE,NONE
EH5_Siemens029/jai_0000310_1853_676.png,NORM,OVAL,NONE,NONE
CDB_Sample030/jai_0000015_1956_196.png,MICR,NONE,NONE,NONE
EH5_Siemens012/jai_0001353_1286_1185.png,NORM,HELM,NONE,"BAST, HOJO"
CDB_Sample156/jai_0000094_1642_304.png,NORM,ACAN,NONE,NONE
CDB_Sample156/jai_0000349_851_990.png,NORM,NONE,NONE,NONE
CDB_Sample012/jai_0000155_887_394.png,NORM,NONE,NONE,RETI
CDB_Sample189/jai_0000038_751_204.png,NORM,NONE,NONE,"HOJO, RETI"
EH5_Siemens045/jai_0000010_1776_693.png,MICR,SCHI,NONE,NONE
EH5_Siemens012/jai_0001268_1072_216.png,MICR,OVAL,NONE,"HOJO, RETI"
CDB_Sample189/jai_0000122_1817_1135.png,NORM,NONE,STOM,NONE
EH5_Siemens012/jai_0000139_553_664.png,NORM,NONE,HYPO,"BAST, RETI"
CDB_Sample189/jai_0000033_1277_554.png,NORM,NONE,NONE,PABO
CDB_Sample189/jai_0000161_1080_1188.png,NORM,NONE,NONE,PABO
EH5_Siemens008/jai_0001437_1110_227.png,NORM,BITE,NONE,NONE
EH5_Siemens013/jai_0000327_1939_939.png,NORM,NONE,NONE,RETI
EH5_Siemens013/jai_0000798_1590_866.png,NORM,TEAR,NONE,NONE
EH5_Siemens003/jai_0000976_460_1409.png,NORM,NONE,NONE,NONE
EH5_Siemens083/jai_0000183_1646_960.png,NORM,NONE,NONE,"BAST, RETI"
EH5_Siemens013/jai_0000072_582_421.png,NORM,NONE,NONE,NONE
EH5_Siemens012/jai_0000019_894_392.png,NORM,NONE,HYPO,NONE
EH5_Siemens012/jai_0001437_654_1314.png,NORM,OVAL,NONE,"BAST, HOJO"
EH5_Siemens012/jai_0001353_1286_1185.png,NORM,HELM,NONE,"BAST, HOJO"
CDB_Sample189/jai_0000121_1610_560.png,NORM,NONE,NONE,PABO
EH5_Siemens013/jai_0000889_1137_475.png,NORM,OVAL,NONE,NONE
EH5_Siemens012/jai_0000487_533_1323.png,MICR,NONE,NONE,"BAST, RETI"
EH5_Siemens012/jai_0001437_654_1314.png,NORM,OVAL,NONE,"BAST, HOJO"
CDB_Sample012/jai_0000116_320_493.png,MACR,NONE,NONE,NONE
EH5_Siemens012/jai_0001353_1286_1185.png,NORM,HELM,NONE,"BAST, HOJO"
CDB_Sample125/jai_0000274_1968_444.png,NORM,ECHI,NONE,NONE
CDB_Sample156/jai_0000351_1273_134.png,NORM,TEAR,NONE,NONE
EH5_Siemens012/jai_0000147_1682_374.png,NORM,NONE,NONE,NRBC
CDB_Sample189/jai_0000121_22_625.png,NORM,SICK,NONE,RETI
EH5_Siemens012/jai_0000264_1196_1287.png,NORM,NONE,NONE,"BAST, HOJO, RETI"
EH5_Siemens008/jai_0000621_906_761.png,MICR,NONE,NONE,NONE
EH5_Siemens029/jai_0000439_1220_1086.png,NORM,NONE,NONE,NONE
CDB_Sample189/jai_0000038_751_204.png,NORM,NONE,NONE,"HOJO, RETI"
CDB_Sample156/jai_0000095_1101_361.png,NORM,ACAN,NONE,NONE
EH5_Siemens083/jai_0000356_1637_1235.png,NORM,NONE,HYPR,NONE
EH5_Siemens012/jai_0001535_1571_530.png,MICR,NONE,HYPO,NONE
EH5_Siemens029/jai_0000568_1614_1393.png,MICR,NONE,NONE,NONE
EH5_Siemens029/jai_0000395_1082_1376.png,NORM,NONE,HYPO,NONE
CDB_Sample012/jai_0000113_51_284.png,NORM,NONE,HYPO,NONE
EH5_Siemens012/jai_0001353_1286_1185.png,NORM,HELM,NONE,"BAST, HOJO"
EH5_Siemens029/jai_0000048_1467_255.png,NORM,NONE,STOM,NONE
EH5_Siemens083/jai_0000179_805_907.png,NORM,NONE,NONE,RETI
CDB_Sample189/jai_0000375_900_188.png,NORM,NONE,NONE,NONE
EH5_Siemens012/jai_0000063_76_534.png,NORM,NONE,HYPO,NONE
EH5_Siemens012/jai_0000264_1196_1287.png,NORM,NONE,NONE,"BAST, HOJO, RETI"
EH5_Siemens013/jai_0000758_1274_533.png,MICR,SPHE,NONE,NONE
CDB_Sample030/jai_0000148_609_1124.png,NORM,OVAL,NONE,NONE
CDB_Sample125/jai_0000183_1043_869.png,NORM,NONE,NONE,MALA
CDB_Sample189/jai_0000334_932_1265.png,NORM,NONE,NONE,NONE
EH5_Siemens012/jai_0000264_1196_1287.png,NORM,NONE,NONE,"BAST, HOJO, RETI"
EH5_Siemens037/jai_0000568_763_1065.png,NORM,ECHI,NONE,NONE
CDB_Sample189/jai_0000378_1193_1080.png,NORM,NONE,NONE,PABO
CDB_Sample156/jai_0000307_161_1326.png,NORM,NONE,NONE,NONE
EH5_Siemens008/jai_0000578_69_370.png,NORM,NONE,NONE,NONE
EH5_Siemens029/jai_0000828_1205_880.png,NORM,NONE,NONE,NONE
EH5_Siemens012/jai_0000003_87_388.png,NORM,NONE,TARG,NONE
EH5_Siemens012/jai_0000019_956_1247.png,NORM,NONE,NONE,"BAST, RETI"
CDB_Sample125/jai_0000096_994_1300.png,NORM,NONE,NONE,MALA
CDB_Sample156/jai_0000181_239_1308.png,NORM,ECHI,NONE,NONE
EH5_Siemens013/jai_0000119_1745_528.png,NORM,NONE,NONE,NONE
EH5_Siemens012/jai_0001353_1286_1185.png,NORM,HELM,NONE,"BAST, HOJO"
EH5_Siemens012/jai_0000836_207_898.png,NORM,NONE,NONE,NRBC
EH5_Siemens008/jai_0001222_892_397.png,NORM,NONE,NONE,NONE
CDB_Sample189/jai_0000248_1594_596.png,NORM,SICK,NONE,NONE
EH5_Siemens012/jai_0001525_1498_1380.png,NORM,NONE,NONE,"BAST, RETI"
EH5_Siemens037/jai_0000356_1465_1322.png,NORM,NONE,TARG,NONE
CDB_Sample189/jai_0000247_682_815.png,NORM,NONE,NONE,RETI
EH5_Siemens012/jai_0000019_946_665.png,NORM,NONE,NONE,NONE
CDB_Sample030/jai_0000096_640_358.png,NORM,ELLI,NONE,NONE
EH5_Siemens012/jai_0000057_1427_1132.png,NORM,NONE,NONE,NRBC
EH5_Siemens003/jai_0000663_758_1270.png,NORM,NONE,NONE,NONE
CDB_Sample030/jai_0000272_1607_758.png,NORM,NONE,HYPR,NONE
CDB_Sample189/jai_0000114_1933_872.png,NORM,NONE,NONE,HOJO
EH5_Siemens012/jai_0000046_321_800.png,NORM,NONE,NONE,NRBC
EH5_Siemens012/jai_0000951_513_920.png,NORM,NONE,NONE,"BAST, HOJO, RETI"
CDB_Sample125/jai_0000010_1942_230.png,NORM,HELM,NONE,NONE
CDB_Sample189/jai_0000121_22_625.png,NORM,SICK,NONE,RETI
CDB_Sample125/jai_0000226_1302_925.png,NORM,NONE,NONE,MALA
CDB_Sample012/jai_0000107_434_607.png,NORM,NONE,NONE,HOJO
EH5_Siemens083/jai_0000060_1605_398.png,MICR,ELLI,NONE,NONE
EH5_Siemens012/jai_0000130_787_699.png,NORM,NONE,HYPO,HOJO
EH5_Siemens012/jai_0000264_1196_1287.png,NORM,NONE,NONE,"BAST, HOJO, RETI"
EH5_Siemens083/jai_0000309_851_268.png,MICR,NONE,NONE,NONE
CDB_Sample189/jai_0000333_157_1384.png,NORM,NONE,NONE,HOJO
CDB_Sample012/jai_0000113_1167_645.png,NORM,NONE,NONE,NONE
CDB_Sample156/jai_0000182_1687_58.png,NORM,NONE,NONE,NONE
EH5_Siemens012/jai_0001437_654_1314.png,NORM,OVAL,NONE,"BAST, HOJO"
EH5_Siemens013/jai_0000758_1740_1268.png,NORM,TEAR,NONE,NONE
CDB_Sample189/jai_0000294_1586_931.png,NORM,NONE,NONE,NONE
CDB_Sample125/jai_0000316_509_363.png,NORM,ECHI,NONE,NONE
CDB_Sample030/jai_0000148_1958_687.png,NORM,ELLI,NONE,NONE
CDB_Sample189/jai_0000121_22_625.png,NORM,SICK,NONE,RETI
EH5_Siemens029/jai_0000871_1355_330.png,MICR,NONE,NONE,NONE
EH5_Siemens083/jai_0000064_530_1076.png,MICR,SCHI,NONE,NONE
CDB_Sample156/jai_0000270_1166_199.png,NORM,NONE,NONE,NONE
EH5_Siemens029/jai_0000396_1310_831.png,NORM,NONE,NONE,NONE
EH5_Siemens012/jai_0001353_1286_1185.png,NORM,HELM,NONE,"BAST, HOJO"
EH5_Siemens037/jai_0000655_426_1276.png,NORM,NONE,NONE,NONE
CDB_Sample012/jai_0000024_683_410.png,MACR,NONE,NONE,NONE
CDB_Sample012/jai_0000109_1754_264.png,NORM,NONE,NONE,NONE
EH5_Siemens029/jai_0000655_897_903.png,NORM,OVAL,NONE,NONE
CDB_Sample189/jai_0000081_1850_879.png,NORM,NONE,NONE,HOJO
CDB_Sample189/jai_0000288_1442_332.png,NORM,SICK,NONE,NONE
CDB_Sample012/jai_0000153_672_766.png,NORM,NONE,NONE,NONE
EH5_Siemens083/jai_0000402_875_584.png,MICR,NONE,NONE,NONE
CDB_Sample189/jai_0000038_751_204.png,NORM,NONE,NONE,"HOJO, RETI"
CDB_Sample125/jai_0000224_780_1153.png,NORM,NONE,NONE,MALA
EH5_Siemens037/jai_0000653_407_988.png,NORM,ELLI,NONE,NONE
EH5_Siemens012/jai_0000264_1196_1287.png,NORM,NONE,NONE,"BAST, HOJO, RETI"
EH5_Siemens012/jai_0000182_530_1077.png,NORM,NONE,NONE,NRBC
EH5_Siemens008/jai_0001437_1397_343.png,NORM,NONE,NONE,NONE
EH5_Siemens037/jai_0000568_1508_552.png,NORM,ECHI,NONE,NONE
EH5_Siemens008/jai_0000139_1885_1363.png,NORM,NONE,NONE,NONE
EH5_Siemens012/jai_0001268_93_73.png,MICR,NONE,NONE,BAST
EH5_Siemens029/jai_0000479_1055_1006.png,MICR,NONE,NONE,NONE
EH5_Siemens008/jai_0001394_330_326.png,NORM,NONE,NONE,NONE
EH5_Siemens012/jai_0001353_1286_1185.png,NORM,HELM,NONE,"BAST, HOJO"
EH5_Siemens083/jai_0000016_774_1027.png,MACR,NONE,NONE,RETI
EH5_Siemens003/jai_0000242_106_351.png,NORM,NONE,NONE,NONE
EH5_Siemens013/jai_0000158_1763_77.png,NORM,NONE,NONE,NONE
EH5_Siemens012/jai_0000187_1025_815.png,NORM,NONE,NONE,NRBC
EH5_Siemens012/jai_0001599_995_346.png,MICR,NONE,NONE,BAST
EH5_Siemens037/jai_0000611_1696_271.png,NORM,NONE,NONE,NONE
CDB_Sample125/jai_0000058_1048_166.png,NORM,ECHI,NONE,NONE
EH5_Siemens029/jai_0000396_1032_897.png,NORM,NONE,NONE,NONE
CDB_Sample125/jai_0000349_876_924.png,NORM,NONE,NONE,MALA
EH5_Siemens012/jai_0001353_1286_1185.png,NORM,HELM,NONE,"BAST, HOJO"
EH5_Siemens012/jai_0000318_118_730.png,NORM,NONE,NONE,NRBC
EH5_Siemens029/jai_0000133_1190_1353.png,NORM,NONE,HYPO,NONE
CDB_Sample125/jai_0000317_995_883.png,NORM,NONE,NONE,MALA
CDB_Sample189/jai_0000245_1579_1004.png,NORM,SICK,NONE,NONE
EH5_Siemens029/jai_0000133_621_348.png,NORM,NONE,STOM,NONE
EH5_Siemens012/jai_0000019_1068_102.png,NORM,NONE,TARG,NONE
EH5_Siemens083/jai_0001428_292_334.png,NORM,NONE,HYPO,NONE
CDB_Sample030/jai_0000142_807_195.png,NORM,OVAL,NONE,NONE
EH5_Siemens037/jai_0000400_1090_274.png,NORM,NONE,TARG,NONE
CDB_Sample189/jai_0000040_632_563.png,NORM,NONE,NONE,RETI
EH5_Siemens003/jai_0000158_376_754.png,NORM,NONE,HYPR,NONE
CDB_Sample189/jai_0000160_270_1010.png,NORM,NONE,NONE,HOJO
CDB_Sample156/jai_0000264_230_358.png,NORM,NONE,NONE,NONE
EH5_Siemens008/jai_0000241_812_266.png,NORM,NONE,NONE,NONE
EH5_Siemens008/jai_0000150_1037_1391.png,NORM,NONE,HYPR,NONE
CDB_Sample189/jai_0000379_1255_143.png,NORM,NONE,NONE,RETI
CDB_Sample125/jai_0000314_127_1020.png,NORM,NONE,NONE,RETI
EH5_Siemens012/jai_0000264_1196_1287.png,NORM,NONE,NONE,"BAST, HOJO, RETI"
EH5_Siemens012/jai_0000057_1366_312.png,NORM,OVAL,NONE,"BAST, RETI"
EH5_Siemens008/jai_0000241_1065_1338.png,NORM,NONE,HYPR,NONE
EH5_Siemens003/jai_0000224_313_902.png,NORM,NONE,STOM,NONE
EH5_Siemens013/jai_0000798_1055_460.png,MICR,NONE,NONE,NONE
EH5_Siemens029/jai_0000873_1065_1395.png,NORM,NONE,NONE,NONE
EH5_Siemens012/jai_0000046_321_800.png,NORM,NONE,NONE,NRBC
CDB_Sample156/jai_0000268_1094_156.png,NORM,ECHI,NONE,NONE
EH5_Siemens083/jai_0000016_1180_461.png,NORM,ECHI,NONE,NONE
CDB_Sample189/jai_0000161_1080_1188.png,NORM,NONE,NONE,PABO
EH5_Siemens012/jai_0000147_933_614.png,NORM,OVAL,NONE,NONE
CDB_Sample189/jai_0000038_751_204.png,NORM,NONE,NONE,"HOJO, RETI"
CDB_Sample030/jai_0000057_1606_506.png,MICR,SPHE,NONE,NONE
CDB_Sample012/jai_0000069_1214_253.png,NORM,NONE,NONE,NONE
EH5_Siemens003/jai_0000976_1251_1262.png,NORM,NONE,HYPR,RETI
EH5_Siemens012/jai_0000057_1427_1132.png,NORM,NONE,NONE,NRBC
CDB_Sample030/jai_0000231_553_367.png,MICR,NONE,NONE,NONE
CDB_Sample156/jai_0000138_909_982.png,NORM,ECHI,NONE,NONE
EH5_Siemens012/jai_0000951_513_920.png,NORM,NONE,NONE,"BAST, HOJO, RETI"
EH5_Siemens012/jai_0001353_1286_1185.png,NORM,HELM,NONE,"BAST, HOJO"
EH5_Siemens012/jai_0001268_1072_216.png,MICR,OVAL,NONE,"HOJO, RETI"
CDB_Sample125/jai_0000058_1550_1369.png,NORM,NONE,NONE,MALA
EH5_Siemens012/jai_0000019_1327_997.png,NORM,NONE,HYPO,NONE
CDB_Sample189/jai_0000034_819_226.png,NORM,NONE,NONE,PABO
CDB_Sample189/jai_0000038_751_204.png,NORM,NONE,NONE,"HOJO, RETI"
EH5_Siemens012/jai_0000182_530_1077.png,NORM,NONE,NONE,NRBC
CDB_Sample189/jai_0000211_1503_375.png,NORM,NONE,NONE,NONE
EH5_Siemens083/jai_0001430_1341_653.png,MACR,NONE,HYPR,RETI
EH5_Siemens012/jai_0001353_1286_1185.png,NORM,HELM,NONE,"BAST, HOJO"
EH5_Siemens083/jai_0001387_887_355.png,NORM,TEAR,NONE,NONE
EH5_Siemens037/jai_0000653_886_742.png,NORM,NONE,HYPR,NONE
EH5_Siemens013/jai_0000889_1377_1430.png,NORM,NONE,NONE,NONE
EH5_Siemens013/jai_0000072_472_286.png,MICR,NONE,NONE,NONE
EH5_Siemens012/jai_0000264_1196_1287.png,NORM,NONE,NONE,"BAST, HOJO, RETI"
EH5_Siemens012/jai_0000318_1598_460.png,NORM,TEAR,NONE,NONE
CDB_Sample189/jai_0000114_1787_644.png,NORM,OVAL,HYPO,PABO
EH5_Siemens037/jai_0000142_1889_769.png,NORM,NONE,HYPO,NONE
CDB_Sample012/jai_0000067_375_643.png,MICR,NONE,NONE,NONE
EH5_Siemens008/jai_0000277_299_879.png,NORM,NONE,NONE,NONE
CDB_Sample189/jai_0000115_1963_81.png,NORM,NONE,STOM,NONE
CDB_Sample030/jai_0000232_454_682.png,NORM,OVAL,NONE,NONE
EH5_Siemens012/jai_0001437_654_1314.png,NORM,OVAL,NONE,"BAST, HOJO"
CDB_Sample030/jai_0000227_1536_132.png,MICR,NONE,NONE,NONE
EH5_Siemens029/jai_0000052_1485_663.png,MICR,SCHI,NONE,NONE
CDB_Sample012/jai_0000197_926_629.png,NORM,NONE,STOM,NONE
CDB_Sample125/jai_0000225_1289_496.png,NORM,NONE,NONE,MALA
CDB_Sample012/jai_0000197_321_99.png,NORM,NONE,STOM,NONE
EH5_Siemens012/jai_0000043_908_1424.png,NORM,NONE,NONE,NRBC
CDB_Sample189/jai_0000251_1641_493.png,NORM,NONE,NONE,HOJO
EH5_Siemens008/jai_0000563_801_651.png,NORM,NONE,HYPO,NONE
EH5_Siemens008/jai_0000287_100_1157.png,NORM,NONE,NONE,NONE
EH5_Siemens008/jai_0001653_605_1443.png,MICR,NONE,NONE,NONE
CDB_Sample189/jai_0000038_751_204.png,NORM,NONE,NONE,"HOJO, RETI"
EH5_Siemens037/jai_0000009_557_80.png,NORM,NONE,TARG,NONE
CDB_Sample125/jai_0000353_602_865.png,NORM,OVAL,NONE,NONE
EH5_Siemens012/jai_0000043_1040_751.png,NORM,ECHI,HYPR,NONE
EH5_Siemens012/jai_0000059_873_735.png,NORM,NONE,NONE,NONE
EH5_Siemens083/jai_0000101_1502_562.png,NORM,OVAL,HYPO,NONE
EH5_Siemens003/jai_0000278_195_744.png,NORM,NONE,NONE,NONE
EH5_Siemens083/jai_0000401_1443_253.png,MICR,NONE,NONE,NONE
EH5_Siemens029/jai_0000439_1549_1280.png,NORM,NONE,NONE,NONE
EH5_Siemens037/jai_0000482_667_596.png,NORM,NONE,NONE,NONE
CDB_Sample189/jai_0000034_459_288.png,NORM,NONE,NONE,NONE
EH5_Siemens012/jai_0001353_1286_1185.png,NORM,HELM,NONE,"BAST, HOJO"
EH5_Siemens037/jai_0000092_1826_131.png,NORM,NONE,NONE,HOJO
CDB_Sample189/jai_0000340_74_851.png,NORM,NONE,NONE,NONE
EH5_Siemens012/jai_0000187_1943_1429.png,NORM,OVAL,NONE,BAST
EH5_Siemens037/jai_0000483_1331_1274.png,MACR,NONE,NONE,NONE
EH5_Siemens012/jai_0000043_1432_839.png,NORM,NONE,NONE,NRBC
CDB_Sample012/jai_0000193_1554_753.png,NORM,NONE,NONE,RETI
EH5_Siemens012/jai_0000303_64_613.png,NORM,NONE,NONE,NRBC
EH5_Siemens013/jai_0000847_759_411.png,MICR,NONE,NONE,NONE
EH5_Siemens012/jai_0000951_513_920.png,NORM,NONE,NONE,"BAST, HOJO, RETI"
CDB_Sample189/jai_0000114_1787_644.png,NORM,OVAL,HYPO,PABO
EH5_Siemens037/jai_0000135_37_284.png,MACR,NONE,HYPR,NONE
EH5_Siemens037/jai_0000441_773_1099.png,NORM,ACAN,NONE,NONE
EH5_Siemens037/jai_0000135_1458_785.png,NORM,NONE,NONE,HOJO
EH5_Siemens029/jai_0000439_1163_977.png,MICR,SPHE,NONE,NONE
CDB_Sample012/jai_0000153_1168_908.png,NORM,NONE,NONE,NONE
EH5_Siemens037/jai_0000611_973_1091.png,NORM,ECHI,NONE,NONE
EH5_Siemens083/jai_0000183_1963_1355.png,NORM,NONE,HYPO,NONE
EH5_Siemens029/jai_0000654_1151_830.png,NORM,NONE,NONE,NONE
CDB_Sample030/jai_0000235_1032_230.png,NORM,NONE,NONE,NONE
CDB_Sample030/jai_0000099_1115_1329.png,MICR,NONE,NONE,NONE
EH5_Siemens012/jai_0000057_1507_1102.png,MICR,NONE,NONE,NONE
CDB_Sample030/jai_0000234_487_763.png,NORM,OVAL,HYPO,NONE
CDB_Sample189/jai_0000034_848_1294.png,NORM,SICK,NONE,NONE
EH5_Siemens008/jai_0000532_660_1448.png,NORM,NONE,HYPO,NONE
EH5_Siemens003/jai_0000158_1656_660.png,NORM,NONE,NONE,NONE
CDB_Sample189/jai_0000033_988_601.png,NORM,NONE,NONE,PABO
CDB_Sample156/jai_0000607_952_920.png,NORM,ECHI,NONE,NONE
CDB_Sample030/jai_0000186_1945_207.png,NORM,NONE,NONE,NONE
CDB_Sample012/jai_0000067_1961_830.png,NORM,NONE,STOM,NONE
EH5_Siemens008/jai_0000148_527_234.png,NORM,NONE,NONE,NONE
EH5_Siemens012/jai_0000950_1333_1072.png,NORM,NONE,TARG,NONE
EH5_Siemens003/jai_0000158_874_1209.png,NORM,NONE,NONE,NONE
CDB_Sample156/jai_0000521_666_1108.png,NORM,ACAN,NONE,NONE
EH5_Siemens012/jai_0001268_1072_216.png,MICR,OVAL,NONE,"HOJO, RETI"
CDB_Sample156/jai_0000051_1754_1450.png,NORM,ECHI,NONE,NONE
EH5_Siemens003/jai_0000980_174_429.png,NORM,NONE,NONE,NONE
CDB_Sample030/jai_0000057_817_1222.png,NORM,NONE,NONE,NONE
CDB_Sample030/jai_0000142_904_72.png,MICR,SPHE,NONE,NONE
EH5_Siemens012/jai_0000046_1438_394.png,NORM,ACAN,NONE,NONE
EH5_Siemens029/jai_0000828_72_1001.png,NORM,NONE,HYPO,NONE
EH5_Siemens003/jai_0000976_405_1250.png,NORM,NONE,NONE,NONE
CDB_Sample156/jai_0000181_722_962.png,NORM,ACAN,NONE,NONE
EH5_Siemens012/jai_0000147_1776_1101.png,MICR,NONE,NONE,"BAST, RETI"
EH5_Siemens029/jai_0000654_712_198.png,MICR,SPHE,NONE,NONE
CDB_Sample030/jai_0000061_1459_1249.png,NORM,ELLI,NONE,NONE
EH5_Siemens037/jai_0000482_1675_1103.png,NORM,ELLI,NONE,NONE
CDB_Sample030/jai_0000143_545_1104.png,NORM,NONE,NONE,NONE
EH5_Siemens037/jai_0000481_574_384.png,NORM,NONE,NONE,NONE
EH5_Siemens012/jai_0000147_1516_118.png,NORM,NONE,HYPO,NONE
EH5_Siemens008/jai_0000241_1745_840.png,NORM,NONE,NONE,NONE
EH5_Siemens012/jai_0000264_1196_1287.png,NORM,NONE,NONE,"BAST, HOJO, RETI"
EH5_Siemens012/jai_0001256_755_1091.png,NORM,NONE,NONE,BAST
CDB_Sample125/jai_0000349_876_924.png,NORM,NONE,NONE,MALA
EH5_Siemens014/jai_0000068_1415_394.png,NORM,HELM,NONE,NONE
EH5_Siemens029/jai_0000654_670_572.png,NORM,NONE,NONE,NONE
EH5_Siemens012/jai_0000182_642_1253.png,NORM,NONE,NONE,"BAST, RETI"
CDB_Sample189/jai_0000034_1799_184.png,MICR,SPHE,NONE,NONE
CDB_Sample012/jai_0000107_1047_84.png,MACR,NONE,NONE,NONE
EH5_Siemens003/jai_0000980_164_1173.png,NORM,NONE,NONE,NONE
CDB_Sample189/jai_0000245_290_415.png,NORM,SICK,NONE,NONE
EH5_Siemens029/jai_0000655_1095_1009.png,NORM,TEAR,NONE,RETI
EH5_Siemens037/jai_0000395_970_71.png,NORM,ECHI,NONE,NONE
EH5_Siemens012/jai_0001268_1072_216.png,MICR,OVAL,NONE,"HOJO, RETI"
EH5_Siemens037/jai_0000356_54_1037.png,NORM,ECHI,NONE,NONE
CDB_Sample030/jai_0000140_1310_68.png,NORM,TEAR,NONE,NONE
EH5_Siemens029/jai_0000822_833_961.png,NORM,NONE,HYPO,NONE
EH5_Siemens012/jai_0001437_654_1314.png,NORM,OVAL,NONE,"BAST, HOJO"
CDB_Sample030/jai_0000013_1923_497.png,NORM,NONE,NONE,NONE
EH5_Siemens045/jai_0000136_991_377.png,NORM,HELM,NONE,NONE
CDB_Sample030/jai_0000020_1967_986.png,NORM,NONE,NONE,BAST
CDB_Sample012/jai_0000026_974_363.png,NORM,NONE,NONE,NONE
CDB_Sample189/jai_0000335_390_1388.png,NORM,NONE,NONE,NONE
EH5_Siemens045/jai_0000011_1939_1252.png,MICR,SCHI,NONE,NONE
CDB_Sample012/jai_0000063_149_90.png,NORM,NONE,NONE,NONE
CDB_Sample125/jai_0000226_900_235.png,NORM,NONE,NONE,MALA
EH5_Siemens013/jai_0000333_1464_541.png,NORM,TEAR,NONE,NONE
EH5_Siemens012/jai_0001353_1286_1185.png,NORM,HELM,NONE,"BAST, HOJO"
EH5_Siemens014/jai_0000064_456_926.png,NORM,HELM,NONE,NONE
CDB_Sample156/jai_0000308_290_1134.png,NORM,NONE,NONE,NONE
EH5_Siemens037/jai_0000527_72_1250.png,NORM,ECHI,HYPO,NONE
CDB_Sample156/jai_0000351_1080_1211.png,NORM,ACAN,NONE,NONE
EH5_Siemens012/jai_0000057_1427_1132.png,NORM,NONE,NONE,NRBC
EH5_Siemens029/jai_0000439_1361_93.png,NORM,NONE,NONE,NONE
EH5_Siemens083/jai_0000016_1086_78.png,NORM,NONE,NONE,NONE
CDB_Sample189/jai_0000033_988_601.png,NORM,NONE,NONE,PABO
EH5_Siemens083/jai_0000142_1298_1175.png,NORM,OVAL,HYPO,NONE
EH5_Siemens012/jai_0000057_1405_1068.png,MICR,NONE,NONE,NONE
EH5_Siemens008/jai_0000019_990_951.png,NORM,OVAL,NONE,NONE
EH5_Siemens083/jai_0000184_110_851.png,NORM,ACAN,NONE,NONE
EH5_Siemens029/jai_0000398_697_771.png,MICR,NONE,HYPO,NONE
EH5_Siemens012/jai_0000264_1196_1287.png,NORM,NONE,NONE,"BAST, HOJO, RETI"
EH5_Siemens029/jai_0000695_1549_541.png,MICR,NONE,NONE,NONE
EH5_Siemens083/jai_0000060_535_577.png,MACR,NONE,HYPO,RETI
CDB_Sample156/jai_0000650_1194_41.png,NORM,NONE,NONE,NONE
EH5_Siemens012/jai_0001268_1072_216.png,MICR,OVAL,NONE,"HOJO, RETI"
CDB_Sample189/jai_0000119_1734_380.png,NORM,NONE,NONE,NONE
EH5_Siemens037/jai_0000655_1895_1437.png,NORM,ACAN,NONE,NONE
EH5_Siemens037/jai_0000009_687_677.png,NORM,NONE,NONE,NONE
EH5_Siemens037/jai_0000395_1628_900.png,NORM,NONE,TARG,NONE
CDB_Sample012/jai_0000032_865_449.png,NORM,NONE,NONE,NONE
EH5_Siemens012/jai_0000003_723_1112.png,NORM,NONE,STOM,NONE
EH5_Siemens013/jai_0000889_1891_1048.png,MICR,NONE,NONE,NONE
CDB_Sample012/jai_0000032_1068_758.png,NORM,NONE,NONE,NONE
EH5_Siemens083/jai_0000402_1427_189.png,MICR,NONE,NONE,NONE
EH5_Siemens008/jai_0000583_1195_980.png,NORM,NONE,NONE,NONE
CDB_Sample012/jai_0000025_1850_1335.png,NORM,NONE,NONE,NONE
EH5_Siemens013/jai_0000327_301_1095.png,MICR,NONE,NONE,NONE
EH5_Siemens083/jai_0000401_690_841.png,MICR,NONE,NONE,NONE
CDB_Sample189/jai_0000289_208_185.png,NORM,ECHI,NONE,NONE
EH5_Siemens083/jai_0000185_963_1411.png,NORM,NONE,NONE,NONE
CDB_Sample156/jai_0000395_1332_772.png,NORM,ECHI,NONE,NONE
EH5_Siemens012/jai_0000003_697_60.png,NORM,NONE,STOM,NONE
EH5_Siemens012/jai_0000527_454_908.png,NORM,NONE,NONE,"BAST, RETI"
CDB_Sample189/jai_0000293_1142_1183.png,NORM,NONE,HYPO,NONE
CDB_Sample189/jai_0000120_824_1249.png,NORM,NONE,NONE,RETI
CDB_Sample030/jai_0000275_1472_732.png,MICR,NONE,NONE,NONE
CDB_Sample156/jai_0000568_131_240.png,NORM,NONE,NONE,NONE
EH5_Siemens012/jai_0000043_908_1424.png,NORM,NONE,NONE,NRBC
CDB_Sample030/jai_0000096_87_651.png,MICR,NONE,NONE,NONE
CDB_Sample189/jai_0000038_751_204.png,NORM,NONE,NONE,"HOJO, RETI"
EH5_Siemens013/jai_0000119_1137_99.png,NORM,NONE,NONE,NONE
EH5_Siemens003/jai_0000236_322_1214.png,NORM,NONE,STOM,NONE
CDB_Sample125/jai_0000058_146_851.png,NORM,NONE,NONE,MALA
CDB_Sample189/jai_0000249_1880_569.png,NORM,NONE,NONE,RETI
EH5_Siemens083/jai_0000184_613_774.png,MICR,NONE,NONE,"BAST, RETI"
EH5_Siemens012/jai_0001268_1072_216.png,MICR,OVAL,NONE,"HOJO, RETI"
EH5_Siemens012/jai_0000174_1622_1178.png,NORM,NONE,NONE,RETI
EH5_Siemens045/jai_0000184_1650_237.png,NORM,BITE,NONE,NONE
CDB_Sample189/jai_0000035_1175_773.png,NORM,NONE,NONE,PABO
EH5_Siemens012/jai_0001437_654_1314.png,NORM,OVAL,NONE,"BAST, HOJO"
EH5_Siemens013/jai_0000158_1719_577.png,NORM,NONE,NONE,RETI
EH5_Siemens008/jai_0000595_496_346.png,NORM,NONE,NONE,NONE
CDB_Sample156/jai_0000140_1303_1164.png,NORM,ECHI,NONE,NONE
EH5_Siemens013/jai_0000327_1939_939.png,NORM,NONE,NONE,RETI
CDB_Sample030/jai_0000056_1518_420.png,NORM,NONE,HYPO,NONE
CDB_Sample125/jai_0000273_340_651.png,NORM,NONE,NONE,MALA
EH5_Siemens003/jai_0000980_1220_789.png,NORM,NONE,NONE,NONE
EH5_Siemens003/jai_0000980_1628_106.png,NORM,NONE,NONE,NONE
CDB_Sample030/jai_0000096_417_169.png,NORM,TEAR,NONE,NONE
CDB_Sample189/jai_0000248_616_88.png,NORM,NONE,NONE,HOJO
EH5_Siemens008/jai_0000578_1265_173.png,NORM,BITE,NONE,NONE
CDB_Sample012/jai_0000155_835_1375.png,NORM,NONE,NONE,NONE
EH5_Siemens012/jai_0000951_513_920.png,NORM,NONE,NONE,"BAST, HOJO, RETI"
EH5_Siemens012/jai_0000395_1004_511.png,NORM,NONE,NONE,BAST
EH5_Siemens008/jai_0000241_1669_739.png,NORM,NONE,NONE,NONE
CDB_Sample125/jai_0000055_333_731.png,NORM,NONE,NONE,NONE
EH5_Siemens012/jai_0000057_1569_1060.png,NORM,NONE,NONE,NRBC
EH5_Siemens029/jai_0000353_1032_322.png,NORM,NONE,NONE,NONE
CDB_Sample030/jai_0000018_1280_914.png,NORM,NONE,NONE,HOJO
EH5_Siemens012/jai_0000057_933_923.png,NORM,ACAN,NONE,NONE
EH5_Siemens083/jai_0001387_429_55.png,NORM,NONE,HYPO,NONE
EH5_Siemens083/jai_0000016_1109_1204.png,NORM,NONE,HYPO,NONE
EH5_Siemens029/jai_0000133_1707_344.png,NORM,NONE,NONE,NONE
CDB_Sample125/jai_0000054_1928_629.png,NORM,NONE,NONE,NONE
EH5_Siemens008/jai_0001613_219_1277.png,NORM,ECHI,NONE,NONE
CDB_Sample189/jai_0000117_497_104.png,NORM,NONE,NONE,PABO
EH5_Siemens012/jai_0000318_118_730.png,NORM,NONE,NONE,NRBC
EH5_Siemens029/jai_0000692_670_518.png,NORM,HELM,NONE,NONE
EH5_Siemens013/jai_0000413_641_736.png,NORM,TEAR,NONE,NONE
EH5_Siemens008/jai_0000621_1495_988.png,MICR,NONE,NONE,NONE
EH5_Siemens029/jai_0000396_1825_1112.png,NORM,OVAL,NONE,NONE
CDB_Sample030/jai_0000013_891_82.png,NORM,OVAL,HYPO,NONE
EH5_Siemens037/jai_0000312_1887_1036.png,NORM,NONE,NONE,NONE
EH5_Siemens029/jai_0000692_1945_1147.png,MICR,NONE,NONE,NONE
EH5_Siemens012/jai_0000187_400_1227.png,NORM,NONE,TARG,NONE
EH5_Siemens012/jai_0001353_1286_1185.png,NORM,HELM,NONE,"BAST, HOJO"
CDB_Sample189/jai_0000038_751_204.png,NORM,NONE,NONE,"HOJO, RETI"
CDB_Sample189/jai_0000121_22_625.png,NORM,SICK,NONE,RETI
EH5_Siemens041/jai_0000188_1717_604.png,NORM,BITE,NONE,NONE
EH5_Siemens012/jai_0001353_1286_1185.png,NORM,HELM,NONE,"BAST, HOJO"
CDB_Sample012/jai_0000146_1640_1298.png,MICR,NONE,NONE,NONE
CDB_Sample156/jai_0000178_554_760.png,NORM,NONE,NONE,NONE
CDB_Sample189/jai_0000292_1916_1315.png,MICR,SCHI,NONE,NONE
CDB_Sample189/jai_0000118_1072_170.png,NORM,NONE,NONE,NONE
EH5_Siemens013/jai_0000119_889_710.png,MICR,NONE,NONE,NONE
CDB_Sample030/jai_0000017_1204_1126.png,NORM,ELLI,NONE,NONE
EH5_Siemens012/jai_0001173_1495_196.png,MICR,NONE,NONE,BAST
EH5_Siemens013/jai_0000544_1844_1205.png,NORM,NONE,NONE,NONE
CDB_Sample030/jai_0000273_530_813.png,NORM,TEAR,NONE,NONE
EH5_Siemens029/jai_0000439_409_1067.png,NORM,NONE,HYPR,NONE
EH5_Siemens037/jai_0000527_781_1294.png,NORM,NONE,NONE,NONE
CDB_Sample189/jai_0000251_1862_751.png,NORM,SICK,NONE,NONE
CDB_Sample125/jai_0000181_1922_913.png,NORM,NONE,NONE,MALA
EH5_Siemens083/jai_0000058_140_997.png,NORM,NONE,NONE,NONE
CDB_Sample030/jai_0000102_365_180.png,NORM,TEAR,NONE,NONE
EH5_Siemens003/jai_0000236_1318_207.png,NORM,NONE,NONE,NONE
EH5_Siemens029/jai_0000479_247_1255.png,MICR,NONE,NONE,NONE
EH5_Siemens013/jai_0001067_1856_696.png,NORM,TEAR,NONE,NONE
EH5_Siemens012/jai_0000057_903_686.png,NORM,NONE,NONE,NONE
EH5_Siemens029/jai_0000569_1892_582.png,NORM,NONE,NONE,NONE
CDB_Sample125/jai_0000349_459_255.png,NORM,NONE,NONE,NONE
EH5_Siemens012/jai_0000147_871_1016.png,NORM,OVAL,HYPO,NONE
CDB_Sample125/jai_0000266_1155_583.png,NORM,NONE,NONE,NONE
CDB_Sample156/jai_0000050_1654_1204.png,NORM,NONE,STOM,NONE
EH5_Siemens029/jai_0000398_506_805.png,MACR,NONE,NONE,NONE
CDB_Sample125/jai_0000055_1631_1186.png,NORM,NONE,NONE,MALA
EH5_Siemens029/jai_0000052_1160_719.png,MICR,SPHE,NONE,NONE
CDB_Sample125/jai_0000051_220_720.png,NORM,OVAL,NONE,NONE
EH5_Siemens012/jai_0000182_530_1077.png,NORM,NONE,NONE,NRBC
EH5_Siemens045/jai_0000008_1135_174.png,MICR,SCHI,NONE,NONE
CDB_Sample125/jai_0000272_1471_1419.png,NORM,NONE,NONE,NONE
CDB_Sample030/jai_0000146_1092_234.png,MICR,NONE,NONE,NONE
CDB_Sample189/jai_0000290_840_137.png,MICR,NONE,NONE,NONE
CDB_Sample012/jai_0000066_1263_497.png,NORM,NONE,NONE,NONE
EH5_Siemens013/jai_0000371_1279_519.png,NORM,NONE,NONE,NONE
CDB_Sample125/jai_0000225_1289_496.png,NORM,NONE,NONE,MALA
EH5_Siemens012/jai_0001268_1072_216.png,MICR,OVAL,NONE,"HOJO, RETI"
EH5_Siemens012/jai_0000826_580_936.png,NORM,HELM,NONE,NONE
EH5_Siemens008/jai_0000622_512_875.png,NORM,NONE,NONE,NONE
EH5_Siemens037/jai_0000356_1666_660.png,NORM,ACAN,NONE,NONE
CDB_Sample156/jai_0000309_1384_179.png,NORM,TEAR,NONE,NONE
EH5_Siemens003/jai_0000263_1873_1178.png,MICR,SPHE,NONE,NONE
CDB_Sample030/jai_0000141_1027_1368.png,NORM,OVAL,NONE,NONE
CDB_Sample189/jai_0000340_1118_691.png,NORM,SICK,NONE,NONE
CDB_Sample125/jai_0000181_1421_465.png,NORM,NONE,HYPO,NONE
CDB_Sample012/jai_0000112_220_430.png,MICR,NONE,NONE,NONE
CDB_Sample156/jai_0000181_131_1150.png,NORM,NONE,NONE,HOJO
EH5_Siemens037/jai_0000568_851_138.png,NORM,NONE,NONE,NONE
EH5_Siemens012/jai_0000187_1943_1429.png,NORM,OVAL,NONE,BAST
EH5_Siemens013/jai_0000158_641_284.png,NORM,TEAR,NONE,NONE
EH5_Siemens012/jai_0000951_513_920.png,NORM,NONE,NONE,"BAST, HOJO, RETI"
EH5_Siemens083/jai_0000356_1686_561.png,MICR,NONE,NONE,BAST
EH5_Siemens008/jai_0000277_281_248.png,NORM,NONE,NONE,NONE
EH5_Siemens045/jai_0000010_736_161.png,MICR,SCHI,NONE,NONE
EH5_Siemens012/jai_0000182_96_57.png,NORM,NONE,HYPO,NONE
CDB_Sample030/jai_0000275_1960_49.png,NORM,NONE,NONE,NONE
EH5_Siemens037/jai_0000568_313_1441.png,NORM,NONE,NONE,NONE
CDB_Sample189/jai_0000033_1651_1223.png,NORM,NONE,NONE,HOJO
EH5_Siemens029/jai_0000822_236_111.png,NORM,TEAR,NONE,NONE
CDB_Sample030/jai_0000103_1826_1189.png,NORM,NONE,HYPR,NONE
EH5_Siemens012/jai_0001353_1286_1185.png,NORM,HELM,NONE,"BAST, HOJO"
CDB_Sample189/jai_0000120_641_628.png,NORM,NONE,NONE,NONE
CDB_Sample189/jai_0000376_1018_1182.png,NORM,NONE,NONE,NONE
EH5_Siemens083/jai_0001387_503_184.png,NORM,OVAL,NONE,NONE
CDB_Sample030/jai_0000020_1967_986.png,NORM,NONE,NONE,BAST
CDB_Sample189/jai_0000161_1556_854.png,NORM,NONE,NONE,PABO
CDB_Sample125/jai_0000224_1728_530.png,NORM,NONE,NONE,MALA
CDB_Sample189/jai_0000162_779_487.png,NORM,NONE,NONE,NONE
CDB_Sample012/jai_0000113_1255_73.png,NORM,NONE,NONE,NONE
CDB_Sample012/jai_0000114_1823_123.png,NORM,NONE,HYPO,NONE
EH5_Siemens012/jai_0000192_1881_433.png,MACR,NONE,HYPO,NONE
CDB_Sample189/jai_0000121_1610_560.png,NORM,NONE,NONE,PABO
EH5_Siemens037/jai_0000142_417_288.png,NORM,NONE,TARG,NONE
EH5_Siemens012/jai_0001173_864_994.png,NORM,NONE,HYPR,"BAST, RETI"
CDB_Sample189/jai_0000376_907_1214.png,NORM,NONE,HYPO,NONE
EH5_Siemens037/jai_0000655_1910_1245.png,NORM,ECHI,NONE,NONE
EH5_Siemens003/jai_0000782_1014_864.png,NORM,NONE,NONE,NONE
EH5_Siemens012/jai_0000217_1803_1191.png,NORM,NONE,HYPO,RETI
CDB_Sample189/jai_0000377_891_1180.png,NORM,NONE,NONE,RETI
CDB_Sample030/jai_0000146_451_846.png,NORM,NONE,NONE,NONE
CDB_Sample030/jai_0000096_195_986.png,NORM,OVAL,NONE,NONE
EH5_Siemens029/jai_0000133_1402_963.png,MICR,OVAL,NONE,NONE
CDB_Sample030/jai_0000020_199_1166.png,MICR,NONE,NONE,NONE
CDB_Sample189/jai_0000248_1594_596.png,NORM,SICK,NONE,NONE
EH5_Siemens013/jai_0001060_1226_760.png,NORM,NONE,STOM,NONE
EH5_Siemens012/jai_0000059_928_620.png,NORM,NONE,NONE,NONE
EH5_Siemens012/jai_0001353_1286_1185.png,NORM,HELM,NONE,"BAST, HOJO"
CDB_Sample012/jai_0000198_1115_881.png,NORM,NONE,HYPO,NONE
EH5_Siemens029/jai_0000353_1299_993.png,NORM,NONE,NONE,NONE
EH5_Siemens037/jai_0000653_1379_898.png,NORM,ECHI,NONE,NONE
CDB_Sample189/jai_0000288_246_375.png,NORM,NONE,NONE,PABO
CDB_Sample030/jai_0000235_1912_699.png,NORM,NONE,NONE,NONE
CDB_Sample030/jai_0000100_784_1400.png,NORM,TEAR,NONE,NONE
CDB_Sample125/jai_0000272_1760_130.png,MICR,SCHI,NONE,NONE
CDB_Sample156/jai_0000351_1599_209.png,NORM,NONE,NONE,NONE
CDB_Sample189/jai_0000161_1080_1188.png,NORM,NONE,NONE,PABO
EH5_Siemens037/jai_0000568_581_286.png,NORM,NONE,NONE,NONE
CDB_Sample012/jai_0000032_828_1008.png,NORM,NONE,STOM,NONE
CDB_Sample189/jai_0000038_751_204.png,NORM,NONE,NONE,"HOJO, RETI"
CDB_Sample189/jai_0000121_22_625.png,NORM,SICK,NONE,RETI
EH5_Siemens012/jai_0000951_513_920.png,NORM,NONE,NONE,"BAST, HOJO, RETI"
CDB_Sample030/jai_0000146_287_364.png,MICR,SCHI,NONE,NONE
EH5_Siemens012/jai_0000264_1196_1287.png,NORM,NONE,NONE,"BAST, HOJO, RETI"
EH5_Siemens083/jai_0000309_1126_806.png,MICR,NONE,NONE,NONE
EH5_Siemens037/jai_0000481_1114_41.png,NORM,NONE,NONE,NONE
EH5_Siemens012/jai_0000951_513_920.png,NORM,NONE,NONE,"BAST, HOJO, RETI"
CDB_Sample125/jai_0000264_88_470.png,NORM,NONE,NONE,MALA
EH5_Siemens008/jai_0000621_1043_1337.png,NORM,NONE,NONE,NONE
EH5_Siemens012/jai_0001006_631_444.png,NORM,NONE,TARG,BAST
CDB_Sample156/jai_0000181_1937_227.png,NORM,NONE,NONE,NONE
CDB_Sample030/jai_0000139_793_1241.png,MICR,ELLI,NONE,NONE
EH5_Siemens003/jai_0000278_1250_446.png,NORM,NONE,NONE,NONE
EH5_Siemens083/jai_0000142_1626_715.png,NORM,NONE,NONE,RETI
CDB_Sample030/jai_0000277_77_1215.png,NORM,NONE,NONE,NONE
EH5_Siemens083/jai_0000142_1605_241.png,MACR,NONE,NONE,BAST
EH5_Siemens029/jai_0000310_754_610.png,NORM,NONE,NONE,NONE
CDB_Sample012/jai_0000025_1124_1286.png,NORM,NONE,NONE,NONE
CDB_Sample126/jai_0000106_634_566.png,NORM,NONE,NONE,NONE
EH5_Siemens003/jai_0000278_1301_1401.png,NORM,NONE,NONE,NONE
CDB_Sample030/jai_0000145_1287_372.png,MICR,NONE,NONE,NONE
EH5_Siemens041/jai_0000188_1681_418.png,NORM,BITE,NONE,NONE
CDB_Sample189/jai_0000163_722_1266.png,NORM,NONE,NONE,HOJO
EH5_Siemens029/jai_0000184_1759_207.png,NORM,NONE,NONE,NONE
CDB_Sample156/jai_0000137_1504_384.png,NORM,ECHI,NONE,NONE
EH5_Siemens083/jai_0000184_753_473.png,MICR,SCHI,NONE,NONE
CDB_Sample189/jai_0000288_246_375.png,NORM,NONE,NONE,PABO
EH5_Siemens012/jai_0001437_654_1314.png,NORM,OVAL,NONE,"BAST, HOJO"
EH5_Siemens012/jai_0000059_758_1074.png,NORM,NONE,NONE,NONE
EH5_Siemens029/jai_0000871_1259_1076.png,NORM,ECHI,NONE,NONE
EH5_Siemens029/jai_0000655_564_1305.png,NORM,NONE,NONE,NONE
EH5_Siemens083/jai_0000017_1557_1153.png,NORM,NONE,NONE,"BAST, RETI"
EH5_Siemens083/jai_0000064_1588_1189.png,NORM,NONE,HYPO,NONE
CDB_Sample189/jai_0000162_1355_1268.png,NORM,NONE,NONE,HOJO
CDB_Sample012/jai_0000062_457_1318.png,NORM,NONE,HYPR,NONE
CDB_Sample125/jai_0000014_533_693.png,NORM,NONE,NONE,NONE
CDB_Sample030/jai_0000141_1157_1254.png,MICR,NONE,NONE,NONE
EH5_Siemens029/jai_0000695_551_1109.png,NORM,NONE,HYPO,NONE
EH5_Siemens012/jai_0000147_304_885.png,NORM,NONE,TARG,NONE
CDB_Sample012/jai_0000116_37_943.png,MICR,NONE,NONE,NONE
EH5_Siemens083/jai_0000016_605_1409.png,MACR,NONE,HYPO,NONE
CDB_Sample012/jai_0000028_1056_945.png,NORM,NONE,STOM,NONE
CDB_Sample012/jai_0000064_1616_514.png,MICR,NONE,NONE,NONE
EH5_Siemens012/jai_0000179_109_1135.png,NORM,NONE,TARG,NONE
CDB_Sample030/jai_0000011_1816_116.png,NORM,ELLI,NONE,NONE
EH5_Siemens012/jai_0001268_1072_216.png,MICR,OVAL,NONE,"HOJO, RETI"
EH5_Siemens083/jai_0000184_878_1124.png,NORM,NONE,HYPO,NONE
CDB_Sample030/jai_0000101_1369_644.png,NORM,TEAR,NONE,NONE
EH5_Siemens003/jai_0000064_1220_321.png,NORM,NONE,HYPR,NONE
EH5_Siemens012/jai_0000179_1523_453.png,NORM,NONE,TARG,NONE
EH5_Siemens008/jai_0000362_672_934.png,NORM,NONE,HYPO,NONE
CDB_Sample156/jai_0000181_1522_780.png,NORM,ACAN,NONE,NONE
EH5_Siemens008/jai_0000021_1344_441.png,NORM,OVAL,NONE,NONE
CDB_Sample012/jai_0000197_321_99.png,NORM,NONE,STOM,NONE
EH5_Siemens013/jai_0000798_726_625.png,NORM,TEAR,NONE,NONE
CDB_Sample125/jai_0000058_596_678.png,NORM,NONE,NONE,MALA
CDB_Sample030/jai_0000056_1305_1364.png,NORM,OVAL,HYPO,NONE
CDB_Sample125/jai_0000059_1946_1021.png,NORM,NONE,NONE,MALA
EH5_Siemens045/jai_0000185_1153_292.png,MICR,SCHI,NONE,NONE
CDB_Sample125/jai_0000051_892_607.png,NORM,NONE,NONE,MALA
CDB_Sample012/jai_0000110_1897_1415.png,NORM,NONE,STOM,NONE
CDB_Sample156/jai_0000264_269_1083.png,NORM,ACAN,NONE,NONE
CDB_Sample156/jai_0000179_86_1323.png,NORM,NONE,NONE,NONE
EH5_Siemens037/jai_0000653_407_988.png,NORM,ELLI,NONE,NONE
EH5_Siemens012/jai_0001437_654_1314.png,NORM,OVAL,NONE,"BAST, HOJO"
EH5_Siemens012/jai_0000182_1011_1272.png,NORM,NONE,TARG,NONE
EH5_Siemens012/jai_0001268_1072_216.png,MICR,OVAL,NONE,"HOJO, RETI"
EH5_Siemens029/jai_0000396_1858_110.png,NORM,OVAL,NONE,NONE
EH5_Siemens003/jai_0000278_907_1219.png,NORM,NONE,NONE,NONE
CDB_Sample189/jai_0000115_1328_266.png,NORM,SICK,NONE,NONE
EH5_Siemens003/jai_0000980_1482_402.png,NORM,NONE,HYPR,NONE
CDB_Sample030/jai_0000099_1108_820.png,NORM,OVAL,NONE,NONE
CDB_Sample125/jai_0000352_172_606.png,NORM,NONE,NONE,MALA
EH5_Siemens012/jai_0001268_1072_216.png,MICR,OVAL,NONE,"HOJO, RETI"
CDB_Sample125/jai_0000314_193_804.png,NORM,NONE,NONE,MALA
EH5_Siemens012/jai_0000174_360_339.png,NORM,BITE,NONE,NONE
CDB_Sample156/jai_0000264_1518_962.png,NORM,HELM,NONE,NONE
EH5_Siemens029/jai_0000048_1676_1442.png,NORM,NONE,STOM,NONE
EH5_Siemens083/jai_0000060_1140_1045.png,NORM,NONE,NONE,NONE
CDB_Sample156/jai_0000308_633_495.png,NORM,NONE,NONE,NONE
EH5_Siemens037/jai_0000481_1351_427.png,NORM,ACAN,NONE,NONE
EH5_Siemens012/jai_0001353_1286_1185.png,NORM,HELM,NONE,"BAST, HOJO"
CDB_Sample189/jai_0000038_751_204.png,NORM,NONE,NONE,"HOJO, RETI"
EH5_Siemens013/jai_0001193_1658_1058.png,MICR,NONE,NONE,NONE
CDB_Sample030/jai_0000233_820_929.png,NORM,TEAR,NONE,NONE
CDB_Sample012/jai_0000198_1922_1062.png,NORM,NONE,NONE,NONE
EH5_Siemens008/jai_0000751_1868_811.png,NORM,NONE,NONE,NONE
EH5_Siemens029/jai_0000310_255_873.png,NORM,NONE,NONE,NONE
EH5_Siemens003/jai_0000980_1552_419.png,NORM,NONE,HYPO,NONE
EH5_Siemens012/jai_0000044_1843_1281.png,NORM,NONE,TARG,NONE
EH5_Siemens012/jai_0001437_654_1314.png,NORM,OVAL,NONE,"BAST, HOJO"
CDB_Sample189/jai_0000161_1480_272.png,NORM,NONE,NONE,HOJO
CDB_Sample030/jai_0000103_790_1175.png,NORM,NONE,NONE,NONE
EH5_Siemens012/jai_0000182_530_1077.png,NORM,NONE,NONE,NRBC
CDB_Sample189/jai_0000161_1480_272.png,NORM,NONE,NONE,HOJO
EH5_Siemens012/jai_0001268_1072_216.png,MICR,OVAL,NONE,"HOJO, RETI"
CDB_Sample030/jai_0000096_317_471.png,NORM,OVAL,NONE,NONE
EH5_Siemens012/jai_0000303_64_613.png,NORM,NONE,NONE,NRBC
CDB_Sample189/jai_0000246_627_1140.png,NORM,SICK,NONE,NONE
EH5_Siemens012/jai_0000046_321_800.png,NORM,NONE,NONE,NRBC
CDB_Sample125/jai_0000059_1101_867.png,MICR,NONE,NONE,NONE
CDB_Sample156/jai_0000349_1571_502.png,NORM,NONE,NONE,NONE
EH5_Siemens013/jai_0000158_345_1241.png,NORM,TEAR,NONE,NONE
EH5_Siemens012/jai_0000063_484_638.png,NORM,ECHI,HYPO,NONE
EH5_Siemens029/jai_0000225_1817_775.png,NORM,NONE,NONE,NONE
CDB_Sample189/jai_0000116_1767_970.png,NORM,NONE,STOM,NONE
CDB_Sample156/jai_0000181_1188_1106.png,NORM,ECHI,NONE,NONE
EH5_Siemens083/jai_0000016_1854_929.png,NORM,NONE,HYPO,NONE
EH5_Siemens029/jai_0000439_1632_38.png,NORM,NONE,NONE,NONE
CDB_Sample012/jai_0000116_1720_979.png,NORM,NONE,NONE,NONE
EH5_Siemens003/jai_0000265_573_1385.png,NORM,NONE,NONE,HOJO
CDB_Sample012/jai_0000029_682_1063.png,NORM,NONE,NONE,NONE
CDB_Sample012/jai_0000031_943_649.png,MICR,NONE,NONE,NONE
CDB_Sample030/jai_0000277_81_799.png,NORM,NONE,HYPO,NONE
CDB_Sample189/jai_0000114_1787_644.png,NORM,OVAL,HYPO,PABO
EH5_Siemens029/jai_0000310_78_635.png,NORM,NONE,NONE,NONE
EH5_Siemens083/jai_0000013_1683_1030.png,NORM,NONE,HYPR,NONE
EH5_Siemens013/jai_0000798_291_748.png,NORM,NONE,NONE,RETI
EH5_Siemens012/jai_0000264_1196_1287.png,NORM,NONE,NONE,"BAST, HOJO, RETI"
CDB_Sample189/jai_0000033_823_600.png,NORM,SICK,NONE,NONE
CDB_Sample012/jai_0000197_958_1090.png,NORM,NONE,NONE,NONE
CDB_Sample189/jai_0000163_1171_66.png,NORM,ELLI,NONE,NONE
EH5_Siemens037/jai_0000655_1895_1437.png,NORM,ACAN,NONE,NONE
EH5_Siemens083/jai_0000401_258_298.png,MACR,NONE,HYPR,NONE
EH5_Siemens003/jai_0000274_1673_1184.png,NORM,NONE,STOM,NONE
EH5_Siemens012/jai_0000264_1196_1287.png,NORM,NONE,NONE,"BAST, HOJO, RETI"
EH5_Siemens083/jai_0001430_717_891.png,NORM,NONE,HYPR,NONE
EH5_Siemens083/jai_0000185_1328_660.png,MACR,NONE,HYPO,NONE
EH5_Siemens012/jai_0001173_1495_196.png,MICR,NONE,NONE,BAST
CDB_Sample189/jai_0000114_1787_644.png,NORM,OVAL,HYPO,PABO
EH5_Siemens013/jai_0000333_553_716.png,NORM,NONE,NONE,NONE
CDB_Sample030/jai_0000274_1835_930.png,NORM,NONE,NONE,NONE
CDB_Sample012/jai_0000109_925_300.png,NORM,NONE,NONE,HOJO
EH5_Siemens013/jai_0001060_335_478.png,NORM,NONE,NONE,NONE
EH5_Siemens012/jai_0000139_1436_643.png,NORM,NONE,NONE,"BAST, RETI"
EH5_Siemens083/jai_0000180_109_318.png,NORM,NONE,NONE,NONE
EH5_Siemens037/jai_0000092_1959_882.png,NORM,NONE,NONE,NONE
EH5_Siemens012/jai_0000951_513_920.png,NORM,NONE,NONE,"BAST, HOJO, RETI"
EH5_Siemens029/jai_0000828_195_478.png,NORM,NONE,NONE,BAST
EH5_Siemens012/jai_0001353_1286_1185.png,NORM,HELM,NONE,"BAST, HOJO"
CDB_Sample030/jai_0000060_689_1415.png,MICR,OVAL,HYPO,NONE
EH5_Siemens012/jai_0001268_1072_216.png,MICR,OVAL,NONE,"HOJO, RETI"
EH5_Siemens012/jai_0001353_1286_1185.png,NORM,HELM,NONE,"BAST, HOJO"
EH5_Siemens008/jai_0001437_841_350.png,NORM,BITE,NONE,NONE
EH5_Siemens029/jai_0000133_640_203.png,MICR,NONE,NONE,NONE
EH5_Siemens037/jai_0000135_281_1255.png,NORM,NONE,TARG,NONE
CDB_Sample125/jai_0000271_1448_396.png,NORM,NONE,HYPO,RETI
EH5_Siemens012/jai_0001268_1072_216.png,MICR,OVAL,NONE,"HOJO, RETI"
CDB_Sample012/jai_0000027_1493_452.png,MICR,NONE,NONE,NONE
EH5_Siemens012/jai_0000147_1672_1435.png,NORM,NONE,HYPO,NONE
CDB_Sample189/jai_0000121_1610_560.png,NORM,NONE,NONE,PABO
CDB_Sample030/jai_0000020_1967_986.png,NORM,NONE,NONE,BAST
CDB_Sample125/jai_0000183_929_829.png,NORM,ECHI,NONE,NONE
CDB_Sample125/jai_0000010_47_1218.png,NORM,NONE,NONE,MALA
EH5_Siemens012/jai_0001353_1286_1185.png,NORM,HELM,NONE,"BAST, HOJO"
EH5_Siemens037/jai_0000400_1594_1370.png,NORM,ACAN,NONE,NONE
EH5_Siemens008/jai_0000663_96_1410.png,NORM,NONE,STOM,NONE
EH5_Siemens029/jai_0000395_177_1388.png,MICR,NONE,NONE,NONE
CDB_Sample189/jai_0000340_1118_691.png,NORM,SICK,NONE,NONE
EH5_Siemens012/jai_0001268_1072_216.png,MICR,OVAL,NONE,"HOJO, RETI"
CDB_Sample012/jai_0000026_1804_1211.png,NORM,NONE,NONE,NONE
EH5_Siemens012/jai_0000139_1227_255.png,NORM,NONE,HYPO,NONE
EH5_Siemens029/jai_0000353_1756_69.png,NORM,NONE,HYPR,NONE
CDB_Sample012/jai_0000027_1651_36.png,NORM,NONE,NONE,NONE
CDB_Sample125/jai_0000225_239_688.png,NORM,NONE,HYPO,NONE
CDB_Sample030/jai_0000148_664_1344.png,NORM,TEAR,NONE,NONE
EH5_Siemens037/jai_0000142_980_152.png,NORM,NONE,NONE,NONE
EH5_Siemens012/jai_0000063_1562_462.png,NORM,NONE,HYPO,NONE
CDB_Sample189/jai_0000038_1863_102.png,NORM,NONE,NONE,HOJO
EH5_Siemens013/jai_0000333_1650_59.png,NORM,NONE,NONE,NONE
EH5_Siemens013/jai_0000074_371_953.png,NORM,TEAR,NONE,NONE
EH5_Siemens008/jai_0000287_1591_812.png,MICR,NONE,NONE,NONE
EH5_Siemens012/jai_0000527_58_691.png,NORM,NONE,NONE,"BAST, RETI"
EH5_Siemens012/jai_0001268_1072_216.png,MICR,OVAL,NONE,"HOJO, RETI"
EH5_Siemens012/jai_0001268_506_1175.png,MICR,NONE,NONE,"BAST, RETI"
CDB_Sample030/jai_0000146_983_1447.png,NORM,OVAL,NONE,NONE
EH5_Siemens003/jai_0000278_602_916.png,NORM,NONE,HYPO,NONE
EH5_Siemens012/jai_0001268_1072_216.png,MICR,OVAL,NONE,"HOJO, RETI"
CDB_Sample125/jai_0000182_1957_1195.png,NORM,ECHI,NONE,NONE
EH5_Siemens012/jai_0000130_1819_748.png,NORM,NONE,NONE,"BAST, RETI"
EH5_Siemens012/jai_0000136_709_1111.png,NORM,NONE,NONE,"BAST, RETI"
EH5_Siemens083/jai_0000184_265_196.png,NORM,TEAR,NONE,NONE
EH5_Siemens083/jai_0000356_1936_73.png,NORM,NONE,HYPO,NONE
CDB_Sample156/jai_0000566_1197_1220.png,NORM,ACAN,NONE,NONE
CDB_Sample156/jai_0000137_1214_1250.png,NORM,ECHI,NONE,NONE
EH5_Siemens013/jai_0001064_1485_783.png,NORM,HELM,NONE,NONE
CDB_Sample030/jai_0000231_598_50.png,MICR,NONE,HYPR,NONE
EH5_Siemens012/jai_0000057_1427_1132.png,NORM,NONE,NONE,NRBC
EH5_Siemens008/jai_0000621_1504_854.png,NORM,NONE,NONE,NONE
CDB_Sample030/jai_0000184_225_657.png,MICR,NONE,NONE,NONE
EH5_Siemens045/jai_0000186_1249_692.png,NORM,BITE,NONE,NONE
EH5_Siemens013/jai_0000414_622_779.png,MICR,NONE,NONE,NONE
CDB_Sample030/jai_0000273_1504_433.png,NORM,NONE,HYPO,NONE
CDB_Sample030/jai_0000017_1835_837.png,NORM,TEAR,NONE,NONE
CDB_Sample125/jai_0000009_1858_847.png,NORM,NONE,NONE,NONE
EH5_Siemens029/jai_0000525_1637_639.png,NORM,NONE,HYPO,RETI
CDB_Sample125/jai_0000004_1270_1324.png,NORM,ECHI,NONE,NONE
CDB_Sample125/jai_0000355_568_840.png,NORM,NONE,NONE,MALA
CDB_Sample030/jai_0000188_1467_705.png,NORM,TEAR,NONE,NONE
EH5_Siemens083/jai_0001472_543_113.png,MACR,NONE,NONE,BAST
EH5_Siemens012/jai_0000264_1196_1287.png,NORM,NONE,NONE,"BAST, HOJO, RETI"
CDB_Sample125/jai_0000009_55_196.png,NORM,HELM,NONE,NONE
CDB_Sample189/jai_0000248_643_815.png,NORM,NONE,NONE,NONE
EH5_Siemens003/jai_0000876_456_963.png,MICR,NONE,NONE,NONE
EH5_Siemens083/jai_0000098_1412_1223.png,MACR,NONE,HYPR,NONE
EH5_Siemens012/jai_0000951_513_920.png,NORM,NONE,NONE,"BAST, HOJO, RETI"
CDB_Sample030/jai_0000142_871_1275.png,NORM,NONE,NONE,NONE
CDB_Sample030/jai_0000102_145_358.png,NORM,OVAL,NONE,NONE
EH5_Siemens012/jai_0000147_442_674.png,NORM,NONE,TARG,NONE
EH5_Siemens012/jai_0000179_921_876.png,NORM,NONE,NONE,NRBC
EH5_Siemens012/jai_0000836_207_898.png,NORM,NONE,NONE,NRBC
EH5_Siemens012/jai_0000187_800_660.png,NORM,NONE,HYPO,NONE
CDB_Sample012/jai_0000153_910_149.png,MACR,NONE,HYPO,NONE
CDB_Sample030/jai_0000103_1199_538.png,NORM,NONE,NONE,NONE
EH5_Siemens045/jai_0000095_866_905.png,NORM,HELM,NONE,NONE
EH5_Siemens083/jai_0001430_692_1350.png,NORM,NONE,NONE,"BAST, RETI"
CDB_Sample030/jai_0000020_1967_986.png,NORM,NONE,NONE,BAST
EH5_Siemens008/jai_0001392_1098_461.png,NORM,NONE,NONE,NONE
EH5_Siemens012/jai_0001353_1286_1185.png,NORM,HELM,NONE,"BAST, HOJO"
EH5_Siemens012/jai_0001514_830_856.png,NORM,NONE,HYPR,"BAST, RETI"
EH5_Siemens012/jai_0000905_62_1391.png,NORM,NONE,HYPR,"BAST, RETI"
CDB_Sample012/jai_0000117_1800_1341.png,NORM,NONE,STOM,NONE
EH5_Siemens012/jai_0000019_956_1247.png,NORM,NONE,NONE,"BAST, RETI"
EH5_Siemens012/jai_0001353_1286_1185.png,NORM,HELM,NONE,"BAST, HOJO"
EH5_Siemens012/jai_0000057_1427_1132.png,NORM,NONE,NONE,NRBC
EH5_Siemens013/jai_0001193_481_1224.png,NORM,NONE,NONE,NONE
EH5_Siemens037/jai_0000483_574_394.png,NORM,ACAN,NONE,NONE
EH5_Siemens008/jai_0000148_786_684.png,NORM,NONE,HYPR,NONE
EH5_Siemens029/jai_0000822_1858_293.png,MICR,SPHE,NONE,NONE
EH5_Siemens008/jai_0001610_92_564.png,NORM,BITE,NONE,NONE
EH5_Siemens013/jai_0001155_1820_1161.png,NORM,TEAR,NONE,NONE
EH5_Siemens083/jai_0000183_1646_960.png,NORM,NONE,NONE,"BAST, RETI"
EH5_Siemens029/jai_0000396_121_197.png,MICR,NONE,NONE,NONE
EH5_Siemens083/jai_0001387_544_244.png,NORM,NONE,TARG,NONE
CDB_Sample030/jai_0000061_1929_1421.png,NORM,NONE,NONE,NONE
CDB_Sample156/jai_0000566_1219_884.png,NORM,ECHI,NONE,NONE
CDB_Sample125/jai_0000356_1279_671.png,NORM,NONE,NONE,MALA
CDB_Sample189/jai_0000119_618_363.png,NORM,NONE,NONE,HOJO
EH5_Siemens037/jai_0000655_1632_470.png,NORM,NONE,NONE,NONE
CDB_Sample189/jai_0000246_1501_492.png,NORM,NONE,NONE,PABO
EH5_Siemens012/jai_0001089_952_1311.png,NORM,NONE,HYPO,NONE
EH5_Siemens012/jai_0000019_1255_100.png,NORM,NONE,NONE,"BAST, RETI"
EH5_Siemens012/jai_0000003_1786_843.png,NORM,NONE,TARG,NONE
CDB_Sample125/jai_0000225_943_259.png,NORM,NONE,NONE,MALA
EH5_Siemens012/jai_0001512_779_1122.png,NORM,NONE,NONE,NRBC
CDB_Sample189/jai_0000245_1938_849.png,NORM,NONE,NONE,NONE
EH5_Siemens013/jai_0000889_178_1279.png,NORM,NONE,NONE,"BAST, RETI"
EH5_Siemens029/jai_0000184_278_1187.png,NORM,NONE,NONE,NONE
CDB_Sample156/jai_0000350_1904_1367.png,NORM,NONE,NONE,NONE
EH5_Siemens012/jai_0001353_1286_1185.png,NORM,HELM,NONE,"BAST, HOJO"
EH5_Siemens012/jai_0001437_654_1314.png,NORM,OVAL,NONE,"BAST, HOJO"
EH5_Siemens012/jai_0001268_93_73.png,MICR,NONE,NONE,BAST
CDB_Sample030/jai_0000233_138_95.png,NORM,NONE,NONE,BAST
CDB_Sample012/jai_0000070_1266_44.png,NORM,NONE,NONE,NONE
EH5_Siemens083/jai_0000402_502_914.png,NORM,OVAL,NONE,NONE
EH5_Siemens012/jai_0001268_1072_216.png,MICR,OVAL,NONE,"HOJO, RETI"
EH5_Siemens012/jai_0000182_27_1207.png,NORM,NONE,NONE,NONE
CDB_Sample156/jai_0000609_767_1417.png,NORM,NONE,NONE,NONE
EH5_Siemens012/jai_0000044_69_126.png,NORM,NONE,NONE,NRBC
EH5_Siemens012/jai_0000264_1196_1287.png,NORM,NONE,NONE,"BAST, HOJO, RETI"
EH5_Siemens045/jai_0000097_1935_1198.png,MICR,SCHI,NONE,NONE
CDB_Sample156/jai_0000650_1031_761.png,NORM,ECHI,NONE,NONE
EH5_Siemens012/jai_0000951_513_920.png,NORM,NONE,NONE,"BAST, HOJO, RETI"
CDB_Sample012/jai_0000068_1279_1272.png,NORM,NONE,NONE,NONE
CDB_Sample189/jai_0000375_1151_526.png,NORM,NONE,NONE,NONE
EH5_Siemens029/jai_0000395_339_847.png,MICR,NONE,NONE,NONE
CDB_Sample030/jai_0000234_1625_434.png,MICR,NONE,NONE,NONE
EH5_Siemens029/jai_0000052_935_621.png,MICR,NONE,NONE,NONE
EH5_Siemens029/jai_0000052_1090_722.png,NORM,NONE,NONE,NONE
CDB_Sample156/jai_0000395_778_1243.png,NORM,NONE,NONE,NONE
CDB_Sample189/jai_0000038_751_204.png,NORM,NONE,NONE,"HOJO, RETI"
EH5_Siemens012/jai_0000836_207_898.png,NORM,NONE,NONE,NRBC
EH5_Siemens029/jai_0000479_698_834.png,NORM,NONE,NONE,NONE
CDB_Sample030/jai_0000141_1248_681.png,NORM,ECHI,NONE,NONE
EH5_Siemens008/jai_0001350_1196_1079.png,NORM,NONE,NONE,NONE
CDB_Sample189/jai_0000161_870_1049.png,NORM,NONE,NONE,NONE
CDB_Sample030/jai_0000012_1020_387.png,MICR,NONE,NONE,NONE
EH5_Siemens083/jai_0001428_1232_482.png,NORM,NONE,HYPO,NONE
EH5_Siemens012/jai_0001609_708_413.png,NORM,ELLI,HYPO,NONE
EH5_Siemens003/jai_0001394_1671_1365.png,NORM,NONE,NONE,NONE
EH5_Siemens037/jai_0000611_1881_721.png,NORM,ACAN,NONE,NONE
EH5_Siemens013/jai_0000798_291_748.png,NORM,NONE,NONE,RETI
EH5_Siemens003/jai_0000274_1673_1184.png,NORM,NONE,STOM,NONE
EH5_Siemens012/jai_0000057_1409_407.png,NORM,NONE,NONE,NONE
CDB_Sample189/jai_0000038_751_204.png,NORM,NONE,NONE,"HOJO, RETI"
CDB_Sample156/jai_0000306_1064_1416.png,NORM,NONE,NONE,NONE
CDB_Sample125/jai_0000053_619_1361.png,NORM,NONE,NONE,BAST
CDB_Sample156/jai_0000609_866_1125.png,NORM,NONE,NONE,NONE
CDB_Sample012/jai_0000150_772_1021.png,MICR,NONE,NONE,NONE
EH5_Siemens003/jai_0000980_1048_29.png,NORM,NONE,NONE,NONE
EH5_Siemens083/jai_0000267_435_1447.png,MICR,NONE,HYPO,NONE
EH5_Siemens012/jai_0000147_972_832.png,MICR,NONE,NONE,BAST
CDB_Sample030/jai_0000147_1342_72.png,NORM,NONE,HYPO,NONE
EH5_Siemens012/jai_0001599_995_346.png,MICR,NONE,NONE,BAST
CDB_Sample125/jai_0000266_337_845.png,NORM,NONE,NONE,MALA
EH5_Siemens013/jai_0001193_1598_719.png,NORM,NONE,NONE,NONE
CDB_Sample030/jai_0000232_171_1261.png,NORM,OVAL,NONE,NONE
EH5_Siemens029/jai_0000133_755_559.png,NORM,NONE,NONE,RETI
EH5_Siemens012/jai_0001437_654_1314.png,NORM,OVAL,NONE,"BAST, HOJO"
EH5_Siemens008/jai_0001422_849_1246.png,MICR,NONE,NONE,NONE
CDB_Sample012/jai_0000066_723_664.png,NORM,NONE,NONE,NONE
CDB_Sample156/jai_0000178_892_1271.png,NORM,NONE,NONE,NONE
CDB_Sample030/jai_0000141_915_646.png,NORM,TEAR,NONE,NONE
CDB_Sample125/jai_0000180_762_1253.png,NORM,NONE,NONE,NONE
CDB_Sample125/jai_0000314_1001_1065.png,NORM,NONE,HYPO,NONE
CDB_Sample125/jai_0000274_166_204.png,NORM,ECHI,HYPO,NONE
EH5_Siemens012/jai_0000147_1776_1101.png,MICR,NONE,NONE,"BAST, RETI"
CDB_Sample189/jai_0000034_527_1150.png,NORM,SICK,NONE,NONE
EH5_Siemens029/jai_0000133_755_559.png,NORM,NONE,NONE,RETI
CDB_Sample030/jai_0000011_1519_584.png,NORM,TEAR,NONE,NONE
CDB_Sample189/jai_0000119_855_489.png,NORM,NONE,NONE,PABO
CDB_Sample012/jai_0000114_1408_984.png,NORM,NONE,NONE,NONE
CDB_Sample125/jai_0000266_441_1171.png,NORM,NONE,NONE,NONE
CDB_Sample189/jai_0000038_751_204.png,NORM,NONE,NONE,"HOJO, RETI"
CDB_Sample189/jai_0000161_1556_854.png,NORM,NONE,NONE,PABO
EH5_Siemens045/jai_0000095_1972_1162.png,MICR,SCHI,NONE,NONE
CDB_Sample030/jai_0000146_1960_76.png,NORM,ELLI,NONE,NONE
EH5_Siemens013/jai_0000119_1913_953.png,NORM,NONE,NONE,NONE
EH5_Siemens029/jai_0000395_1904_1001.png,NORM,NONE,NONE,NONE
EH5_Siemens013/jai_0001155_510_996.png,NORM,NONE,NONE,RETI
EH5_Siemens083/jai_0000064_1925_605.png,NORM,ECHI,NONE,NONE
EH5_Siemens013/jai_0000071_1359_803.png,NORM,NONE,NONE,NONE
EH5_Siemens083/jai_0000402_197_1181.png,MICR,NONE,HYPO,NONE
CDB_Sample189/jai_0000038_751_204.png,NORM,NONE,NONE,"HOJO, RETI"
EH5_Siemens041/jai_0000187_1819_1116.png,MICR,SCHI,NONE,NONE
EH5_Siemens083/jai_0000015_1045_131.png,MACR,NONE,NONE,NONE
CDB_Sample125/jai_0000352_1833_259.png,NORM,NONE,NONE,NONE
CDB_Sample189/jai_0000116_469_810.png,NORM,SICK,NONE,NONE
CDB_Sample125/jai_0000264_1372_105.png,NORM,NONE,NONE,NONE
EH5_Siemens008/jai_0000578_1265_173.png,NORM,BITE,NONE,NONE
CDB_Sample189/jai_0000038_751_204.png,NORM,NONE,NONE,"HOJO, RETI"
EH5_Siemens083/jai_0001387_1428_901.png,NORM,OVAL,HYPO,NONE
EH5_Siemens012/jai_0001599_995_346.png,MICR,NONE,NONE,BAST
EH5_Siemens045/jai_0000187_1189_435.png,NORM,HELM,NONE,NONE
EH5_Siemens013/jai_0000588_392_1153.png,NORM,TEAR,NONE,NONE
CDB_Sample189/jai_0000289_1661_921.png,MICR,NONE,NONE,NONE
CDB_Sample012/jai_0000106_260_1026.png,NORM,NONE,NONE,RETI
CDB_Sample156/jai_0000266_1115_476.png,NORM,ECHI,NONE,NONE
EH5_Siemens029/jai_0000396_394_561.png,NORM,NONE,NONE,NONE
EH5_Siemens012/jai_0001353_1286_1185.png,NORM,HELM,NONE,"BAST, HOJO"
CDB_Sample189/jai_0000294_1674_625.png,NORM,NONE,NONE,NONE
CDB_Sample189/jai_0000122_1859_296.png,NORM,NONE,NONE,HOJO
EH5_Siemens037/jai_0000400_1148_734.png,NORM,NONE,NONE,NONE
CDB_Sample189/jai_0000166_1209_218.png,NORM,NONE,NONE,NONE
EH5_Siemens008/jai_0001222_1748_131.png,NORM,NONE,NONE,NONE
EH5_Siemens083/jai_0001428_149_197.png,MICR,NONE,NONE,NONE
EH5_Siemens008/jai_0000277_753_765.png,NORM,NONE,NONE,NONE
EH5_Siemens029/jai_0000655_543_743.png,NORM,HELM,NONE,NONE
EH5_Siemens012/jai_0000057_1569_1060.png,NORM,NONE,NONE,NRBC
CDB_Sample156/jai_0000094_732_1119.png,NORM,ACAN,NONE,NONE
CDB_Sample012/jai_0000151_542_36.png,NORM,NONE,HYPO,NONE
CDB_Sample156/jai_0000270_1276_187.png,NORM,ECHI,NONE,NONE
EH5_Siemens012/jai_0000951_513_920.png,NORM,NONE,NONE,"BAST, HOJO, RETI"
CDB_Sample030/jai_0000011_372_1383.png,NORM,TEAR,NONE,NONE
CDB_Sample156/jai_0000568_721_442.png,NORM,NONE,NONE,NONE
EH5_Siemens012/jai_0001512_779_1122.png,NORM,NONE,NONE,NRBC
CDB_Sample125/jai_0000271_655_127.png,MICR,NONE,NONE,NONE
EH5_Siemens012/jai_0001353_1286_1185.png,NORM,HELM,NONE,"BAST, HOJO"
CDB_Sample156/jai_0000097_300_618.png,NORM,ECHI,NONE,NONE
EH5_Siemens045/jai_0000189_652_404.png,MICR,SCHI,NONE,NONE
EH5_Siemens012/jai_0000003_1355_1309.png,NORM,NONE,HYPR,NONE
EH5_Siemens008/jai_0000583_1823_1183.png,NORM,NONE,NONE,NONE
EH5_Siemens012/jai_0001268_294_1421.png,MICR,NONE,NONE,BAST
EH5_Siemens029/jai_0000048_1691_174.png,NORM,NONE,NONE,NONE
EH5_Siemens045/jai_0000011_1496_1233.png,MICR,SCHI,NONE,NONE
CDB_Sample189/jai_0000248_951_672.png,NORM,NONE,NONE,RETI
EH5_Siemens013/jai_0000071_338_396.png,NORM,NONE,NONE,NONE
CDB_Sample125/jai_0000094_1274_242.png,NORM,ECHI,NONE,NONE
EH5_Siemens012/jai_0000182_396_1094.png,NORM,NONE,NONE,NONE
CDB_Sample189/jai_0000164_1773_492.png,NORM,SICK,NONE,NONE
EH5_Siemens012/jai_0000951_513_920.png,NORM,NONE,NONE,"BAST, HOJO, RETI"
EH5_Siemens012/jai_0001353_1286_1185.png,NORM,HELM,NONE,"BAST, HOJO"
CDB_Sample189/jai_0000168_1713_1379.png,NORM,NONE,NONE,HOJO
CDB_Sample012/jai_0000114_1269_343.png,NORM,NONE,NONE,NONE
CDB_Sample125/jai_0000356_627_219.png,NORM,NONE,HYPO,NONE
CDB_Sample156/jai_0000179_882_838.png,NORM,ACAN,NONE,NONE
EH5_Siemens003/jai_0000980_1260_587.png,NORM,NONE,NONE,NONE
EH5_Siemens012/jai_0000951_513_920.png,NORM,NONE,NONE,"BAST, HOJO, RETI"
CDB_Sample125/jai_0000356_1678_1408.png,MICR,SPHE,NONE,NONE
CDB_Sample189/jai_0000160_270_1010.png,NORM,NONE,NONE,HOJO
CDB_Sample189/jai_0000165_710_1330.png,MICR,NONE,NONE,PABO
CDB_Sample030/jai_0000231_494_725.png,MICR,ELLI,NONE,NONE
EH5_Siemens008/jai_0000287_1187_920.png,NORM,NONE,NONE,NONE
EH5_Siemens029/jai_0000568_1348_106.png,MACR,NONE,NONE,NONE
EH5_Siemens037/jai_0000481_629_734.png,NORM,NONE,TARG,NONE
CDB_Sample189/jai_0000081_491_1104.png,NORM,NONE,NONE,RETI
EH5_Siemens029/jai_0000695_116_875.png,NORM,OVAL,NONE,NONE
EH5_Siemens012/jai_0001173_1495_196.png,MICR,NONE,NONE,BAST
EH5_Siemens008/jai_0000622_1186_1340.png,NORM,NONE,NONE,NONE
EH5_Siemens083/jai_0001472_543_113.png,MACR,NONE,NONE,BAST
CDB_Sample189/jai_0000248_616_88.png,NORM,NONE,NONE,HOJO
CDB_Sample125/jai_0000183_995_648.png,NORM,NONE,NONE,MALA
EH5_Siemens012/jai_0000179_921_876.png,NORM,NONE,NONE,NRBC
EH5_Siemens012/jai_0000057_843_400.png,NORM,NONE,HYPO,NONE
EH5_Siemens045/jai_0000013_909_1074.png,MICR,SCHI,NONE,NONE
EH5_Siemens012/jai_0000264_1196_1287.png,NORM,NONE,NONE,"BAST, HOJO, RETI"
EH5_Siemens045/jai_0000184_1650_237.png,NORM,BITE,NONE,NONE
EH5_Siemens012/jai_0000130_787_699.png,NORM,NONE,HYPO,HOJO
EH5_Siemens083/jai_0000058_689_157.png,NORM,NONE,HYPO,NONE
EH5_Siemens029/jai_0000653_992_590.png,NORM,NONE,NONE,NONE
CDB_Sample189/jai_0000211_1960_387.png,NORM,NONE,HYPO,NONE
CDB_Sample156/jai_0000610_1132_1167.png,NORM,NONE,NONE,MALA
CDB_Sample189/jai_0000288_246_375.png,NORM,NONE,NONE,PABO
EH5_Siemens029/jai_0000653_1066_926.png,NORM,NONE,HYPO,NONE
CDB_Sample012/jai_0000113_819_491.png,MICR,NONE,NONE,NONE
EH5_Siemens037/jai_0000356_648_60.png,NORM,NONE,HYPO,NONE
EH5_Siemens045/jai_0000008_687_666.png,MICR,SCHI,NONE,NONE
CDB_Sample189/jai_0000114_356_735.png,NORM,NONE,HYPO,HOJO
CDB_Sample189/jai_0000116_100_171.png,NORM,NONE,STOM,NONE
EH5_Siemens083/jai_0000185_1462_1121.png,MACR,OVAL,HYPR,NONE
EH5_Siemens008/jai_0000148_1143_871.png,NORM,NONE,NONE,NONE
CDB_Sample189/jai_0000161_1556_854.png,NORM,NONE,NONE,PABO
EH5_Siemens037/jai_0000135_1577_823.png,NORM,NONE,NONE,HOJO
CDB_Sample030/jai_0000056_1583_708.png,NORM,OVAL,NONE,NONE
CDB_Sample189/jai_0000289_269_338.png,NORM,NONE,NONE,NONE
CDB_Sample189/jai_0000247_1967_884.png,NORM,ECHI,NONE,NONE
CDB_Sample189/jai_0000165_213_524.png,NORM,NONE,NONE,NONE
EH5_Siemens008/jai_0000621_315_1404.png,NORM,NONE,NONE,NONE
CDB_Sample030/jai_0000234_1253_830.png,NORM,NONE,NONE,RETI
EH5_Siemens012/jai_0000347_389_1231.png,NORM,NONE,TARG,NONE
EH5_Siemens012/jai_0000264_1196_1287.png,NORM,NONE,NONE,"BAST, HOJO, RETI"
EH5_Siemens012/jai_0000043_86_1253.png,NORM,NONE,NONE,BAST
EH5_Siemens029/jai_0000654_1030_1308.png,NORM,TEAR,NONE,NONE
EH5_Siemens003/jai_0000744_872_848.png,NORM,NONE,NONE,NONE
CDB_Sample189/jai_0000119_618_363.png,NORM,NONE,NONE,HOJO
EH5_Siemens012/jai_0001268_1072_216.png,MICR,OVAL,NONE,"HOJO, RETI"
EH5_Siemens029/jai_0000440_445_1169.png,NORM,TEAR,NONE,NONE
EH5_Siemens037/jai_0000481_1958_661.png,MACR,NONE,HYPR,NONE
CDB_Sample125/jai_0000226_1302_925.png,NORM,NONE,NONE,MALA
CDB_Sample125/jai_0000059_1154_945.png,NORM,ECHI,NONE,MALA
EH5_Siemens037/jai_0000009_570_807.png,NORM,NONE,NONE,NONE
EH5_Siemens012/jai_0000995_442_1239.png,MICR,NONE,NONE,BAST
CDB_Sample189/jai_0000334_472_416.png,NORM,NONE,HYPO,PABO
EH5_Siemens083/jai_0000184_613_774.png,MICR,NONE,NONE,"BAST, RETI"
EH5_Siemens029/jai_0000052_456_484.png,NORM,NONE,NONE,NONE
EH5_Siemens012/jai_0000303_64_613.png,NORM,NONE,NONE,NRBC
CDB_Sample030/jai_0000273_1761_606.png,MICR,NONE,NONE,NONE
EH5_Siemens012/jai_0000147_634_1403.png,NORM,NONE,HYPO,NONE
CDB_Sample030/jai_0000146_1454_876.png,NORM,ELLI,NONE,NONE
CDB_Sample030/jai_0000139_38_669.png,NORM,NONE,NONE,RETI
CDB_Sample030/jai_0000146_1818_1108.png,NORM,ELLI,NONE,NONE
EH5_Siemens012/jai_0001173_1272_157.png,NORM,NONE,NONE,"BAST, RETI"
EH5_Siemens012/jai_0001353_1286_1185.png,NORM,HELM,NONE,"BAST, HOJO"
EH5_Siemens012/jai_0000059_109_397.png,NORM,NONE,TARG,NONE
EH5_Siemens012/jai_0001474_210_726.png,MICR,NONE,NONE,BAST
CDB_Sample012/jai_0000117_1235_694.png,NORM,NONE,NONE,NONE
EH5_Siemens012/jai_0001268_1072_216.png,MICR,OVAL,NONE,"HOJO, RETI"
EH5_Siemens008/jai_0001612_605_93.png,NORM,ECHI,NONE,NONE
EH5_Siemens012/jai_0000147_972_832.png,MICR,NONE,NONE,BAST
CDB_Sample189/jai_0000381_192_214.png,NORM,SICK,NONE,NONE
CDB_Sample125/jai_0000224_139_711.png,NORM,NONE,HYPO,NONE
EH5_Siemens012/jai_0001353_1286_1185.png,NORM,HELM,NONE,"BAST, HOJO"
EH5_Siemens008/jai_0000583_1195_661.png,NORM,NONE,NONE,NONE
CDB_Sample030/jai_0000100_484_572.png,NORM,OVAL,NONE,NONE
CDB_Sample156/jai_0000306_708_29.png,NORM,ACAN,NONE,NONE
CDB_Sample030/jai_0000147_1739_662.png,NORM,ECHI,NONE,NONE
CDB_Sample189/jai_0000038_751_204.png,NORM,NONE,NONE,"HOJO, RETI"
EH5_Siemens037/jai_0000142_1044_258.png,NORM,NONE,NONE,HOJO
EH5_Siemens012/jai_0001268_1072_216.png,MICR,OVAL,NONE,"HOJO, RETI"
CDB_Sample189/jai_0000380_597_939.png,NORM,NONE,NONE,RETI
EH5_Siemens012/jai_0001338_231_828.png,NORM,NONE,TARG,NONE
EH5_Siemens012/jai_0001268_1072_216.png,MICR,OVAL,NONE,"HOJO, RETI"
EH5_Siemens083/jai_0001387_1649_63.png,MACR,NONE,HYPR,NONE
EH5_Siemens012/jai_0001353_1286_1185.png,NORM,HELM,NONE,"BAST, HOJO"
EH5_Siemens012/jai_0000059_1789_295.png,NORM,NONE,NONE,NRBC
EH5_Siemens012/jai_0000951_513_920.png,NORM,NONE,NONE,"BAST, HOJO, RETI"
EH5_Siemens003/jai_0000278_773_880.png,MICR,NONE,NONE,NONE
CDB_Sample189/jai_0000114_1787_644.png,NORM,OVAL,HYPO,PABO
EH5_Siemens083/jai_0000180_1193_221.png,MICR,NONE,HYPO,NONE
EH5_Siemens083/jai_0001472_543_113.png,MACR,NONE,NONE,BAST
CDB_Sample189/jai_0000246_1689_376.png,NORM,NONE,NONE,NONE
EH5_Siemens012/jai_0000951_513_920.png,NORM,NONE,NONE,"BAST, HOJO, RETI"
EH5_Siemens003/jai_0000236_995_1413.png,NORM,NONE,NONE,NONE
CDB_Sample030/jai_0000145_1504_760.png,NORM,TEAR,NONE,NONE
CDB_Sample012/jai_0000199_789_1041.png,NORM,NONE,NONE,NONE
EH5_Siemens003/jai_0000976_1339_1060.png,NORM,NONE,NONE,NONE
CDB_Sample189/jai_0000038_751_204.png,NORM,NONE,NONE,"HOJO, RETI"
EH5_Siemens012/jai_0000182_530_1077.png,NORM,NONE,NONE,NRBC
CDB_Sample030/jai_0000186_1406_1377.png,NORM,NONE,NONE,NONE
EH5_Siemens012/jai_0001353_1286_1185.png,NORM,HELM,NONE,"BAST, HOJO"
EH5_Siemens012/jai_0000057_1569_1060.png,NORM,NONE,NONE,NRBC
CDB_Sample030/jai_0000274_1902_1298.png,NORM,NONE,NONE,NONE
EH5_Siemens012/jai_0001353_1286_1185.png,NORM,HELM,NONE,"BAST, HOJO"
CDB_Sample030/jai_0000020_1805_92.png,MICR,NONE,NONE,NONE
EH5_Siemens037/jai_0000395_1924_418.png,NORM,NONE,NONE,NONE
EH5_Siemens083/jai_0000180_523_179.png,MACR,OVAL,NONE,NONE
CDB_Sample189/jai_0000162_767_563.png,NORM,NONE,NONE,NONE
EH5_Siemens012/jai_0000043_1432_839.png,NORM,NONE,NONE,NRBC
EH5_Siemens012/jai_0001173_1272_157.png,NORM,NONE,NONE,"BAST, RETI"
CDB_Sample125/jai_0000317_209_1039.png,NORM,NONE,NONE,MALA
EH5_Siemens037/jai_0000092_1826_131.png,NORM,NONE,NONE,HOJO
EH5_Siemens012/jai_0000147_1922_798.png,NORM,ECHI,NONE,NONE
EH5_Siemens029/jai_0000395_335_490.png,NORM,NONE,NONE,NONE
CDB_Sample125/jai_0000054_1348_274.png,NORM,NONE,HYPO,NONE
CDB_Sample189/jai_0000122_1859_296.png,NORM,NONE,NONE,HOJO
CDB_Sample030/jai_0000101_1888_672.png,NORM,NONE,HYPR,NONE
EH5_Siemens013/jai_0000803_1625_1150.png,NORM,NONE,HYPR,NONE
EH5_Siemens013/jai_0000417_1612_1383.png,NORM,NONE,NONE,NONE
CDB_Sample125/jai_0000275_1097_412.png,NORM,NONE,NONE,MALA
EH5_Siemens012/jai_0000951_513_920.png,NORM,NONE,NONE,"BAST, HOJO, RETI"
CDB_Sample012/jai_0000109_1557_1234.png,NORM,NONE,NONE,NONE
CDB_Sample012/jai_0000070_780_302.png,NORM,NONE,NONE,"BAST, RETI"
CDB_Sample189/jai_0000114_478_823.png,NORM,NONE,HYPO,PABO
EH5_Siemens012/jai_0000303_1465_978.png,NORM,NONE,TARG,NONE
CDB_Sample156/jai_0000352_825_475.png,NORM,NONE,NONE,NONE
EH5_Siemens012/jai_0001006_631_444.png,NORM,NONE,TARG,BAST
EH5_Siemens029/jai_0000822_1115_27.png,NORM,NONE,NONE,NONE
CDB_Sample189/jai_0000334_472_416.png,NORM,NONE,HYPO,PABO
EH5_Siemens012/jai_0001261_1830_454.png,MICR,NONE,NONE,BAST
CDB_Sample012/jai_0000066_446_483.png,NORM,NONE,NONE,NONE
EH5_Siemens008/jai_0000622_476_734.png,NORM,NONE,NONE,NONE
EH5_Siemens003/jai_0000663_942_1446.png,NORM,NONE,NONE,HOJO
EH5_Siemens013/jai_0001114_1700_463.png,NORM,NONE,NONE,NONE
EH5_Siemens008/jai_0000150_1436_1091.png,NORM,NONE,NONE,NONE
EH5_Siemens012/jai_0001353_1286_1185.png,NORM,HELM,NONE,"BAST, HOJO"
EH5_Siemens012/jai_0000318_850_197.png,MACR,NONE,NONE,NONE
CDB_Sample125/jai_0000004_106_1120.png,NORM,NONE,NONE,NONE
CDB_Sample189/jai_0000375_586_521.png,MICR,NONE,NONE,NONE
EH5_Siemens029/jai_0000692_670_518.png,NORM,HELM,NONE,NONE
CDB_Sample125/jai_0000052_845_1341.png,NORM,NONE,HYPR,NONE
EH5_Siemens012/jai_0000951_513_920.png,NORM,NONE,NONE,"BAST, HOJO, RETI"
CDB_Sample030/jai_0000140_1602_966.png,NORM,ELLI,HYPO,NONE
EH5_Siemens083/jai_0000101_1287_254.png,NORM,NONE,HYPR,NONE
EH5_Siemens037/jai_0000092_1274_487.png,NORM,ECHI,TARG,NONE
EH5_Siemens029/jai_0000395_1623_387.png,NORM,NONE,NONE,NONE
CDB_Sample030/jai_0000146_1766_1045.png,NORM,NONE,NONE,NONE
CDB_Sample030/jai_0000231_1796_203.png,NORM,ELLI,NONE,NONE
EH5_Siemens003/jai_0000242_515_582.png,NORM,NONE,NONE,NONE
EH5_Siemens029/jai_0000048_1297_310.png,NORM,NONE,NONE,NONE
EH5_Siemens083/jai_0000016_834_542.png,NORM,ECHI,NONE,NONE
EH5_Siemens041/jai_0001262_312_618.png,NORM,HELM,NONE,NONE
EH5_Siemens012/jai_0000059_1036_1096.png,NORM,NONE,HYPO,NONE
EH5_Siemens029/jai_0000048_1854_1304.png,NORM,OVAL,HYPO,NONE
EH5_Siemens012/jai_0000951_513_920.png,NORM,NONE,NONE,"BAST, HOJO, RETI"
EH5_Siemens083/jai_0001387_1062_1338.png,MICR,NONE,HYPO,NONE
EH5_Siemens012/jai_0000182_227_975.png,MICR,NONE,NONE,"BAST, RETI"
CDB_Sample189/jai_0000038_751_204.png,NORM,NONE,NONE,"HOJO, RETI"
EH5_Siemens012/jai_0001437_654_1314.png,NORM,OVAL,NONE,"BAST, HOJO"
EH5_Siemens029/jai_0000822_1858_293.png,MICR,SPHE,NONE,NONE
EH5_Siemens012/jai_0001261_1435_477.png,NORM,NONE,NONE,"BAST, RETI"
CDB_Sample125/jai_0000274_950_705.png,NORM,NONE,NONE,MALA
EH5_Siemens012/jai_0001268_93_73.png,MICR,NONE,NONE,BAST
EH5_Siemens012/jai_0000147_919_1305.png,NORM,NONE,HYPO,NONE
CDB_Sample189/jai_0000116_1537_1121.png,NORM,NONE,NONE,PABO
EH5_Siemens037/jai_0000483_249_767.png,NORM,NONE,TARG,NONE
CDB_Sample030/jai_0000273_124_494.png,MICR,NONE,NONE,NONE
CDB_Sample189/jai_0000293_1806_1398.png,NORM,SICK,NONE,NONE
EH5_Siemens012/jai_0000019_1255_100.png,NORM,NONE,NONE,"BAST, RETI"
EH5_Siemens029/jai_0000569_501_92.png,NORM,NONE,NONE,NONE
CDB_Sample189/jai_0000121_1610_560.png,NORM,NONE,NONE,PABO
EH5_Siemens012/jai_0000264_1196_1287.png,NORM,NONE,NONE,"BAST, HOJO, RETI"
CDB_Sample156/jai_0000609_786_828.png,NORM,NONE,NONE,HOJO
EH5_Siemens012/jai_0000044_69_126.png,NORM,NONE,NONE,NRBC
CDB_Sample030/jai_0000013_706_718.png,NORM,TEAR,NONE,NONE
CDB_Sample012/jai_0000155_887_394.png,NORM,NONE,NONE,RETI
EH5_Siemens012/jai_0001512_779_1122.png,NORM,NONE,NONE,NRBC
CDB_Sample030/jai_0000188_1003_1106.png,NORM,TEAR,NONE,NONE
EH5_Siemens083/jai_0000185_1582_548.png,NORM,NONE,HYPO,NONE
EH5_Siemens037/jai_0000655_1684_609.png,MACR,NONE,NONE,NONE
EH5_Siemens012/jai_0000057_1501_51.png,NORM,NONE,NONE,NONE
EH5_Siemens012/jai_0001173_1495_196.png,MICR,NONE,NONE,BAST
EH5_Siemens012/jai_0000179_921_876.png,NORM,NONE,NONE,NRBC
EH5_Siemens012/jai_0000187_1943_1429.png,NORM,OVAL,NONE,BAST
CDB_Sample012/jai_0000066_461_864.png,MACR,NONE,NONE,NONE
EH5_Siemens012/jai_0000264_1196_1287.png,NORM,NONE,NONE,"BAST, HOJO, RETI"
EH5_Siemens012/jai_0000951_513_920.png,NORM,NONE,NONE,"BAST, HOJO, RETI"
EH5_Siemens012/jai_0000019_1086_700.png,NORM,OVAL,NONE,NONE
CDB_Sample189/jai_0000114_478_823.png,NORM,NONE,HYPO,PABO
EH5_Siemens012/jai_0001437_654_1314.png,NORM,OVAL,NONE,"BAST, HOJO"
EH5_Siemens012/jai_0001353_1286_1185.png,NORM,HELM,NONE,"BAST, HOJO"
EH5_Siemens012/jai_0001268_1072_216.png,MICR,OVAL,NONE,"HOJO, RETI"
EH5_Siemens012/jai_0001268_1072_216.png,MICR,OVAL,NONE,"HOJO, RETI"
CDB_Sample125/jai_0000266_1176_655.png,NORM,NONE,STOM,NONE
EH5_Siemens083/jai_0000060_538_682.png,NORM,NONE,HYPO,NONE
CDB_Sample189/jai_0000168_715_253.png,NORM,NONE,NONE,RETI
EH5_Siemens012/jai_0000182_541_110.png,NORM,NONE,NONE,NONE
CDB_Sample156/jai_0000179_1451_1415.png,NORM,ACAN,NONE,NONE
EH5_Siemens012/jai_0000264_1196_1287.png,NORM,NONE,NONE,"BAST, HOJO, RETI"
CDB_Sample156/jai_0000264_928_398.png,NORM,NONE,NONE,NONE
EH5_Siemens083/jai_0000184_613_774.png,MICR,NONE,NONE,"BAST, RETI"
CDB_Sample156/jai_0000178_1945_1125.png,NORM,ECHI,NONE,NONE
EH5_Siemens083/jai_0000180_898_660.png,NORM,NONE,HYPO,NONE
CDB_Sample125/jai_0000355_1545_485.png,NORM,NONE,NONE,MALA
EH5_Siemens029/jai_0000828_1082_43.png,NORM,TEAR,NONE,NONE
CDB_Sample156/jai_0000350_407_650.png,NORM,ACAN,NONE,NONE
CDB_Sample156/jai_0000651_805_482.png,NORM,ECHI,NONE,NONE
CDB_Sample189/jai_0000114_1582_1349.png,NORM,NONE,NONE,NONE
EH5_Siemens012/jai_0000264_921_600.png,NORM,NONE,TARG,NONE
EH5_Siemens008/jai_0000578_616_1325.png,NORM,NONE,NONE,NONE
CDB_Sample156/jai_0000568_433_439.png,NORM,ACAN,NONE,NONE
EH5_Siemens012/jai_0000174_360_339.png,NORM,BITE,NONE,NONE
EH5_Siemens012/jai_0000264_1196_1287.png,NORM,NONE,NONE,"BAST, HOJO, RETI"
CDB_Sample189/jai_0000246_1501_492.png,NORM,NONE,NONE,PABO
EH5_Siemens012/jai_0000264_1196_1287.png,NORM,NONE,NONE,"BAST, HOJO, RETI"
CDB_Sample189/jai_0000161_526_964.png,NORM,NONE,NONE,HOJO
CDB_Sample030/jai_0000188_1217_587.png,NORM,OVAL,HYPO,NONE
EH5_Siemens045/jai_0000184_1650_237.png,NORM,BITE,NONE,NONE
CDB_Sample012/jai_0000105_418_182.png,MICR,NONE,NONE,NONE
EH5_Siemens037/jai_0000395_465_1229.png,NORM,NONE,NONE,HOJO
EH5_Siemens012/jai_0000179_921_876.png,NORM,NONE,NONE,NRBC
CDB_Sample189/jai_0000123_1600_778.png,NORM,NONE,NONE,NONE
EH5_Siemens083/jai_0000181_1316_1037.png,NORM,TEAR,NONE,NONE
EH5_Siemens037/jai_0000613_1296_804.png,NORM,ECHI,NONE,NONE
EH5_Siemens037/jai_0000395_465_1229.png,NORM,NONE,NONE,HOJO
CDB_Sample189/jai_0000165_547_873.png,NORM,NONE,NONE,PABO
EH5_Siemens083/jai_0001428_1880_648.png,NORM,NONE,HYPO,NONE
EH5_Siemens013/jai_0000803_706_1177.png,NORM,OVAL,NONE,NONE
EH5_Siemens012/jai_0000174_221_182.png,MICR,NONE,NONE,"BAST, RETI"
CDB_Sample030/jai_0000017_1336_553.png,NORM,TEAR,NONE,NONE
EH5_Siemens003/jai_0000980_1489_469.png,MICR,NONE,NONE,NONE
EH5_Siemens008/jai_0000621_1602_1437.png,NORM,NONE,NONE,NONE
EH5_Siemens012/jai_0001268_93_73.png,MICR,NONE,NONE,BAST
CDB_Sample156/jai_0000519_698_80.png,NORM,ACAN,NONE,NONE
CDB_Sample012/jai_0000197_321_99.png,NORM,NONE,STOM,NONE
CDB_Sample030/jai_0000274_1057_553.png,MICR,SPHE,NONE,NONE
EH5_Siemens037/jai_0000611_1227_1142.png,NORM,NONE,NONE,NONE
EH5_Siemens029/jai_0000439_1414_689.png,NORM,NONE,STOM,NONE
EH5_Siemens012/jai_0000395_1004_511.png,NORM,NONE,NONE,BAST
EH5_Siemens012/jai_0001609_618_646.png,NORM,NONE,HYPO,NONE
EH5_Siemens012/jai_0001353_1286_1185.png,NORM,HELM,NONE,"BAST, HOJO"
CDB_Sample125/jai_0000314_205_1257.png,NORM,ECHI,NONE,NONE
EH5_Siemens012/jai_0000059_1063_793.png,NORM,OVAL,NONE,NONE
CDB_Sample030/jai_0000018_571_1040.png,NORM,NONE,NONE,NONE
EH5_Siemens012/jai_0000277_961_800.png,MICR,NONE,NONE,RETI
CDB_Sample189/jai_0000374_792_272.png,NORM,NONE,NONE,NONE
EH5_Siemens037/jai_0000356_1666_660.png,NORM,ACAN,NONE,NONE
EH5_Siemens012/jai_0001437_654_1314.png,NORM,OVAL,NONE,"BAST, HOJO"
EH5_Siemens012/jai_0000318_1133_173.png,NORM,NONE,HYPO,NONE
EH5_Siemens013/jai_0001064_1144_1295.png,MICR,NONE,NONE,NONE
CDB_Sample156/jai_0000607_1390_994.png,NORM,ECHI,NONE,NONE
EH5_Siemens013/jai_0000969_158_301.png,MICR,NONE,NONE,NONE
CDB_Sample189/jai_0000251_1641_493.png,NORM,NONE,NONE,HOJO
EH5_Siemens029/jai_0000828_195_478.png,NORM,NONE,NONE,BAST
EH5_Siemens037/jai_0000527_668_784.png,MICR,SCHI,NONE,NONE
EH5_Siemens003/jai_0000976_105_1092.png,NORM,NONE,HYPR,NONE
CDB_Sample189/jai_0000160_1332_1283.png,NORM,HELM,NONE,NONE
EH5_Siemens012/jai_0000264_1196_1287.png,NORM,NONE,NONE,"BAST, HOJO, RETI"
CDB_Sample030/jai_0000185_1383_1390.png,MICR,NONE,NONE,NONE
EH5_Siemens029/jai_0000133_587_68.png,NORM,NONE,NONE,NONE
CDB_Sample189/jai_0000249_344_76.png,NORM,NONE,NONE,PABO
CDB_Sample030/jai_0000142_904_72.png,MICR,SPHE,NONE,NONE
CDB_Sample189/jai_0000291_688_1429.png,NORM,SICK,NONE,NONE
EH5_Siemens029/jai_0000048_1676_1442.png,NORM,NONE,STOM,NONE
EH5_Siemens012/jai_0000174_360_339.png,NORM,BITE,NONE,NONE
EH5_Siemens029/jai_0000184_1080_190.png,NORM,NONE,NONE,NONE
EH5_Siemens012/jai_0000147_351_479.png,NORM,OVAL,HYPO,NONE
CDB_Sample030/jai_0000233_138_95.png,NORM,NONE,NONE,BAST
EH5_Siemens029/jai_0000568_1760_740.png,NORM,TEAR,NONE,NONE
EH5_Siemens012/jai_0001268_1072_216.png,MICR,OVAL,NONE,"HOJO, RETI"
EH5_Siemens012/jai_0000182_227_975.png,MICR,NONE,NONE,"BAST, RETI"
EH5_Siemens003/jai_0000920_840_877.png,NORM,NONE,NONE,NONE
CDB_Sample125/jai_0000055_1917_68.png,NORM,NONE,NONE,MALA
EH5_Siemens012/jai_0000044_371_1384.png,NORM,OVAL,HYPR,BAST
CDB_Sample189/jai_0000038_751_204.png,NORM,NONE,NONE,"HOJO, RETI"
EH5_Siemens029/jai_0000569_1572_1112.png,NORM,NONE,NONE,NONE
EH5_Siemens003/jai_0000980_1057_1437.png,NORM,NONE,NONE,NONE
CDB_Sample012/jai_0000031_1121_313.png,NORM,NONE,NONE,NONE
EH5_Siemens083/jai_0000309_1889_334.png,NORM,OVAL,NONE,NONE
EH5_Siemens012/jai_0000019_956_1247.png,NORM,NONE,NONE,"BAST, RETI"
EH5_Siemens083/jai_0000184_267_774.png,MICR,NONE,NONE,NONE
CDB_Sample189/jai_0000375_121_1017.png,NORM,NONE,NONE,NONE
EH5_Siemens014/jai_0000149_60_1407.png,NORM,NONE,HYPO,NONE
EH5_Siemens008/jai_0001437_1110_227.png,NORM,BITE,NONE,NONE
EH5_Siemens029/jai_0000695_621_1270.png,MACR,NONE,NONE,NONE
EH5_Siemens029/jai_0000225_689_163.png,NORM,NONE,NONE,NONE
CDB_Sample012/jai_0000031_887_619.png,NORM,TEAR,NONE,NONE
CDB_Sample189/jai_0000251_1641_493.png,NORM,NONE,NONE,HOJO
EH5_Siemens037/jai_0000611_1140_119.png,NORM,NONE,NONE,NONE
CDB_Sample030/jai_0000272_730_812.png,NORM,OVAL,NONE,NONE
EH5_Siemens083/jai_0001472_1302_371.png,MICR,OVAL,NONE,NONE
CDB_Sample012/jai_0000111_293_777.png,NORM,NONE,NONE,NONE
EH5_Siemens039/jai_0000089_1426_577.png,MICR,SCHI,NONE,NONE
EH5_Siemens012/jai_0001353_1286_1185.png,NORM,HELM,NONE,"BAST, HOJO"
EH5_Siemens012/jai_0001268_1072_216.png,MICR,OVAL,NONE,"HOJO, RETI"
CDB_Sample189/jai_0000034_819_226.png,NORM,NONE,NONE,PABO
EH5_Siemens008/jai_0000449_90_1197.png,NORM,NONE,STOM,NONE
CDB_Sample125/jai_0000094_465_516.png,NORM,NONE,NONE,MALA
EH5_Siemens012/jai_0000043_86_1253.png,NORM,NONE,NONE,BAST
CDB_Sample030/jai_0000273_1255_304.png,NORM,NONE,NONE,NONE
CDB_Sample189/jai_0000337_1873_779.png,NORM,NONE,NONE,PABO
CDB_Sample012/jai_0000031_864_1193.png,MICR,NONE,NONE,NONE
EH5_Siemens012/jai_0000836_207_898.png,NORM,NONE,NONE,NRBC
EH5_Siemens083/jai_0000017_1934_776.png,NORM,OVAL,NONE,NONE
EH5_Siemens013/jai_0000072_1744_1188.png,NORM,NONE,NONE,NONE
EH5_Siemens045/jai_0000136_1434_106.png,MICR,SCHI,NONE,NONE
EH5_Siemens012/jai_0001353_1286_1185.png,NORM,HELM,NONE,"BAST, HOJO"
EH5_Siemens045/jai_0000007_1492_302.png,MICR,SCHI,NONE,NONE
EH5_Siemens029/jai_0000569_1794_816.png,MICR,SPHE,NONE,NONE
EH5_Siemens029/jai_0000439_1580_229.png,NORM,NONE,NONE,NONE
EH5_Siemens029/jai_0000052_806_376.png,NORM,NONE,NONE,NONE
CDB_Sample030/jai_0000017_529_965.png,NORM,OVAL,HYPO,NONE
CDB_Sample189/jai_0000038_751_204.png,NORM,NONE,NONE,"HOJO, RETI"
EH5_Siemens012/jai_0000951_513_920.png,NORM,NONE,NONE,"BAST, HOJO, RETI"
CDB_Sample125/jai_0000096_1187_120.png,NORM,NONE,NONE,NONE
EH5_Siemens003/jai_0000265_573_1385.png,NORM,NONE,NONE,HOJO
EH5_Siemens029/jai_0000133_950_1196.png,NORM,NONE,NONE,NONE
CDB_Sample030/jai_0000234_465_1038.png,NORM,OVAL,NONE,NONE
CDB_Sample189/jai_0000035_971_272.png,NORM,NONE,TARG,NONE
EH5_Siemens012/jai_0001261_1435_477.png,NORM,NONE,NONE,"BAST, RETI"
EH5_Siemens012/jai_0000264_1196_1287.png,NORM,NONE,NONE,"BAST, HOJO, RETI"
EH5_Siemens029/jai_0000822_1806_457.png,NORM,NONE,NONE,RETI
CDB_Sample189/jai_0000381_192_214.png,NORM,SICK,NONE,NONE
CDB_Sample125/jai_0000182_1681_510.png,NORM,NONE,NONE,NONE
EH5_Siemens012/jai_0000046_321_800.png,NORM,NONE,NONE,NRBC
CDB_Sample030/jai_0000231_1291_360.png,MICR,SPHE,NONE,NONE
CDB_Sample012/jai_0000070_201_955.png,NORM,NONE,NONE,NONE
CDB_Sample030/jai_0000229_1491_62.png,NORM,NONE,HYPR,NONE
EH5_Siemens083/jai_0000356_1313_1303.png,NORM,TEAR,NONE,NONE
CDB_Sample030/jai_0000234_243_674.png,NORM,OVAL,NONE,NONE
EH5_Siemens008/jai_0000287_963_1224.png,NORM,NONE,NONE,NONE
CDB_Sample012/jai_0000026_535_886.png,MICR,NONE,NONE,NONE
EH5_Siemens012/jai_0001268_1072_216.png,MICR,OVAL,NONE,"HOJO, RETI"
EH5_Siemens083/jai_0001472_543_113.png,MACR,NONE,NONE,BAST
EH5_Siemens012/jai_0001353_1286_1185.png,NORM,HELM,NONE,"BAST, HOJO"
EH5_Siemens003/jai_0000050_1559_475.png,NORM,NONE,TARG,NONE
EH5_Siemens012/jai_0000318_485_1014.png,NORM,NONE,HYPO,NONE
EH5_Siemens008/jai_0000024_91_1437.png,NORM,NONE,HYPO,NONE
EH5_Siemens029/jai_0000568_143_356.png,NORM,NONE,NONE,NONE
EH5_Siemens008/jai_0000024_1634_1399.png,NORM,NONE,NONE,NONE
EH5_Siemens041/jai_0000146_505_974.png,NORM,BITE,NONE,NONE
EH5_Siemens037/jai_0000399_843_1086.png,NORM,NONE,HYPO,NONE
EH5_Siemens012/jai_0001268_1072_216.png,MICR,OVAL,NONE,"HOJO, RETI"
EH5_Siemens029/jai_0000871_945_634.png,NORM,NONE,HYPO,NONE
EH5_Siemens014/jai_0000192_1233_1364.png,NORM,HELM,NONE,NONE
CDB_Sample189/jai_0000034_567_1093.png,NORM,SICK,NONE,NONE
CDB_Sample012/jai_0000197_1408_958.png,NORM,NONE,NONE,NONE
EH5_Siemens083/jai_0000184_674_614.png,MACR,NONE,TARG,NONE
EH5_Siemens008/jai_0000621_1129_64.png,NORM,NONE,NONE,NONE
CDB_Sample189/jai_0000372_1529_608.png,NORM,NONE,STOM,NONE
EH5_Siemens045/jai_0000184_1650_237.png,NORM,BITE,NONE,NONE
EH5_Siemens045/jai_0000184_1710_203.png,NORM,HELM,NONE,NONE
EH5_Siemens012/jai_0001353_1286_1185.png,NORM,HELM,NONE,"BAST, HOJO"
EH5_Siemens003/jai_0000976_1682_1214.png,MICR,NONE,NONE,NONE
EH5_Siemens013/jai_0000803_1222_1352.png,NORM,NONE,NONE,NONE
EH5_Siemens083/jai_0000013_248_918.png,MICR,NONE,NONE,NONE
EH5_Siemens029/jai_0000655_412_589.png,NORM,NONE,NONE,NONE
EH5_Siemens012/jai_0000182_530_1077.png,NORM,NONE,NONE,NRBC
EH5_Siemens008/jai_0000150_1041_494.png,NORM,NONE,HYPR,NONE
CDB_Sample189/jai_0000119_855_489.png,NORM,NONE,NONE,PABO
EH5_Siemens012/jai_0000951_513_920.png,NORM,NONE,NONE,"BAST, HOJO, RETI"
CDB_Sample030/jai_0000102_1102_1192.png,NORM,OVAL,NONE,NONE
EH5_Siemens012/jai_0000836_207_898.png,NORM,NONE,NONE,NRBC
CDB_Sample125/jai_0000059_1154_945.png,NORM,ECHI,NONE,MALA
EH5_Siemens012/jai_0000951_513_920.png,NORM,NONE,NONE,"BAST, HOJO, RETI"
EH5_Siemens012/jai_0001261_1830_454.png,MICR,NONE,NONE,BAST
EH5_Siemens045/jai_0000186_946_1194.png,MICR,SCHI,NONE,NONE
CDB_Sample189/jai_0000380_435_1094.png,NORM,NONE,NONE,HOJO
EH5_Siemens012/jai_0001268_1072_216.png,MICR,OVAL,NONE,"HOJO, RETI"
CDB_Sample156/jai_0000564_861_1454.png,NORM,TEAR,NONE,NONE
EH5_Siemens041/jai_0000188_1717_604.png,NORM,BITE,NONE,NONE
EH5_Siemens012/jai_0000136_1221_878.png,NORM,ECHI,NONE,NONE
EH5_Siemens012/jai_0001006_631_444.png,NORM,NONE,TARG,BAST
CDB_Sample012/jai_0000106_260_1026.png,NORM,NONE,NONE,RETI
EH5_Siemens041/jai_0000231_872_1284.png,MICR,SCHI,NONE,NONE
CDB_Sample156/jai_0000651_1360_355.png,NORM,ECHI,NONE,NONE
CDB_Sample030/jai_0000062_1483_47.png,NORM,NONE,HYPO,NONE
EH5_Siemens013/jai_0000071_1843_453.png,NORM,NONE,NONE,NONE
EH5_Siemens012/jai_0000264_1196_1287.png,NORM,NONE,NONE,"BAST, HOJO, RETI"
CDB_Sample125/jai_0000181_328_451.png,NORM,ECHI,NONE,NONE
CDB_Sample125/jai_0000273_87_412.png,NORM,ECHI,NONE,NONE
CDB_Sample030/jai_0000141_770_92.png,NORM,OVAL,NONE,NONE
CDB_Sample030/jai_0000233_923_637.png,NORM,NONE,NONE,NONE
CDB_Sample125/jai_0000352_1397_719.png,NORM,NONE,NONE,NONE
EH5_Siemens008/jai_0001394_31_356.png,NORM,NONE,NONE,NONE
EH5_Siemens012/jai_0000277_227_1095.png,NORM,NONE,NONE,NONE
EH5_Siemens012/jai_0000836_207_898.png,NORM,NONE,NONE,NRBC
EH5_Siemens029/jai_0000569_1782_890.png,NORM,NONE,NONE,NONE
CDB_Sample125/jai_0000351_91_446.png,NORM,NONE,NONE,MALA
EH5_Siemens029/jai_0000569_51_161.png,MICR,NONE,NONE,NONE
CDB_Sample030/jai_0000103_405_119.png,NORM,ELLI,NONE,NONE
EH5_Siemens008/jai_0000287_590_204.png,NORM,NONE,NONE,NONE
CDB_Sample189/jai_0000035_1175_773.png,NORM,NONE,NONE,PABO
CDB_Sample012/jai_0000116_1509_39.png,NORM,NONE,NONE,NONE
EH5_Siemens012/jai_0000057_1559_276.png,NORM,NONE,NONE,NONE
CDB_Sample030/jai_0000020_1967_986.png,NORM,NONE,NONE,BAST
EH5_Siemens012/jai_0000046_321_800.png,NORM,NONE,NONE,NRBC
EH5_Siemens083/jai_0000182_1252_949.png,NORM,HELM,NONE,NONE
EH5_Siemens012/jai_0000836_207_898.png,NORM,NONE,NONE,NRBC
EH5_Siemens029/jai_0000695_100_677.png,NORM,NONE,NONE,NONE
CDB_Sample030/jai_0000011_1829_979.png,MICR,NONE,NONE,NONE
EH5_Siemens083/jai_0000064_1558_1275.png,MICR,SCHI,NONE,NONE
EH5_Siemens012/jai_0000655_732_889.png,MICR,NONE,NONE,"BAST, RETI"
EH5_Siemens008/jai_0001350_659_768.png,NORM,NONE,NONE,NONE
EH5_Siemens029/jai_0000395_80_1194.png,NORM,NONE,HYPO,NONE
EH5_Siemens013/jai_0001060_1212_672.png,NORM,OVAL,NONE,NONE
CDB_Sample189/jai_0000288_764_1222.png,NORM,NONE,HYPO,NONE
EH5_Siemens083/jai_0000356_1791_531.png,NORM,NONE,HYPR,NONE
CDB_Sample030/jai_0000275_825_128.png,NORM,NONE,NONE,NONE
EH5_Siemens013/jai_0000544_1724_1145.png,NORM,TEAR,NONE,NONE
CDB_Sample189/jai_0000034_819_226.png,NORM,NONE,NONE,PABO
CDB_Sample156/jai_0000181_1079_1161.png,NORM,ECHI,NONE,NONE
EH5_Siemens012/jai_0001437_654_1314.png,NORM,OVAL,NONE,"BAST, HOJO"
CDB_Sample030/jai_0000148_209_218.png,NORM,ELLI,NONE,NONE
CDB_Sample012/jai_0000114_1235_276.png,NORM,NONE,NONE,NONE
EH5_Siemens012/jai_0000059_1789_295.png,NORM,NONE,NONE,NRBC
EH5_Siemens037/jai_0000611_1931_626.png,MACR,NONE,NONE,NONE
EH5_Siemens012/jai_0000951_513_920.png,NORM,NONE,NONE,"BAST, HOJO, RETI"
EH5_Siemens037/jai_0000356_808_756.png,NORM,NONE,TARG,NONE
EH5_Siemens029/jai_0000225_867_172.png,NORM,NONE,NONE,NONE
EH5_Siemens029/jai_0000822_45_34.png,NORM,NONE,NONE,NONE
CDB_Sample156/jai_0000352_712_31.png,NORM,ECHI,NONE,NONE
CDB_Sample189/jai_0000038_751_204.png,NORM,NONE,NONE,"HOJO, RETI"
CDB_Sample030/jai_0000139_1958_399.png,NORM,NONE,NONE,RETI
EH5_Siemens012/jai_0001353_1286_1185.png,NORM,HELM,NONE,"BAST, HOJO"
EH5_Siemens012/jai_0000063_467_739.png,NORM,NONE,HYPO,NONE
EH5_Siemens029/jai_0000184_1166_100.png,MACR,NONE,NONE,NONE
EH5_Siemens012/jai_0001268_1072_216.png,MICR,OVAL,NONE,"HOJO, RETI"
CDB_Sample189/jai_0000377_482_81.png,NORM,NONE,NONE,HOJO
CDB_Sample189/jai_0000288_246_375.png,NORM,NONE,NONE,PABO
EH5_Siemens037/jai_0000527_1080_254.png,NORM,NONE,NONE,NONE
CDB_Sample012/jai_0000199_1819_155.png,NORM,NONE,NONE,NONE
EH5_Siemens012/jai_0001268_1072_216.png,MICR,OVAL,NONE,"HOJO, RETI"
EH5_Siemens029/jai_0000439_1112_775.png,NORM,NONE,NONE,NONE
CDB_Sample030/jai_0000231_1325_532.png,NORM,OVAL,NONE,NONE
EH5_Siemens041/jai_0000359_343_1282.png,NORM,HELM,NONE,NONE
EH5_Siemens083/jai_0000017_1502_1318.png,NORM,NONE,HYPO,NONE
EH5_Siemens012/jai_0000951_513_920.png,NORM,NONE,NONE,"BAST, HOJO, RETI"
EH5_Siemens045/jai_0000094_1863_746.png,MICR,SCHI,NONE,NONE
EH5_Siemens029/jai_0000655_1320_593.png,MICR,NONE,NONE,NONE
EH5_Siemens012/jai_0000063_712_727.png,MICR,NONE,NONE,NONE
CDB_Sample189/jai_0000340_795_320.png,NORM,NONE,NONE,RETI
EH5_Siemens012/jai_0001353_1286_1185.png,NORM,HELM,NONE,"BAST, HOJO"
EH5_Siemens029/jai_0000396_1754_92.png,NORM,NONE,HYPO,NONE
EH5_Siemens029/jai_0000052_1409_431.png,NORM,TEAR,NONE,NONE
EH5_Siemens008/jai_0000022_88_804.png,NORM,NONE,NONE,NONE
CDB_Sample189/jai_0000211_1087_306.png,MICR,NONE,NONE,NONE
EH5_Siemens012/jai_0000139_553_664.png,NORM,NONE,HYPO,"BAST, RETI"
CDB_Sample189/jai_0000293_368_1339.png,NORM,SICK,NONE,NONE
CDB_Sample125/jai_0000225_1841_278.png,MICR,NONE,NONE,NONE
EH5_Siemens012/jai_0000264_1196_1287.png,NORM,NONE,NONE,"BAST, HOJO, RETI"
EH5_Siemens012/jai_0000836_207_898.png,NORM,NONE,NONE,NRBC
CDB_Sample156/jai_0000392_299_375.png,NORM,NONE,NONE,NONE
EH5_Siemens008/jai_0000277_232_885.png,NORM,NONE,HYPO,NONE
CDB_Sample012/jai_0000030_395_257.png,NORM,NONE,NONE,NONE
CDB_Sample189/jai_0000249_180_1125.png,NORM,NONE,NONE,NONE
CDB_Sample189/jai_0000374_866_1279.png,NORM,NONE,NONE,HOJO
CDB_Sample030/jai_0000140_926_512.png,NORM,ELLI,NONE,NONE
CDB_Sample156/jai_0000180_1396_504.png,NORM,ECHI,NONE,NONE
EH5_Siemens012/jai_0000059_1789_295.png,NORM,NONE,NONE,NRBC
CDB_Sample030/jai_0000103_861_1171.png,NORM,OVAL,NONE,NONE
EH5_Siemens012/jai_0001560_80_785.png,NORM,NONE,HYPR,RETI
CDB_Sample030/jai_0000277_1801_1374.png,NORM,NONE,NONE,NONE
EH5_Siemens045/jai_0000010_736_161.png,MICR,SCHI,NONE,NONE
EH5_Siemens012/jai_0000951_513_920.png,NORM,NONE,NONE,"BAST, HOJO, RETI"
CDB_Sample030/jai_0000015_50_1161.png,NORM,NONE,NONE,NONE
CDB_Sample030/jai_0000140_1689_1150.png,NORM,TEAR,NONE,NONE
EH5_Siemens012/jai_0000951_513_920.png,NORM,NONE,NONE,"BAST, HOJO, RETI"
EH5_Siemens029/jai_0000871_1480_1238.png,NORM,NONE,NONE,NONE
EH5_Siemens012/jai_0000019_1366_855.png,NORM,NONE,TARG,NONE
EH5_Siemens083/jai_0001430_1583_232.png,NORM,NONE,HYPO,NONE
EH5_Siemens037/jai_0000482_1280_858.png,NORM,ACAN,NONE,NONE
CDB_Sample012/jai_0000031_530_664.png,NORM,NONE,STOM,NONE
EH5_Siemens013/jai_0000798_460_1096.png,NORM,NONE,NONE,NONE
EH5_Siemens012/jai_0000147_1776_1101.png,MICR,NONE,NONE,"BAST, RETI"
EH5_Siemens041/jai_0000188_1717_604.png,NORM,BITE,NONE,NONE
EH5_Siemens012/jai_0000019_747_711.png,NORM,NONE,TARG,NONE
EH5_Siemens037/jai_0000092_325_638.png,MACR,NONE,HYPR,NONE
CDB_Sample189/jai_0000376_841_107.png,NORM,NONE,NONE,HOJO
EH5_Siemens012/jai_0001437_654_1314.png,NORM,OVAL,NONE,"BAST, HOJO"
CDB_Sample189/jai_0000380_331_721.png,NORM,NONE,STOM,NONE
CDB_Sample189/jai_0000038_751_204.png,NORM,NONE,NONE,"HOJO, RETI"
EH5_Siemens012/jai_0001006_631_444.png,NORM,NONE,TARG,BAST
CDB_Sample030/jai_0000147_1893_156.png,NORM,NONE,NONE,NONE
EH5_Siemens041/jai_0000188_1717_604.png,NORM,BITE,NONE,NONE
EH5_Siemens013/jai_0001067_681_387.png,MICR,NONE,NONE,NONE
EH5_Siemens012/jai_0000264_1196_1287.png,NORM,NONE,NONE,"BAST, HOJO, RETI"
EH5_Siemens012/jai_0000063_1819_1220.png,NORM,NONE,NONE,NONE
EH5_Siemens029/jai_0000133_755_559.png,NORM,NONE,NONE,RETI
CDB_Sample012/jai_0000114_1339_531.png,NORM,NONE,HYPO,NONE
EH5_Siemens029/jai_0000479_779_199.png,NORM,NONE,NONE,NONE
EH5_Siemens012/jai_0001512_564_319.png,NORM,NONE,TARG,BAST
EH5_Siemens029/jai_0000052_328_1409.png,NORM,NONE,NONE,NONE
CDB_Sample012/jai_0000153_1210_1084.png,NORM,NONE,STOM,NONE
EH5_Siemens003/jai_0000242_807_885.png,NORM,NONE,HYPR,NONE
CDB_Sample156/jai_0000520_835_617.png,NORM,ECHI,NONE,NONE
EH5_Siemens012/jai_0000174_583_699.png,NORM,NONE,TARG,NONE
EH5_Siemens012/jai_0001268_1072_216.png,MICR,OVAL,NONE,"HOJO, RETI"
EH5_Siemens013/jai_0000417_1132_400.png,NORM,TEAR,NONE,NONE
CDB_Sample125/jai_0000274_594_766.png,NORM,NONE,NONE,MALA
EH5_Siemens083/jai_0000183_1646_960.png,NORM,NONE,NONE,"BAST, RETI"
CDB_Sample156/jai_0000352_533_1042.png,NORM,ECHI,NONE,NONE
EH5_Siemens013/jai_0000969_1167_769.png,MICR,NONE,NONE,NONE
CDB_Sample030/jai_0000011_706_445.png,MICR,NONE,NONE,NONE
CDB_Sample012/jai_0000153_1098_34.png,NORM,NONE,NONE,NONE
CDB_Sample030/jai_0000148_233_708.png,NORM,TEAR,NONE,NONE
CDB_Sample189/jai_0000377_482_81.png,NORM,NONE,NONE,HOJO
EH5_Siemens008/jai_0001392_963_1359.png,NORM,ELLI,NONE,NONE
CDB_Sample189/jai_0000121_1610_560.png,NORM,NONE,NONE,PABO
CDB_Sample189/jai_0000035_1565_1109.png,NORM,SICK,NONE,NONE
CDB_Sample189/jai_0000033_988_601.png,NORM,NONE,NONE,PABO
CDB_Sample125/jai_0000314_127_1020.png,NORM,NONE,NONE,RETI
EH5_Siemens012/jai_0000951_513_920.png,NORM,NONE,NONE,"BAST, HOJO, RETI"
EH5_Siemens012/jai_0001268_1072_216.png,MICR,OVAL,NONE,"HOJO, RETI"
EH5_Siemens083/jai_0000058_1363_1169.png,NORM,NONE,HYPO,NONE
EH5_Siemens083/jai_0001472_543_113.png,MACR,NONE,NONE,BAST
EH5_Siemens012/jai_0001437_654_1314.png,NORM,OVAL,NONE,"BAST, HOJO"
CDB_Sample012/jai_0000068_1303_766.png,NORM,NONE,NONE,NONE
CDB_Sample189/jai_0000121_22_625.png,NORM,SICK,NONE,RETI
CDB_Sample012/jai_0000029_870_565.png,NORM,NONE,NONE,NONE
EH5_Siemens012/jai_0000057_1569_1060.png,NORM,NONE,NONE,NRBC
EH5_Siemens041/jai_0000146_931_522.png,NORM,HELM,NONE,NONE
EH5_Siemens008/jai_0001480_757_1325.png,NORM,OVAL,NONE,NONE
EH5_Siemens037/jai_0000657_580_312.png,NORM,NONE,NONE,NONE
EH5_Siemens003/jai_0000947_909_619.png,MICR,NONE,NONE,NONE
EH5_Siemens012/jai_0000182_898_636.png,NORM,NONE,HYPO,NONE
CDB_Sample125/jai_0000269_352_241.png,NORM,NONE,NONE,MALA
CDB_Sample030/jai_0000100_1118_1212.png,NORM,TEAR,NONE,NONE
EH5_Siemens003/jai_0000096_1514_494.png,NORM,NONE,NONE,HOJO
EH5_Siemens013/jai_0001155_524_1424.png,NORM,NONE,HYPR,NONE
CDB_Sample125/jai_0000275_37_872.png,NORM,ECHI,NONE,NONE
CDB_Sample030/jai_0000143_75_1123.png,NORM,NONE,NONE,NONE
EH5_Siemens012/jai_0000046_1305_487.png,NORM,NONE,NONE,RETI
EH5_Siemens013/jai_0000074_705_343.png,NORM,TEAR,NONE,NONE
CDB_Sample125/jai_0000317_1651_1193.png,NORM,ECHI,NONE,MALA
EH5_Siemens037/jai_0000135_1551_617.png,NORM,NONE,NONE,NONE
EH5_Siemens029/jai_0000396_94_244.png,NORM,NONE,NONE,NONE
EH5_Siemens013/jai_0000803_806_595.png,NORM,NONE,NONE,RETI
EH5_Siemens003/jai_0000976_1006_496.png,NORM,NONE,NONE,NONE
EH5_Siemens083/jai_0000401_256_63.png,NORM,NONE,NONE,NONE
EH5_Siemens037/jai_0000481_756_1224.png,NORM,ECHI,NONE,NONE
EH5_Siemens045/jai_0000010_1757_404.png,MICR,SCHI,NONE,NONE
CDB_Sample012/jai_0000112_1308_361.png,NORM,NONE,NONE,RETI
EH5_Siemens008/jai_0001141_405_676.png,MICR,SPHE,NONE,NONE
CDB_Sample012/jai_0000106_260_1026.png,NORM,NONE,NONE,RETI
EH5_Siemens045/jai_0000006_551_320.png,NORM,HELM,NONE,NONE
EH5_Siemens012/jai_0000019_551_1152.png,NORM,NONE,HYPR,NONE
CDB_Sample189/jai_0000038_751_204.png,NORM,NONE,NONE,"HOJO, RETI"
EH5_Siemens029/jai_0000133_579_1332.png,MACR,NONE,HYPR,NONE
CDB_Sample125/jai_0000316_201_85.png,NORM,NONE,NONE,MALA
EH5_Siemens029/jai_0000310_591_1418.png,NORM,NONE,HYPR,NONE
EH5_Siemens012/jai_0000147_972_832.png,MICR,NONE,NONE,BAST
CDB_Sample189/jai_0000160_1276_596.png,NORM,NONE,NONE,RETI
CDB_Sample189/jai_0000337_1873_779.png,NORM,NONE,NONE,PABO
EH5_Siemens083/jai_0000013_1758_949.png,NORM,NONE,HYPO,NONE
CDB_Sample156/jai_0000308_173_1410.png,NORM,ECHI,NONE,NONE
EH5_Siemens008/jai_0000583_569_623.png,NORM,NONE,NONE,NONE
EH5_Siemens012/jai_0000264_1196_1287.png,NORM,NONE,NONE,"BAST, HOJO, RETI"
EH5_Siemens029/jai_0000395_199_1104.png,NORM,NONE,NONE,NONE
EH5_Siemens037/jai_0000657_1839_274.png,NORM,ACAN,NONE,NONE
EH5_Siemens012/jai_0001173_1495_196.png,MICR,NONE,NONE,BAST
CDB_Sample012/jai_0000068_1897_453.png,NORM,NONE,NONE,NONE
EH5_Siemens037/jai_0000613_928_848.png,NORM,ECHI,NONE,NONE
CDB_Sample125/jai_0000269_192_527.png,NORM,NONE,NONE,MALA
CDB_Sample156/jai_0000566_1528_704.png,NORM,ECHI,NONE,NONE
CDB_Sample156/jai_0000137_856_598.png,NORM,NONE,NONE,NONE
EH5_Siemens083/jai_0000356_1686_561.png,MICR,NONE,NONE,BAST
EH5_Siemens012/jai_0000044_1513_58.png,MICR,SCHI,NONE,NONE
CDB_Sample189/jai_0000161_1693_682.png,NORM,NONE,NONE,NONE
EH5_Siemens029/jai_0000133_1284_1025.png,MICR,NONE,NONE,NONE
EH5_Siemens012/jai_0001268_1072_216.png,MICR,OVAL,NONE,"HOJO, RETI"
EH5_Siemens029/jai_0000828_195_478.png,NORM,NONE,NONE,BAST
CDB_Sample012/jai_0000148_1969_113.png,NORM,NONE,NONE,NONE
CDB_Sample125/jai_0000351_55_1063.png,NORM,NONE,NONE,MALA
EH5_Siemens013/jai_0000327_1078_825.png,NORM,NONE,NONE,NONE
EH5_Siemens012/jai_0000179_921_876.png,NORM,NONE,NONE,NRBC
EH5_Siemens012/jai_0001437_654_1314.png,NORM,OVAL,NONE,"BAST, HOJO"
EH5_Siemens012/jai_0001512_564_319.png,NORM,NONE,TARG,BAST
EH5_Siemens012/jai_0000179_921_876.png,NORM,NONE,NONE,NRBC
EH5_Siemens037/jai_0000358_1912_348.png,NORM,NONE,TARG,NONE
CDB_Sample189/jai_0000117_497_104.png,NORM,NONE,NONE,PABO
EH5_Siemens012/jai_0000043_328_1208.png,NORM,NONE,TARG,NONE
EH5_Siemens029/jai_0000440_480_1412.png,NORM,NONE,HYPR,NONE
EH5_Siemens008/jai_0001437_1981_835.png,MICR,SCHI,NONE,NONE
EH5_Siemens013/jai_0000417_559_217.png,NORM,NONE,NONE,NONE
EH5_Siemens012/jai_0000019_898_111.png,MACR,OVAL,HYPO,NONE
EH5_Siemens037/jai_0000092_1826_131.png,NORM,NONE,NONE,HOJO
CDB_Sample125/jai_0000272_1576_187.png,NORM,ECHI,NONE,NONE
EH5_Siemens083/jai_0000060_644_127.png,NORM,OVAL,NONE,NONE
CDB_Sample156/jai_0000308_482_911.png,NORM,NONE,NONE,NONE
CDB_Sample125/jai_0000182_682_647.png,NORM,NONE,NONE,NONE
CDB_Sample125/jai_0000351_55_1063.png,NORM,NONE,NONE,MALA
EH5_Siemens008/jai_0000622_1273_503.png,NORM,NONE,NONE,NONE
EH5_Siemens037/jai_0000142_670_440.png,NORM,NONE,TARG,NONE
CDB_Sample125/jai_0000052_988_355.png,NORM,NONE,NONE,NONE
EH5_Siemens012/jai_0001437_654_1314.png,NORM,OVAL,NONE,"BAST, HOJO"
CDB_Sample125/jai_0000350_1882_884.png,NORM,NONE,HYPO,NONE
CDB_Sample030/jai_0000145_934_1163.png,MICR,NONE,NONE,NONE
CDB_Sample189/jai_0000373_1853_1117.png,NORM,NONE,NONE,PABO
EH5_Siemens013/jai_0000414_1218_759.png,NORM,NONE,NONE,NONE
CDB_Sample189/jai_0000034_75_159.png,NORM,SICK,NONE,NONE
EH5_Siemens029/jai_0000871_1871_344.png,MICR,SPHE,NONE,NONE
EH5_Siemens029/jai_0000873_734_704.png,MICR,NONE,HYPO,NONE
CDB_Sample189/jai_0000038_751_204.png,NORM,NONE,NONE,"HOJO, RETI"
EH5_Siemens012/jai_0000182_433_1291.png,NORM,NONE,NONE,NONE
EH5_Siemens029/jai_0000133_931_564.png,NORM,NONE,NONE,NONE
EH5_Siemens083/jai_0000182_1197_541.png,NORM,NONE,STOM,NONE
EH5_Siemens012/jai_0000951_513_920.png,NORM,NONE,NONE,"BAST, HOJO, RETI"
EH5_Siemens012/jai_0001609_1591_1011.png,NORM,NONE,HYPO,NONE
EH5_Siemens029/jai_0000653_595_828.png,NORM,NONE,HYPO,NONE
EH5_Siemens029/jai_0000822_1588_488.png,MICR,SPHE,NONE,NONE
EH5_Siemens012/jai_0000057_1569_1060.png,NORM,NONE,NONE,NRBC
CDB_Sample030/jai_0000277_525_747.png,NORM,NONE,HYPR,NONE
EH5_Siemens012/jai_0000951_513_920.png,NORM,NONE,NONE,"BAST, HOJO, RETI"
EH5_Siemens029/jai_0000310_467_184.png,NORM,NONE,NONE,NONE
EH5_Siemens012/jai_0000174_308_68.png,NORM,NONE,HYPO,NONE
CDB_Sample012/jai_0000112_1462_159.png,MICR,NONE,NONE,NONE
CDB_Sample030/jai_0000142_983_944.png,NORM,NONE,NONE,NONE
CDB_Sample126/jai_0000104_804_44.png,NORM,NONE,NONE,NONE
CDB_Sample125/jai_0000274_594_766.png,NORM,NONE,NONE,MALA
CDB_Sample189/jai_0000114_1787_644.png,NORM,OVAL,HYPO,PABO
EH5_Siemens003/jai_0000224_429_331.png,NORM,NONE,NONE,HOJO
CDB_Sample156/jai_0000179_424_1093.png,NORM,ECHI,NONE,NONE
EH5_Siemens029/jai_0000479_1116_1028.png,NORM,NONE,NONE,RETI
EH5_Siemens008/jai_0000621_1339_1332.png,NORM,NONE,NONE,NONE
EH5_Siemens008/jai_0000150_1314_232.png,MICR,NONE,NONE,NONE
EH5_Siemens083/jai_0000183_1955_593.png,NORM,NONE,NONE,NONE
EH5_Siemens012/jai_0001268_1072_216.png,MICR,OVAL,NONE,"HOJO, RETI"
EH5_Siemens037/jai_0000657_105_655.png,NORM,NONE,HYPO,NONE
EH5_Siemens012/jai_0000139_490_1333.png,NORM,NONE,NONE,"BAST, RETI"
CDB_Sample156/jai_0000179_1451_1415.png,NORM,ACAN,NONE,NONE
EH5_Siemens012/jai_0000318_118_730.png,NORM,NONE,NONE,NRBC
EH5_Siemens013/jai_0000889_178_1279.png,NORM,NONE,NONE,"BAST, RETI"
EH5_Siemens037/jai_0000613_811_1196.png,NORM,NONE,NONE,RETI
CDB_Sample012/jai_0000063_28_1163.png,NORM,NONE,NONE,NONE
CDB_Sample125/jai_0000263_991_312.png,NORM,ACAN,NONE,NONE
CDB_Sample030/jai_0000186_647_1430.png,NORM,ELLI,NONE,NONE
EH5_Siemens045/jai_0000094_1863_746.png,MICR,SCHI,NONE,NONE
CDB_Sample189/jai_0000116_469_810.png,NORM,SICK,NONE,NONE
EH5_Siemens029/jai_0000871_66_321.png,NORM,NONE,NONE,NONE
EH5_Siemens013/jai_0001060_581_1250.png,NORM,NONE,NONE,NONE
EH5_Siemens012/jai_0000059_1828_936.png,NORM,NONE,TARG,NONE
CDB_Sample030/jai_0000148_1058_620.png,NORM,NONE,NONE,NONE
EH5_Siemens012/jai_0000139_553_664.png,NORM,NONE,HYPO,"BAST, RETI"
EH5_Siemens012/jai_0001512_779_1122.png,NORM,NONE,NONE,NRBC
EH5_Siemens037/jai_0000313_1934_362.png,NORM,OVAL,NONE,NONE
EH5_Siemens012/jai_0001353_1286_1185.png,NORM,HELM,NONE,"BAST, HOJO"
EH5_Siemens029/jai_0000695_98_287.png,NORM,NONE,NONE,NONE
EH5_Siemens029/jai_0000310_78_904.png,NORM,NONE,NONE,NONE
EH5_Siemens012/jai_0000182_642_1253.png,NORM,NONE,NONE,"BAST, RETI"
EH5_Siemens029/jai_0000353_1061_468.png,MACR,OVAL,HYPR,NONE
EH5_Siemens037/jai_0000653_53_1198.png,MACR,NONE,NONE,NONE
EH5_Siemens037/jai_0000358_719_416.png,NORM,NONE,NONE,NONE
EH5_Siemens083/jai_0001472_971_752.png,NORM,NONE,NONE,NONE
CDB_Sample030/jai_0000018_1385_764.png,MICR,NONE,NONE,NONE
EH5_Siemens029/jai_0000052_1160_719.png,MICR,SPHE,NONE,NONE
EH5_Siemens029/jai_0000052_891_1325.png,NORM,OVAL,NONE,NONE
EH5_Siemens008/jai_0000241_1861_124.png,NORM,NONE,NONE,NONE
CDB_Sample125/jai_0000268_1972_1136.png,NORM,NONE,NONE,MALA
CDB_Sample030/jai_0000020_1561_91.png,NORM,ECHI,NONE,NONE
EH5_Siemens083/jai_0000013_1163_813.png,NORM,NONE,HYPO,NONE
CDB_Sample012/jai_0000114_158_927.png,NORM,NONE,NONE,NONE
EH5_Siemens012/jai_0000043_1432_839.png,NORM,NONE,NONE,NRBC
CDB_Sample156/jai_0000264_1518_962.png,NORM,HELM,NONE,NONE
EH5_Siemens008/jai_0001437_841_350.png,NORM,BITE,NONE,NONE
EH5_Siemens083/jai_0001472_1503_124.png,NORM,NONE,NONE,NONE
CDB_Sample189/jai_0000038_751_204.png,NORM,NONE,NONE,"HOJO, RETI"
EH5_Siemens012/jai_0001353_1286_1185.png,NORM,HELM,NONE,"BAST, HOJO"
CDB_Sample156/jai_0000608_129_1403.png,NORM,ECHI,NONE,NONE
CDB_Sample030/jai_0000140_269_570.png,MICR,NONE,NONE,NONE
EH5_Siemens013/jai_0001114_1007_1452.png,NORM,TEAR,NONE,NONE
CDB_Sample012/jai_0000116_72_394.png,NORM,NONE,NONE,BAST
EH5_Siemens029/jai_0000692_1430_1356.png,NORM,NONE,HYPO,NONE
EH5_Siemens037/jai_0000092_167_368.png,NORM,NONE,NONE,NONE
EH5_Siemens012/jai_0000951_513_920.png,NORM,NONE,NONE,"BAST, HOJO, RETI"
CDB_Sample189/jai_0000034_1060_726.png,NORM,NONE,NONE,HOJO
EH5_Siemens008/jai_0001392_1715_102.png,MICR,SPHE,NONE,NONE
EH5_Siemens012/jai_0001441_1608_1178.png,NORM,OVAL,HYPO,NONE
EH5_Siemens008/jai_0000595_418_508.png,NORM,NONE,NONE,NONE
EH5_Siemens083/jai_0000016_1288_1223.png,NORM,NONE,HYPO,NONE
EH5_Siemens012/jai_0000019_1465_145.png,NORM,NONE,TARG,NONE
EH5_Siemens045/jai_0000136_991_377.png,NORM,HELM,NONE,NONE
EH5_Siemens041/jai_0001262_312_618.png,NORM,HELM,NONE,NONE
EH5_Siemens029/jai_0000052_497_1206.png,NORM,NONE,NONE,NONE
EH5_Siemens012/jai_0000264_1196_1287.png,NORM,NONE,NONE,"BAST, HOJO, RETI"
CDB_Sample012/jai_0000031_1423_1131.png,NORM,NONE,NONE,NONE
EH5_Siemens012/jai_0000043_908_1424.png,NORM,NONE,NONE,NRBC
CDB_Sample125/jai_0000009_1663_1130.png,NORM,NONE,NONE,NONE
EH5_Siemens037/jai_0000142_766_963.png,NORM,NONE,TARG,NONE
EH5_Siemens008/jai_0000150_1000_379.png,NORM,NONE,NONE,NONE
EH5_Siemens012/jai_0001437_654_1314.png,NORM,OVAL,NONE,"BAST, HOJO"
CDB_Sample189/jai_0000121_1610_560.png,NORM,NONE,NONE,PABO
EH5_Siemens029/jai_0000133_95_1413.png,NORM,NONE,NONE,NONE
CDB_Sample189/jai_0000034_527_1150.png,NORM,SICK,NONE,NONE
EH5_Siemens037/jai_0000312_1391_163.png,MACR,NONE,HYPO,NONE
CDB_Sample012/jai_0000105_53_1202.png,NORM,NONE,NONE,NONE
EH5_Siemens012/jai_0000044_69_126.png,NORM,NONE,NONE,NRBC
CDB_Sample189/jai_0000165_710_1330.png,MICR,NONE,NONE,PABO
EH5_Siemens037/jai_0000526_1582_502.png,NORM,NONE,NONE,NONE
EH5_Siemens003/jai_0000278_1475_1244.png,NORM,NONE,NONE,NONE
EH5_Siemens029/jai_0000133_790_938.png,MICR,NONE,NONE,NONE
CDB_Sample012/jai_0000070_1870_915.png,MICR,NONE,NONE,NONE
CDB_Sample012/jai_0000070_1040_576.png,MICR,NONE,NONE,NONE
CDB_Sample030/jai_0000013_1184_890.png,MICR,NONE,NONE,NONE
EH5_Siemens083/jai_0000058_791_386.png,NORM,OVAL,NONE,RETI
EH5_Siemens003/jai_0000278_1595_242.png,NORM,NONE,NONE,NONE
CDB_Sample189/jai_0000247_788_269.png,NORM,NONE,NONE,PABO
CDB_Sample189/jai_0000373_543_513.png,NORM,NONE,NONE,PABO
CDB_Sample030/jai_0000062_1255_495.png,NORM,ECHI,HYPO,NONE
EH5_Siemens012/jai_0000003_660_213.png,NORM,NONE,NONE,"BAST, RETI"
EH5_Siemens012/jai_0000264_1196_1287.png,NORM,NONE,NONE,"BAST, HOJO, RETI"
EH5_Siemens012/jai_0000264_507_622.png,NORM,NONE,NONE,"BAST, RETI"
CDB_Sample189/jai_0000123_1918_253.png,NORM,NONE,NONE,PABO
CDB_Sample012/jai_0000117_1915_807.png,NORM,NONE,HYPO,NONE
CDB_Sample156/jai_0000097_1159_757.png,NORM,NONE,NONE,NONE
CDB_Sample189/jai_0000121_22_625.png,NORM,SICK,NONE,RETI
EH5_Siemens012/jai_0001437_654_1314.png,NORM,OVAL,NONE,"BAST, HOJO"
EH5_Siemens012/jai_0000264_1196_1287.png,NORM,NONE,NONE,"BAST, HOJO, RETI"
EH5_Siemens012/jai_0000182_76_564.png,NORM,NONE,TARG,NONE
EH5_Siemens029/jai_0000655_1270_321.png,NORM,TEAR,NONE,NONE
CDB_Sample156/jai_0000097_1858_723.png,NORM,NONE,NONE,HOJO
EH5_Siemens013/jai_0000588_1244_445.png,NORM,NONE,NONE,RETI
EH5_Siemens012/jai_0001268_1072_216.png,MICR,OVAL,NONE,"HOJO, RETI"
EH5_Siemens013/jai_0000074_1085_96.png,NORM,NONE,NONE,NONE
EH5_Siemens012/jai_0000264_1196_1287.png,NORM,NONE,NONE,"BAST, HOJO, RETI"
CDB_Sample030/jai_0000142_299_588.png,NORM,OVAL,HYPO,NONE
EH5_Siemens029/jai_0000828_288_267.png,NORM,NONE,HYPO,NONE
EH5_Siemens029/jai_0000439_734_1121.png,NORM,NONE,NONE,NONE
EH5_Siemens012/jai_0000019_363_1280.png,NORM,NONE,HYPO,NONE
EH5_Siemens041/jai_0001173_534_128.png,NORM,HELM,NONE,NONE
CDB_Sample030/jai_0000057_317_401.png,MICR,NONE,NONE,NONE
EH5_Siemens012/jai_0000139_490_1333.png,NORM,NONE,NONE,"BAST, RETI"
CDB_Sample156/jai_0000269_1660_347.png,NORM,NONE,NONE,NONE
EH5_Siemens083/jai_0000015_394_250.png,MICR,NONE,NONE,NONE
CDB_Sample189/jai_0000163_722_1266.png,NORM,NONE,NONE,HOJO
EH5_Siemens012/jai_0001268_1072_216.png,MICR,OVAL,NONE,"HOJO, RETI"
EH5_Siemens012/jai_0000179_1624_801.png,NORM,NONE,HYPO,NONE
EH5_Siemens041/jai_0000357_598_1145.png,MICR,SCHI,NONE,NONE
CDB_Sample189/jai_0000246_1195_211.png,NORM,SICK,NONE,NONE
CDB_Sample012/jai_0000113_770_516.png,MICR,NONE,NONE,NONE
EH5_Siemens008/jai_0000595_1963_33.png,NORM,NONE,NONE,NONE
CDB_Sample156/jai_0000180_738_1229.png,NORM,ACAN,NONE,NONE
CDB_Sample125/jai_0000181_1323_158.png,NORM,NONE,NONE,NONE
EH5_Siemens013/jai_0001193_1953_1334.png,NORM,TEAR,NONE,NONE
CDB_Sample189/jai_0000033_988_601.png,NORM,NONE,NONE,PABO
EH5_Siemens003/jai_0000236_1290_427.png,NORM,NONE,NONE,NONE
EH5_Siemens037/jai_0000142_1949_1292.png,NORM,ECHI,NONE,NONE
CDB_Sample189/jai_0000246_1501_492.png,NORM,NONE,NONE,PABO
EH5_Siemens029/jai_0000479_1972_65.png,MACR,NONE,NONE,NONE
EH5_Siemens083/jai_0000185_925_1146.png,NORM,OVAL,HYPO,NONE
EH5_Siemens037/jai_0000568_684_171.png,NORM,ECHI,NONE,NONE
CDB_Sample189/jai_0000115_657_598.png,NORM,NONE,NONE,HOJO
CDB_Sample030/jai_0000011_449_310.png,NORM,ELLI,NONE,NONE
EH5_Siemens013/jai_0000158_57_1240.png,NORM,TEAR,NONE,NONE
EH5_Siemens029/jai_0000568_291_934.png,NORM,NONE,NONE,NONE
EH5_Siemens045/jai_0000009_1792_609.png,MICR,SCHI,NONE,NONE
CDB_Sample125/jai_0000267_786_158.png,NORM,NONE,HYPO,NONE
CDB_Sample189/jai_0000247_608_771.png,NORM,NONE,NONE,HOJO
CDB_Sample189/jai_0000245_1621_1131.png,NORM,NONE,STOM,NONE
CDB_Sample125/jai_0000354_725_1125.png,NORM,ECHI,NONE,NONE
CDB_Sample189/jai_0000117_497_104.png,NORM,NONE,NONE,PABO
CDB_Sample030/jai_0000189_1640_986.png,MICR,NONE,NONE,NONE
EH5_Siemens012/jai_0001353_1286_1185.png,NORM,HELM,NONE,"BAST, HOJO"
CDB_Sample189/jai_0000372_586_835.png,NORM,SICK,NONE,NONE
CDB_Sample189/jai_0000162_1355_1268.png,NORM,NONE,NONE,HOJO
EH5_Siemens083/jai_0001472_182_465.png,NORM,NONE,STOM,RETI
CDB_Sample030/jai_0000139_1415_53.png,MICR,NONE,NONE,NONE
EH5_Siemens041/jai_0001349_1850_1369.png,MICR,SCHI,NONE,NONE
EH5_Siemens012/jai_0000147_1624_912.png,MICR,SCHI,NONE,NONE
CDB_Sample189/jai_0000335_582_235.png,NORM,NONE,NONE,RETI
CDB_Sample189/jai_0000035_1175_773.png,NORM,NONE,NONE,PABO
EH5_Siemens029/jai_0000052_394_263.png,NORM,ECHI,NONE,NONE
EH5_Siemens083/jai_0000060_407_1061.png,MACR,NONE,TARG,RETI
CDB_Sample125/jai_0000224_1521_229.png,NORM,NONE,NONE,NONE
EH5_Siemens013/jai_0000413_1895_420.png,NORM,NONE,NONE,RETI
EH5_Siemens083/jai_0000060_394_955.png,NORM,NONE,STOM,NONE
EH5_Siemens037/jai_0000657_1064_307.png,NORM,NONE,NONE,NONE
EH5_Siemens012/jai_0000044_69_126.png,NORM,NONE,NONE,NRBC
EH5_Siemens008/jai_0001525_1450_903.png,NORM,NONE,HYPR,NONE
EH5_Siemens013/jai_0001064_1184_906.png,NORM,NONE,NONE,NONE
EH5_Siemens012/jai_0001268_1072_216.png,MICR,OVAL,NONE,"HOJO, RETI"
EH5_Siemens012/jai_0000019_1239_1010.png,NORM,NONE,HYPO,NONE
CDB_Sample030/jai_0000014_1056_953.png,NORM,ELLI,NONE,NONE
EH5_Siemens037/jai_0000656_1537_1370.png,NORM,NONE,HYPO,NONE
CDB_Sample030/jai_0000146_180_1185.png,MICR,SPHE,NONE,NONE
EH5_Siemens012/jai_0000130_1819_748.png,NORM,NONE,NONE,"BAST, RETI"
EH5_Siemens013/jai_0001067_410_566.png,MICR,NONE,NONE,NONE
EH5_Siemens083/jai_0000142_1605_241.png,MACR,NONE,NONE,BAST
EH5_Siemens012/jai_0000019_1844_1355.png,NORM,NONE,STOM,NONE
EH5_Siemens037/jai_0000613_811_1196.png,NORM,NONE,NONE,RETI
CDB_Sample125/jai_0000053_1066_1375.png,NORM,NONE,NONE,MALA
CDB_Sample030/jai_0000146_47_1203.png,NORM,TEAR,NONE,NONE
CDB_Sample030/jai_0000272_1511_101.png,NORM,NONE,NONE,NONE
EH5_Siemens008/jai_0001145_1017_1384.png,NORM,NONE,NONE,NONE
EH5_Siemens012/jai_0001353_1286_1185.png,NORM,HELM,NONE,"BAST, HOJO"
CDB_Sample189/jai_0000294_856_1078.png,NORM,NONE,HYPO,NONE
EH5_Siemens012/jai_0000192_826_1181.png,NORM,NONE,HYPO,"BAST, RETI"
EH5_Siemens083/jai_0000098_950_417.png,MACR,NONE,HYPR,RETI
EH5_Siemens013/jai_0000413_353_1074.png,NORM,TEAR,NONE,NONE
EH5_Siemens012/jai_0000264_1196_1287.png,NORM,NONE,NONE,"BAST, HOJO, RETI"
EH5_Siemens012/jai_0001599_995_346.png,MICR,NONE,NONE,BAST
EH5_Siemens013/jai_0001193_902_614.png,MICR,NONE,NONE,NONE
EH5_Siemens012/jai_0000147_988_896.png,NORM,NONE,NONE,NONE
CDB_Sample030/jai_0000147_1621_1405.png,NORM,OVAL,HYPO,NONE
CDB_Sample030/jai_0000148_680_1066.png,MICR,NONE,NONE,NONE
EH5_Siemens008/jai_0000146_1336_1361.png,NORM,OVAL,NONE,NONE
EH5_Siemens083/jai_0000060_1411_1085.png,MICR,NONE,HYPO,NONE
EH5_Siemens012/jai_0000951_513_920.png,NORM,NONE,NONE,"BAST, HOJO, RETI"
CDB_Sample189/jai_0000372_1529_608.png,NORM,NONE,STOM,NONE
CDB_Sample189/jai_0000115_1328_266.png,NORM,SICK,NONE,NONE
CDB_Sample125/jai_0000180_1398_918.png,NORM,NONE,NONE,NONE
CDB_Sample156/jai_0000181_438_629.png,NORM,ECHI,NONE,NONE
EH5_Siemens029/jai_0000695_70_432.png,NORM,TEAR,NONE,NONE
CDB_Sample012/jai_0000027_1559_955.png,NORM,NONE,NONE,NONE
EH5_Siemens012/jai_0001603_102_646.png,MICR,NONE,NONE,BAST
EH5_Siemens029/jai_0000828_195_478.png,NORM,NONE,NONE,BAST
EH5_Siemens029/jai_0000439_1454_895.png,NORM,OVAL,NONE,NONE
CDB_Sample125/jai_0000317_1777_151.png,NORM,NONE,NONE,NONE
CDB_Sample125/jai_0000057_1677_1103.png,NORM,ECHI,NONE,NONE
EH5_Siemens029/jai_0000353_1076_85.png,NORM,NONE,HYPR,NONE
EH5_Siemens029/jai_0000569_332_686.png,NORM,TEAR,NONE,NONE
CDB_Sample030/jai_0000273_1126_810.png,NORM,TEAR,NONE,NONE
EH5_Siemens013/jai_0001064_147_668.png,MICR,NONE,NONE,NONE
CDB_Sample012/jai_0000117_1333_783.png,MICR,NONE,NONE,NONE
EH5_Siemens012/jai_0000019_951_385.png,NORM,NONE,HYPR,NONE
CDB_Sample125/jai_0000264_648_232.png,NORM,NONE,HYPR,NONE
CDB_Sample156/jai_0000650_1081_476.png,NORM,ECHI,NONE,NONE
CDB_Sample156/jai_0000094_1642_304.png,NORM,ACAN,NONE,NONE
CDB_Sample156/jai_0000392_1480_1370.png,NORM,NONE,NONE,MALA
EH5_Siemens013/jai_0000544_938_1339.png,NORM,NONE,HYPR,NONE
CDB_Sample189/jai_0000038_751_204.png,NORM,NONE,NONE,"HOJO, RETI"
CDB_Sample012/jai_0000198_606_420.png,NORM,NONE,NONE,RETI
CDB_Sample125/jai_0000266_1176_655.png,NORM,NONE,STOM,NONE
EH5_Siemens083/jai_0000184_613_774.png,MICR,NONE,NONE,"BAST, RETI"
CDB_Sample189/jai_0000249_1154_389.png,NORM,NONE,NONE,RETI
CDB_Sample125/jai_0000053_1133_1095.png,NORM,NONE,NONE,NONE
CDB_Sample189/jai_0000378_1193_1080.png,NORM,NONE,NONE,PABO
CDB_Sample156/jai_0000605_773_310.png,NORM,ECHI,NONE,NONE
CDB_Sample030/jai_0000062_354_1208.png,NORM,NONE,NONE,NONE
EH5_Siemens037/jai_0000527_1217_151.png,NORM,ACAN,NONE,NONE
EH5_Siemens012/jai_0001437_654_1314.png,NORM,OVAL,NONE,"BAST, HOJO"
CDB_Sample012/jai_0000193_1772_832.png,NORM,NONE,STOM,NONE
EH5_Siemens012/jai_0000192_1881_433.png,MACR,NONE,HYPO,NONE
EH5_Siemens003/jai_0000872_1453_532.png,NORM,NONE,NONE,NONE
CDB_Sample125/jai_0000267_884_331.png,NORM,NONE,HYPO,NONE
EH5_Siemens012/jai_0000019_666_1020.png,NORM,OVAL,NONE,NONE
EH5_Siemens039/jai_0000352_1667_807.png,NORM,HELM,NONE,NONE
EH5_Siemens013/jai_0000414_76_35.png,NORM,TEAR,NONE,NONE
EH5_Siemens003/jai_0000980_1723_552.png,NORM,NONE,HYPO,NONE
CDB_Sample156/jai_0000179_387_785.png,NORM,ECHI,NONE,NONE
CDB_Sample156/jai_0000392_1922_198.png,NORM,ECHI,NONE,NONE
CDB_Sample012/jai_0000107_993_1161.png,MICR,SPHE,NONE,NONE
CDB_Sample189/jai_0000115_1288_566.png,NORM,NONE,NONE,NONE
EH5_Siemens013/jai_0000071_219_1451.png,NORM,NONE,NONE,NONE
EH5_Siemens083/jai_0000180_1223_976.png,NORM,OVAL,NONE,NONE
CDB_Sample189/jai_0000247_788_269.png,NORM,NONE,NONE,PABO
EH5_Siemens012/jai_0000187_1025_815.png,NORM,NONE,NONE,NRBC
CDB_Sample030/jai_0000143_890_1046.png,NORM,NONE,NONE,NONE
EH5_Siemens012/jai_0000264_1196_1287.png,NORM,NONE,NONE,"BAST, HOJO, RETI"
CDB_Sample189/jai_0000245_290_415.png,NORM,SICK,NONE,NONE
EH5_Siemens012/jai_0000905_818_121.png,NORM,NONE,TARG,NONE
EH5_Siemens012/jai_0000836_207_898.png,NORM,NONE,NONE,NRBC
EH5_Siemens012/jai_0000147_972_832.png,MICR,NONE,NONE,BAST
EH5_Siemens003/jai_0000920_1485_276.png,NORM,NONE,NONE,RETI
CDB_Sample030/jai_0000185_556_494.png,NORM,NONE,NONE,NONE
CDB_Sample012/jai_0000025_314_582.png,NORM,NONE,NONE,NONE
EH5_Siemens008/jai_0001612_713_62.png,NORM,NONE,HYPO,NONE
CDB_Sample012/jai_0000113_1183_1049.png,NORM,NONE,NONE,NONE
EH5_Siemens083/jai_0000223_809_1109.png,NORM,ACAN,NONE,NONE
CDB_Sample030/jai_0000235_961_834.png,NORM,NONE,NONE,NONE
EH5_Siemens083/jai_0000309_585_487.png,NORM,NONE,HYPO,RETI
CDB_Sample189/jai_0000246_1195_211.png,NORM,SICK,NONE,NONE
EH5_Siemens012/jai_0001268_1072_216.png,MICR,OVAL,NONE,"HOJO, RETI"
EH5_Siemens029/jai_0000654_1229_464.png,NORM,NONE,NONE,NONE
EH5_Siemens012/jai_0000951_513_920.png,NORM,NONE,NONE,"BAST, HOJO, RETI"
EH5_Siemens029/jai_0000828_130_295.png,NORM,NONE,NONE,RETI
CDB_Sample156/jai_0000264_540_129.png,NORM,ECHI,NONE,NONE
EH5_Siemens003/jai_0000920_1970_1345.png,NORM,NONE,NONE,RETI
CDB_Sample030/jai_0000274_282_1263.png,MICR,SPHE,NONE,NONE
CDB_Sample125/jai_0000094_802_768.png,NORM,ECHI,NONE,NONE
CDB_Sample030/jai_0000142_1489_1227.png,MICR,NONE,NONE,NONE
EH5_Siemens012/jai_0001353_1286_1185.png,NORM,HELM,NONE,"BAST, HOJO"
EH5_Siemens012/jai_0000019_1373_166.png,NORM,NONE,HYPO,NONE
EH5_Siemens037/jai_0000399_900_314.png,NORM,ACAN,NONE,NONE
EH5_Siemens037/jai_0000653_670_1291.png,NORM,ECHI,NONE,NONE
EH5_Siemens029/jai_0000398_1967_1423.png,NORM,NONE,NONE,NONE
EH5_Siemens037/jai_0000009_508_742.png,NORM,NONE,NONE,HOJO
EH5_Siemens008/jai_0001437_841_350.png,NORM,BITE,NONE,NONE
CDB_Sample030/jai_0000145_498_583.png,NORM,NONE,HYPO,NONE
CDB_Sample125/jai_0000268_1335_113.png,NORM,NONE,NONE,MALA
EH5_Siemens012/jai_0000487_533_1323.png,MICR,NONE,NONE,"BAST, RETI"
EH5_Siemens013/jai_0000588_746_622.png,NORM,TEAR,NONE,NONE
EH5_Siemens012/jai_0000136_1158_1154.png,NORM,NONE,TARG,NONE
CDB_Sample156/jai_0000308_552_43.png,NORM,ECHI,NONE,NONE
CDB_Sample030/jai_0000013_558_997.png,NORM,OVAL,NONE,NONE
CDB_Sample189/jai_0000035_1175_773.png,NORM,NONE,NONE,PABO
EH5_Siemens012/jai_0001268_1072_216.png,MICR,OVAL,NONE,"HOJO, RETI"
CDB_Sample156/jai_0000307_965_200.png,NORM,NONE,NONE,NONE
CDB_Sample030/jai_0000140_1712_591.png,NORM,NONE,HYPR,NONE
EH5_Siemens012/jai_0000147_1682_374.png,NORM,NONE,NONE,NRBC
EH5_Siemens029/jai_0000479_1116_1028.png,NORM,NONE,NONE,RETI
CDB_Sample189/jai_0000373_627_831.png,NORM,NONE,NONE,PABO
CDB_Sample156/jai_0000097_1858_723.png,NORM,NONE,NONE,HOJO
EH5_Siemens083/jai_0000016_1553_774.png,NORM,NONE,HYPO,NONE
EH5_Siemens083/jai_0000185_1617_949.png,NORM,NONE,HYPR,NONE
EH5_Siemens029/jai_0000479_1819_733.png,MICR,NONE,NONE,NONE
CDB_Sample012/jai_0000149_1503_73.png,NORM,NONE,NONE,NONE
EH5_Siemens013/jai_0000847_1750_943.png,NORM,NONE,NONE,NONE
EH5_Siemens013/jai_0000588_1321_1244.png,NORM,NONE,HYPR,NONE
EH5_Siemens012/jai_0000358_454_691.png,NORM,NONE,NONE,BAST
CDB_Sample189/jai_0000247_788_269.png,NORM,NONE,NONE,PABO
CDB_Sample125/jai_0000051_132_627.png,NORM,NONE,NONE,MALA
CDB_Sample156/jai_0000395_1668_745.png,NORM,ACAN,NONE,NONE
EH5_Siemens014/jai_0000194_1679_1219.png,NORM,HELM,NONE,NONE
CDB_Sample125/jai_0000316_1223_154.png,NORM,ECHI,NONE,NONE
EH5_Siemens037/jai_0000611_216_415.png,NORM,OVAL,NONE,NONE
CDB_Sample189/jai_0000038_751_204.png,NORM,NONE,NONE,"HOJO, RETI"
CDB_Sample189/jai_0000035_1049_726.png,NORM,NONE,NONE,NONE
CDB_Sample030/jai_0000233_64_956.png,NORM,OVAL,HYPO,NONE
EH5_Siemens012/jai_0000951_513_920.png,NORM,NONE,NONE,"BAST, HOJO, RETI"
EH5_Siemens083/jai_0000185_1043_288.png,NORM,NONE,NONE,"BAST, RETI"
CDB_Sample156/jai_0000137_1279_934.png,NORM,ACAN,NONE,NONE
CDB_Sample012/jai_0000064_1311_782.png,NORM,NONE,NONE,RETI
EH5_Siemens012/jai_0000951_513_920.png,NORM,NONE,NONE,"BAST, HOJO, RETI"
EH5_Siemens012/jai_0000043_1432_839.png,NORM,NONE,NONE,NRBC
CDB_Sample189/jai_0000035_1534_1246.png,NORM,NONE,NONE,RETI
EH5_Siemens029/jai_0000525_60_147.png,NORM,NONE,NONE,NONE
CDB_Sample030/jai_0000272_513_1003.png,NORM,NONE,NONE,NONE
EH5_Siemens008/jai_0000277_794_1082.png,MICR,SPHE,NONE,NONE
CDB_Sample125/jai_0000095_684_329.png,NORM,NONE,NONE,MALA
EH5_Siemens037/jai_0000009_1201_323.png,NORM,NONE,HYPO,NONE
CDB_Sample030/jai_0000233_138_95.png,NORM,NONE,NONE,BAST
EH5_Siemens029/jai_0000396_1852_505.png,NORM,NONE,HYPO,NONE
EH5_Siemens008/jai_0000595_558_137.png,NORM,NONE,NONE,NONE
CDB_Sample189/jai_0000121_22_625.png,NORM,SICK,NONE,RETI
EH5_Siemens008/jai_0000188_983_1166.png,NORM,NONE,NONE,NONE
EH5_Siemens013/jai_0000413_140_140.png,NORM,NONE,NONE,NONE
EH5_Siemens013/jai_0000119_641_979.png,NORM,NONE,NONE,NONE
EH5_Siemens013/jai_0000889_1602_373.png,NORM,NONE,NONE,NONE
CDB_Sample156/jai_0000137_967_688.png,NORM,ECHI,NONE,NONE
CDB_Sample030/jai_0000018_412_595.png,MICR,NONE,NONE,NONE
CDB_Sample156/jai_0000608_1859_794.png,NORM,ECHI,NONE,NONE
EH5_Siemens012/jai_0001353_1286_1185.png,NORM,HELM,NONE,"BAST, HOJO"
EH5_Siemens012/jai_0001353_1286_1185.png,NORM,HELM,NONE,"BAST, HOJO"
EH5_Siemens013/jai_0000847_429_457.png,NORM,NONE,NONE,NONE
EH5_Siemens037/jai_0000656_778_193.png,MACR,NONE,NONE,NONE
EH5_Siemens037/jai_0000009_1657_488.png,NORM,ECHI,NONE,NONE
EH5_Siemens012/jai_0001353_1286_1185.png,NORM,HELM,NONE,"BAST, HOJO"
EH5_Siemens012/jai_0000044_69_126.png,NORM,NONE,NONE,NRBC
CDB_Sample189/jai_0000161_1480_272.png,NORM,NONE,NONE,HOJO
EH5_Siemens029/jai_0000692_1875_367.png,MICR,NONE,NONE,NONE
EH5_Siemens012/jai_0000019_343_783.png,MACR,NONE,HYPO,HOJO
EH5_Siemens014/jai_0000018_1364_849.png,NORM,HELM,NONE,NONE
CDB_Sample030/jai_0000148_209_218.png,NORM,ELLI,NONE,NONE
EH5_Siemens083/jai_0000098_1175_66.png,MICR,NONE,NONE,NONE
EH5_Siemens037/jai_0000611_1680_606.png,NORM,ECHI,NONE,NONE
EH5_Siemens012/jai_0000136_1212_498.png,NORM,NONE,TARG,NONE
EH5_Siemens013/jai_0000327_1095_1003.png,NORM,NONE,HYPR,NONE
EH5_Siemens012/jai_0000347_1486_1215.png,MICR,NONE,NONE,"BAST, RETI"
EH5_Siemens037/jai_0000092_1826_131.png,NORM,NONE,NONE,HOJO
EH5_Siemens013/jai_0000969_647_279.png,MICR,NONE,NONE,NONE
CDB_Sample030/jai_0000101_244_317.png,NORM,OVAL,NONE,NONE
EH5_Siemens012/jai_0001512_564_319.png,NORM,NONE,TARG,BAST
EH5_Siemens037/jai_0000358_1248_140.png,NORM,NONE,NONE,HOJO
EH5_Siemens013/jai_0000798_642_1186.png,MICR,SPHE,NONE,NONE
EH5_Siemens029/jai_0000828_587_74.png,NORM,OVAL,NONE,NONE
EH5_Siemens083/jai_0001472_543_113.png,MACR,NONE,NONE,BAST
EH5_Siemens008/jai_0000621_426_924.png,NORM,NONE,NONE,NONE
EH5_Siemens013/jai_0000158_332_398.png,MICR,NONE,NONE,NONE
CDB_Sample156/jai_0000265_1937_1189.png,NORM,NONE,NONE,NONE
EH5_Siemens008/jai_0001186_1690_1102.png,NORM,NONE,NONE,NONE
EH5_Siemens012/jai_0000187_1025_815.png,NORM,NONE,NONE,NRBC
EH5_Siemens012/jai_0000395_1004_511.png,NORM,NONE,NONE,BAST
EH5_Siemens012/jai_0000264_1196_1287.png,NORM,NONE,NONE,"BAST, HOJO, RETI"
EH5_Siemens083/jai_0000098_516_56.png,NORM,NONE,HYPR,NONE
EH5_Siemens003/jai_0000744_539_1157.png,NORM,NONE,NONE,HOJO
CDB_Sample030/jai_0000235_1459_590.png,MICR,NONE,NONE,NONE
CDB_Sample030/jai_0000229_1411_841.png,NORM,TEAR,NONE,NONE
EH5_Siemens083/jai_0000182_1895_877.png,NORM,NONE,NONE,NONE
EH5_Siemens012/jai_0001477_753_715.png,NORM,NONE,NONE,"BAST, RETI"
CDB_Sample030/jai_0000103_1442_1308.png,NORM,OVAL,NONE,NONE
EH5_Siemens008/jai_0000188_564_834.png,NORM,NONE,NONE,NONE
CDB_Sample156/jai_0000266_1834_559.png,NORM,ACAN,NONE,NONE
EH5_Siemens012/jai_0000264_507_622.png,NORM,NONE,NONE,"BAST, RETI"
EH5_Siemens012/jai_0001603_490_1113.png,NORM,NONE,HYPO,NONE
EH5_Siemens003/jai_0000980_1469_199.png,NORM,NONE,NONE,NONE
CDB_Sample125/jai_0000059_995_1119.png,NORM,NONE,NONE,NONE
EH5_Siemens012/jai_0000264_1196_1287.png,NORM,NONE,NONE,"BAST, HOJO, RETI"
EH5_Siemens013/jai_0000072_840_276.png,NORM,NONE,NONE,NONE
EH5_Siemens037/jai_0000613_1649_672.png,NORM,NONE,NONE,NONE
EH5_Siemens029/jai_0000396_868_653.png,NORM,NONE,NONE,NONE
CDB_Sample189/jai_0000168_1623_806.png,NORM,NONE,NONE,HOJO
CDB_Sample030/jai_0000096_394_1152.png,NORM,NONE,NONE,NONE
EH5_Siemens083/jai_0000402_276_1397.png,NORM,ECHI,NONE,NONE
EH5_Siemens012/jai_0000046_960_237.png,NORM,NONE,TARG,NONE
EH5_Siemens045/jai_0000134_1405_145.png,MICR,SCHI,NONE,NONE
CDB_Sample125/jai_0000010_47_1218.png,NORM,NONE,NONE,MALA
EH5_Siemens012/jai_0000174_938_1403.png,NORM,NONE,NONE,NRBC
EH5_Siemens003/jai_0000242_732_211.png,NORM,NONE,NONE,NONE
EH5_Siemens037/jai_0000009_508_742.png,NORM,NONE,NONE,HOJO
EH5_Siemens037/jai_0000655_876_902.png,NORM,OVAL,NONE,NONE
EH5_Siemens029/jai_0000184_1537_456.png,NORM,NONE,NONE,NONE
CDB_Sample156/jai_0000268_620_92.png,NORM,ECHI,NONE,NONE
EH5_Siemens012/jai_0000059_556_89.png,NORM,NONE,HYPO,NONE
EH5_Siemens013/jai_0001114_1137_1308.png,NORM,TEAR,NONE,NONE
CDB_Sample189/jai_0000373_1889_295.png,NORM,NONE,NONE,NONE
CDB_Sample030/jai_0000019_746_727.png,NORM,NONE,NONE,NONE
EH5_Siemens013/jai_0001064_893_133.png,NORM,NONE,HYPO,NONE
EH5_Siemens012/jai_0000059_1192_1051.png,NORM,NONE,HYPO,NONE
CDB_Sample012/jai_0000027_88_351.png,NORM,NONE,STOM,NONE
EH5_Siemens008/jai_0001437_1110_227.png,NORM,BITE,NONE,NONE
EH5_Siemens012/jai_0000043_150_459.png,NORM,NONE,HYPR,NONE
EH5_Siemens008/jai_0000603_395_1329.png,NORM,NONE,NONE,NONE
CDB_Sample012/jai_0000065_921_1022.png,NORM,NONE,NONE,NONE
EH5_Siemens012/jai_0001477_753_715.png,NORM,NONE,NONE,"BAST, RETI"
EH5_Siemens037/jai_0000613_1932_773.png,MACR,NONE,NONE,NONE
EH5_Siemens013/jai_0000072_72_146.png,NORM,NONE,NONE,NONE
EH5_Siemens012/jai_0000995_442_1239.png,MICR,NONE,NONE,BAST
CDB_Sample189/jai_0000115_1328_266.png,NORM,SICK,NONE,NONE
CDB_Sample189/jai_0000114_1787_644.png,NORM,OVAL,HYPO,PABO
EH5_Siemens012/jai_0001512_779_1122.png,NORM,NONE,NONE,NRBC
CDB_Sample012/jai_0000064_1665_1002.png,NORM,TEAR,NONE,NONE
EH5_Siemens012/jai_0000003_667_641.png,NORM,NONE,HYPR,NONE
CDB_Sample189/jai_0000378_1193_1080.png,NORM,NONE,NONE,PABO
CDB_Sample189/jai_0000114_478_823.png,NORM,NONE,HYPO,PABO
CDB_Sample012/jai_0000063_1471_438.png,NORM,NONE,NONE,RETI
CDB_Sample125/jai_0000317_874_125.png,NORM,NONE,NONE,MALA
EH5_Siemens037/jai_0000611_1022_1074.png,NORM,ECHI,NONE,NONE
EH5_Siemens003/jai_0000980_1447_1154.png,NORM,NONE,NONE,NONE
EH5_Siemens013/jai_0000413_929_296.png,NORM,TEAR,NONE,NONE
EH5_Siemens083/jai_0001430_74_521.png,NORM,OVAL,NONE,NONE
CDB_Sample125/jai_0000274_137_428.png,NORM,ECHI,NONE,NONE
CDB_Sample189/jai_0000372_586_835.png,NORM,SICK,NONE,NONE
